date,kind,region,spot,h,swell,period,sdir,wind,wdir,gust,tide,score
2026-09-01,actual,phuket,naiharn,6,1.03,8.18,266.5,3.31,269.43,6.2,0.1,4.14
2026-09-01,actual,phuket,naiharn,7,1.02,8.23,266.75,2.94,271.61,6.05,0.16,4.37
2026-09-01,actual,phuket,naiharn,8,1.02,8.28,266.5,3.28,268.41,5.8,0.31,4.51
2026-09-01,actual,phuket,naiharn,9,1,8.73,261.77,3.4,265,5.55,0.51,5.01
2026-09-01,actual,phuket,naiharn,10,1,8.85,261.52,3.57,262.2,5.6,0.71,4.79
2026-09-01,actual,phuket,naiharn,11,1,8.95,261.27,3.7,259.4,5.5,0.86,4.55
2026-09-01,actual,phuket,naiharn,12,0.98,9.02,260.77,3.68,259.99,5.05,0.91,4.5
2026-09-01,actual,phuket,naiharn,13,0.98,9.1,260.77,3.58,256.41,5.6,0.86,4.63
2026-09-01,actual,phuket,naiharn,14,0.98,9.1,260.77,3.69,257.67,6.1,0.72,4.82
2026-09-01,actual,phuket,naiharn,15,0.98,9.05,260.52,3.8,261.56,5.75,0.52,4.99
2026-09-01,actual,phuket,naiharn,16,0.98,9.03,260.27,3.8,265.92,6,0.31,4.66
2026-09-01,actual,phuket,naiharn,17,1.02,9.07,260.27,3.11,272.11,6.1,0.16,4.68
2026-09-01,actual,phuket,naiharn,18,1.04,9.18,260.52,2.9,274.84,6.1,0.08,4.7
2026-09-01,actual,phuket,kata,6,1.03,8.18,268,3.31,269.43,6.2,0.1,5.61
2026-09-01,actual,phuket,kata,7,1.02,8.23,268.25,2.94,271.61,6.05,0.16,5.83
2026-09-01,actual,phuket,kata,8,1.02,8.28,268.25,3.28,268.41,5.8,0.31,5.98
2026-09-01,actual,phuket,kata,9,1,8.38,267.75,3.4,265,5.55,0.51,6.26
2026-09-01,actual,phuket,kata,10,1,8.43,267.5,3.57,262.2,5.6,0.71,6.03
2026-09-01,actual,phuket,kata,11,1,8.48,267,3.7,259.4,5.5,0.86,5.77
2026-09-01,actual,phuket,kata,12,0.98,8.5,266.75,3.68,259.99,5.05,0.91,5.66
2026-09-01,actual,phuket,kata,13,0.98,9.1,258.81,3.58,256.41,5.6,0.86,5.97
2026-09-01,actual,phuket,kata,14,0.98,9.1,258.81,3.69,257.67,6.1,0.72,6.15
2026-09-01,actual,phuket,kata,15,0.98,9.05,258.56,3.8,261.56,5.75,0.52,6.3
2026-09-01,actual,phuket,kata,16,0.98,9.03,258.32,3.8,265.92,6,0.31,5.96
2026-09-01,actual,phuket,kata,17,1.02,9.07,258.32,3.11,272.11,6.1,0.16,6.08
2026-09-01,actual,phuket,kata,18,1.04,9.18,258.57,2.9,274.84,6.1,0.08,6.15
2026-09-01,actual,phuket,patong,6,0.99,8.32,266.76,2.8,267.43,6.25,0.1,4.74
2026-09-01,actual,phuket,patong,7,0.98,8.45,267.01,2.75,270.2,6.3,0.17,4.89
2026-09-01,actual,phuket,patong,8,0.98,8.6,266.76,2.9,266.8,6.05,0.32,5.18
2026-09-01,actual,phuket,patong,9,0.97,8.78,266.51,3.21,264,5.55,0.52,5.47
2026-09-01,actual,phuket,patong,10,0.97,8.85,266,3.51,263.39,5.95,0.72,5.2
2026-09-01,actual,phuket,patong,11,0.97,8.9,265.76,3.7,262.2,6.35,0.86,4.95
2026-09-01,actual,phuket,patong,12,0.98,8.95,265.25,3.61,264,6.3,0.9,4.97
2026-09-01,actual,phuket,patong,13,0.98,9.18,257.54,3.61,261.79,6.65,0.86,5.06
2026-09-01,actual,phuket,patong,14,0.99,9.15,257.54,3.73,264.19,6.7,0.72,5.26
2026-09-01,actual,phuket,patong,15,0.98,9.07,257.29,3.9,269.38,6.5,0.51,5.33
2026-09-01,actual,phuket,patong,16,0.99,9.05,257.05,3.8,273.58,6.45,0.31,5.05
2026-09-01,actual,phuket,patong,17,1.03,9.1,257.05,3.11,277.69,6.45,0.15,5.2
2026-09-01,actual,phuket,patong,18,1.05,9.25,257.3,2.9,278.62,6.3,0.08,5.32
2026-09-01,actual,phuket,karon,6,1.02,8.2,268,3.31,269.43,6.2,0.1,4.42
2026-09-01,actual,phuket,karon,7,1.01,8.25,268.25,2.94,271.61,6.05,0.17,4.66
2026-09-01,actual,phuket,karon,8,1.01,8.32,268.25,3.28,268.41,5.8,0.32,4.85
2026-09-01,actual,phuket,karon,9,0.99,8.43,267.75,3.4,265,5.55,0.52,5.15
2026-09-01,actual,phuket,karon,10,0.99,8.48,267.5,3.57,262.2,5.6,0.72,5.44
2026-09-01,actual,phuket,karon,11,0.99,8.55,267,3.7,259.4,5.5,0.86,5.67
2026-09-01,actual,phuket,karon,12,0.98,8.57,266.75,3.68,259.99,5.05,0.9,5.74
2026-09-01,actual,phuket,karon,13,0.98,9.18,258.81,3.58,256.41,5.6,0.86,5.89
2026-09-01,actual,phuket,karon,14,0.98,9.18,258.81,3.69,257.67,6.1,0.72,5.61
2026-09-01,actual,phuket,karon,15,0.97,9.1,258.56,3.8,261.56,5.75,0.51,5.16
2026-09-01,actual,phuket,karon,16,0.97,9.07,258.32,3.8,265.92,6,0.31,4.79
2026-09-01,actual,phuket,karon,17,1.01,9.13,258.32,3.11,272.11,6.1,0.15,4.9
2026-09-01,actual,phuket,karon,18,1.04,9.2,258.57,2.9,274.84,6.1,0.08,4.98
2026-09-01,actual,phuket,katanoi,6,1.03,8.18,268,3.31,269.43,6.2,0.1,3.95
2026-09-01,actual,phuket,katanoi,7,1.02,8.23,268.25,2.94,271.61,6.05,0.16,4.17
2026-09-01,actual,phuket,katanoi,8,1.02,8.28,268.25,3.28,268.41,5.8,0.31,4.35
2026-09-01,actual,phuket,katanoi,9,1,8.38,267.75,3.4,265,5.55,0.51,4.64
2026-09-01,actual,phuket,katanoi,10,1,8.43,267.5,3.57,262.2,5.6,0.71,4.95
2026-09-01,actual,phuket,katanoi,11,1,8.48,267,3.7,259.4,5.5,0.86,5.17
2026-09-01,actual,phuket,katanoi,12,0.98,8.5,266.75,3.68,259.99,5.05,0.91,5.21
2026-09-01,actual,phuket,katanoi,13,0.98,9.1,258.81,3.58,256.41,5.6,0.86,5.4
2026-09-01,actual,phuket,katanoi,14,0.98,9.1,258.81,3.69,257.67,6.1,0.72,5.13
2026-09-01,actual,phuket,katanoi,15,0.98,9.05,258.56,3.8,261.56,5.75,0.52,4.72
2026-09-01,actual,phuket,katanoi,16,0.98,9.03,258.32,3.8,265.92,6,0.31,4.35
2026-09-01,actual,phuket,katanoi,17,1.02,9.07,258.32,3.11,272.11,6.1,0.16,4.48
2026-09-01,actual,phuket,katanoi,18,1.04,9.18,258.57,2.9,274.84,6.1,0.08,4.57
2026-09-01,actual,phuket,kalim,6,0.99,8.32,266.76,2.8,267.43,6.25,0.1,3.25
2026-09-01,actual,phuket,kalim,7,0.98,8.45,267.01,2.75,270.2,6.3,0.17,3.27
2026-09-01,actual,phuket,kalim,8,0.98,8.6,266.76,2.9,266.8,6.05,0.32,3.32
2026-09-01,actual,phuket,kalim,9,0.97,8.78,266.51,3.21,264,5.55,0.52,3.35
2026-09-01,actual,phuket,kalim,10,0.97,8.85,266,3.51,263.39,5.95,0.72,3.37
2026-09-01,actual,phuket,kalim,11,0.97,8.9,265.76,3.7,262.2,6.35,0.86,3.39
2026-09-01,actual,phuket,kalim,12,0.98,8.95,265.25,3.61,264,6.3,0.9,3.44
2026-09-01,actual,phuket,kalim,13,0.98,9.18,257.54,3.61,261.79,6.65,0.86,3.51
2026-09-01,actual,phuket,kalim,14,0.99,9.15,257.54,3.73,264.19,6.7,0.72,3.54
2026-09-01,actual,phuket,kalim,15,0.98,9.07,257.29,3.9,269.38,6.5,0.51,3.48
2026-09-01,actual,phuket,kalim,16,0.99,9.05,257.05,3.8,273.58,6.45,0.31,3.5
2026-09-01,actual,phuket,kalim,17,1.03,9.1,257.05,3.11,277.69,6.45,0.15,3.64
2026-09-01,actual,phuket,kalim,18,1.05,9.25,257.3,2.9,278.62,6.3,0.08,3.76
2026-09-01,actual,phuket,kamala,6,0.99,8.38,265.5,2.8,267.43,6.25,0.11,4.86
2026-09-01,actual,phuket,kamala,7,0.99,8.5,265.75,2.75,270,6.3,0.17,4.96
2026-09-01,actual,phuket,kamala,8,0.98,8.65,265.75,2.9,266.8,5.55,0.33,4.96
2026-09-01,actual,phuket,kamala,9,0.98,8.82,265.25,3.18,264.6,5.5,0.53,4.96
2026-09-01,actual,phuket,kamala,10,0.97,8.9,265,3.44,264.2,5.95,0.72,4.88
2026-09-01,actual,phuket,kamala,11,0.97,9.07,257.3,3.7,263,6.35,0.86,4.76
2026-09-01,actual,phuket,kamala,12,0.98,9.18,256.8,3.61,264.4,6.3,0.9,4.87
2026-09-01,actual,phuket,kamala,13,0.97,9.23,257.04,3.7,262.79,6.65,0.85,4.84
2026-09-01,actual,phuket,kamala,14,0.99,9.2,257.04,3.73,265.39,6.8,0.71,4.88
2026-09-01,actual,phuket,kamala,15,0.99,9.15,256.79,3.9,270.19,6.5,0.51,4.79
2026-09-01,actual,phuket,kamala,16,1.01,9.13,256.54,3.91,273.99,6.45,0.3,4.83
2026-09-01,actual,phuket,kamala,17,1.03,9.18,256.54,3.11,278.1,6.45,0.15,5.2
2026-09-01,actual,phuket,kamala,18,1.05,9.32,256.8,2.9,278.83,6.35,0.09,5.43
2026-09-01,actual,phuket,surin,6,0.99,8.38,265.5,2.8,267.83,6.25,0.11,4.61
2026-09-01,actual,phuket,surin,7,0.99,8.5,265.75,2.7,270.19,6.3,0.17,4.78
2026-09-01,actual,phuket,surin,8,0.98,8.65,265.75,2.9,265.6,5.55,0.33,5.01
2026-09-01,actual,phuket,surin,9,0.98,8.82,265.25,3.18,262.8,5.5,0.53,5.26
2026-09-01,actual,phuket,surin,10,0.97,8.9,265,3.42,263.6,5.95,0.72,4.97
2026-09-01,actual,phuket,surin,11,0.97,9.07,257.3,3.57,263.8,6.35,0.86,4.63
2026-09-01,actual,phuket,surin,12,0.98,9.18,256.8,3.61,265.19,6.3,0.9,4.6
2026-09-01,actual,phuket,surin,13,0.97,9.23,257.04,3.61,263.18,6.65,0.85,4.68
2026-09-01,actual,phuket,surin,14,0.99,9.2,257.04,3.69,265.59,6.8,0.71,4.93
2026-09-01,actual,phuket,surin,15,0.99,9.15,256.79,3.57,269.4,6.5,0.51,5.13
2026-09-01,actual,phuket,surin,16,1.01,9.13,256.54,3.47,272.61,6.45,0.3,4.88
2026-09-01,actual,phuket,surin,17,1.03,9.18,256.54,3.11,276.18,6.45,0.15,4.85
2026-09-01,actual,phuket,surin,18,1.05,9.32,256.8,2.9,275.78,6.35,0.09,4.97
2026-09-01,actual,phuket,bangtao,6,0.99,8.48,265,2.8,267.83,6.25,0.11,5.31
2026-09-01,actual,phuket,bangtao,7,0.99,8.6,265.25,2.7,270.19,6.3,0.17,5.42
2026-09-01,actual,phuket,bangtao,8,0.98,8.73,265,2.9,265.6,5.55,0.33,5.39
2026-09-01,actual,phuket,bangtao,9,0.98,8.82,264.75,3.18,262.8,5.5,0.53,5.35
2026-09-01,actual,phuket,bangtao,10,0.97,8.9,264.25,3.42,263.6,5.95,0.73,5.27
2026-09-01,actual,phuket,bangtao,11,0.97,9.18,256.54,3.57,263.8,6.35,0.86,5.25
2026-09-01,actual,phuket,bangtao,12,0.98,9.28,256.29,3.61,265.19,6.3,0.9,5.32
2026-09-01,actual,phuket,bangtao,13,0.97,9.32,256.54,3.61,263.18,6.65,0.85,5.32
2026-09-01,actual,phuket,bangtao,14,0.99,9.3,256.54,3.69,265.59,6.8,0.71,5.34
2026-09-01,actual,phuket,bangtao,15,0.99,9.25,256.03,3.57,269.4,6.5,0.5,5.34
2026-09-01,actual,phuket,bangtao,16,1.01,9.23,255.79,3.47,272.61,6.45,0.3,5.42
2026-09-01,actual,phuket,bangtao,17,1.02,9.27,255.79,3.11,276.18,6.45,0.15,5.6
2026-09-01,actual,phuket,bangtao,18,1.03,9.43,256.04,2.9,275.78,6.35,0.09,5.8
2026-09-01,actual,phuket,layan,6,0.99,8.48,265,2.8,267.83,6.25,0.11,5.28
2026-09-01,actual,phuket,layan,7,0.99,8.6,265.25,2.7,270.19,6.3,0.17,5.4
2026-09-01,actual,phuket,layan,8,0.98,8.73,265,2.9,265.6,5.55,0.33,5.38
2026-09-01,actual,phuket,layan,9,0.98,8.82,264.75,3.18,262.8,5.5,0.53,5.34
2026-09-01,actual,phuket,layan,10,0.97,8.9,264.25,3.42,263.6,5.95,0.73,5.26
2026-09-01,actual,phuket,layan,11,0.97,9.18,256.54,3.57,263.8,6.35,0.86,5.25
2026-09-01,actual,phuket,layan,12,0.98,9.28,256.29,3.61,265.19,6.3,0.9,5.33
2026-09-01,actual,phuket,layan,13,0.97,9.32,256.54,3.61,263.18,6.65,0.85,5.33
2026-09-01,actual,phuket,layan,14,0.99,9.3,256.54,3.69,265.59,6.8,0.71,5.36
2026-09-01,actual,phuket,layan,15,0.99,9.25,256.03,3.57,269.4,6.5,0.5,5.36
2026-09-01,actual,phuket,layan,16,1.01,9.23,255.79,3.47,272.61,6.45,0.3,5.45
2026-09-01,actual,phuket,layan,17,1.02,9.27,255.79,3.11,276.18,6.45,0.15,5.64
2026-09-01,actual,phuket,layan,18,1.03,9.43,256.04,2.9,275.78,6.35,0.09,5.86
2026-09-01,actual,phuket,naithon,6,0.99,8.48,265,2.8,269.64,6.1,0.11,5.41
2026-09-01,actual,phuket,naithon,7,0.99,8.6,265.25,2.7,272,5.75,0.17,5.62
2026-09-01,actual,phuket,naithon,8,0.98,8.73,265,2.9,267.01,5.55,0.33,5.85
2026-09-01,actual,phuket,naithon,9,0.98,8.82,264.75,3.18,263.2,5.55,0.53,6.12
2026-09-01,actual,phuket,naithon,10,0.97,8.9,264.25,3.28,263.2,5.8,0.73,5.84
2026-09-01,actual,phuket,naithon,11,0.97,9.18,256.54,3.54,262.59,6.35,0.86,5.57
2026-09-01,actual,phuket,naithon,12,0.98,9.28,256.29,3.61,264.38,6.3,0.9,5.57
2026-09-01,actual,phuket,naithon,13,0.97,9.32,256.54,3.4,262.78,6.65,0.85,5.72
2026-09-01,actual,phuket,naithon,14,0.99,9.3,256.54,3.69,265.19,6.7,0.71,5.9
2026-09-01,actual,phuket,naithon,15,0.99,9.25,256.03,3.57,269.4,6.5,0.5,6.09
2026-09-01,actual,phuket,naithon,16,1.01,9.23,255.79,3.47,272.41,6.45,0.3,5.84
2026-09-01,actual,phuket,naithon,17,1.02,9.27,255.79,3.11,275.78,6.45,0.15,5.78
2026-09-01,actual,phuket,naithon,18,1.03,9.43,256.04,2.9,275.18,6.35,0.09,5.89
2026-09-01,actual,phuket,naiyang,6,0.97,8.55,263.75,2.8,269.64,6.1,0.11,4.73
2026-09-01,actual,phuket,naiyang,7,0.97,9.13,257.78,2.7,272,5.75,0.18,5.15
2026-09-01,actual,phuket,naiyang,8,0.96,9.23,257.53,2.9,267.01,5.55,0.33,5.37
2026-09-01,actual,phuket,naiyang,9,0.96,9.32,257.02,3.18,263.2,5.55,0.54,5.67
2026-09-01,actual,phuket,naiyang,10,0.95,9.45,256.53,3.28,263.2,5.8,0.73,6
2026-09-01,actual,phuket,naiyang,11,0.95,9.57,256.53,3.54,262.59,6.35,0.87,6.22
2026-09-01,actual,phuket,naiyang,12,0.96,9.7,256.02,3.61,264.38,6.3,0.9,6.37
2026-09-01,actual,phuket,naiyang,13,0.95,9.75,256.27,3.4,262.78,6.65,0.85,6.35
2026-09-01,actual,phuket,naiyang,14,0.97,9.73,256.27,3.69,265.19,6.7,0.71,6.07
2026-09-01,actual,phuket,naiyang,15,0.98,9.65,255.78,3.57,269.4,6.5,0.51,5.75
2026-09-01,actual,phuket,naiyang,16,0.99,9.63,255.78,3.47,272.41,6.45,0.3,5.46
2026-09-01,actual,phuket,naiyang,17,1,9.65,255.78,3.11,275.78,6.45,0.15,5.38
2026-09-01,actual,phuket,naiyang,18,1,9.78,256.03,2.9,275.18,6.35,0.09,5.43
2026-09-01,actual,phuket,kl_khukkhak,6,0.97,7.38,259,1.5,243.69,3.35,0.11,5.76
2026-09-01,actual,phuket,kl_khukkhak,7,0.96,7.53,259,1.88,249.61,4.05,0.19,5.82
2026-09-01,actual,phuket,kl_khukkhak,8,0.96,7.7,258.75,2.02,244.41,3.95,0.35,6.12
2026-09-01,actual,phuket,kl_khukkhak,9,0.95,7.9,259,1.93,250.91,5.15,0.56,6.55
2026-09-01,actual,phuket,kl_khukkhak,10,0.95,8.07,259,2.15,255.35,5.65,0.75,6.28
2026-09-01,actual,phuket,kl_khukkhak,11,0.94,9.38,252.26,2.62,257.39,6.5,0.88,6.53
2026-09-01,actual,phuket,kl_khukkhak,12,0.93,9.48,252.26,2.66,255,7.35,0.91,6.49
2026-09-01,actual,phuket,kl_khukkhak,13,0.93,9.55,252.51,2.98,253.4,7.75,0.85,6.53
2026-09-01,actual,phuket,kl_khukkhak,14,0.93,9.55,252.51,3.04,254.6,7.3,0.71,6.73
2026-09-01,actual,phuket,kl_khukkhak,15,0.93,9.53,252.01,3.24,255.8,7.2,0.51,6.82
2026-09-01,actual,phuket,kl_khukkhak,16,0.93,9.52,252.01,3.24,255.6,6.7,0.29,6.48
2026-09-01,actual,phuket,kl_khukkhak,17,0.93,9.57,252.01,2.83,256.4,6.25,0.14,6.41
2026-09-01,actual,phuket,kl_khukkhak,18,0.93,9.65,252.01,2.32,257,5.5,0.09,6.55
2026-09-01,actual,khaolak,khukkhak,6,0.97,7.38,259,1.5,243.69,3.35,0.11,5.76
2026-09-01,actual,khaolak,khukkhak,7,0.96,7.53,259,1.88,249.61,4.05,0.19,5.82
2026-09-01,actual,khaolak,khukkhak,8,0.96,7.7,258.75,2.02,244.41,3.95,0.35,6.12
2026-09-01,actual,khaolak,khukkhak,9,0.95,7.9,259,1.93,250.91,5.15,0.56,6.55
2026-09-01,actual,khaolak,khukkhak,10,0.95,8.07,259,2.15,255.35,5.65,0.75,6.28
2026-09-01,actual,khaolak,khukkhak,11,0.94,9.38,252.26,2.62,257.39,6.5,0.88,6.53
2026-09-01,actual,khaolak,khukkhak,12,0.93,9.48,252.26,2.66,255,7.35,0.91,6.49
2026-09-01,actual,khaolak,khukkhak,13,0.93,9.55,252.51,2.98,253.4,7.75,0.85,6.53
2026-09-01,actual,khaolak,khukkhak,14,0.93,9.55,252.51,3.04,254.6,7.3,0.71,6.73
2026-09-01,actual,khaolak,khukkhak,15,0.93,9.53,252.01,3.24,255.8,7.2,0.51,6.82
2026-09-01,actual,khaolak,khukkhak,16,0.93,9.52,252.01,3.24,255.6,6.7,0.29,6.48
2026-09-01,actual,khaolak,khukkhak,17,0.93,9.57,252.01,2.83,256.4,6.25,0.14,6.41
2026-09-01,actual,khaolak,khukkhak,18,0.93,9.65,252.01,2.32,257,5.5,0.09,6.55
2026-09-01,actual,khaolak,pakarang,6,0.97,7.38,259,1.5,243.69,3.35,0.11,4.75
2026-09-01,actual,khaolak,pakarang,7,0.96,7.53,259,1.88,249.61,4.05,0.19,4.8
2026-09-01,actual,khaolak,pakarang,8,0.96,7.7,258.75,2.02,244.41,3.95,0.35,5.07
2026-09-01,actual,khaolak,pakarang,9,0.95,7.9,259,1.93,250.91,5.15,0.56,5.49
2026-09-01,actual,khaolak,pakarang,10,0.95,8.07,259,2.15,255.35,5.65,0.75,5.21
2026-09-01,actual,khaolak,pakarang,11,0.94,9.38,252.26,2.62,257.39,6.5,0.88,5.71
2026-09-01,actual,khaolak,pakarang,12,0.93,9.48,252.26,2.66,255,7.35,0.91,5.67
2026-09-01,actual,khaolak,pakarang,13,0.93,9.55,252.51,2.98,253.4,7.75,0.85,5.69
2026-09-01,actual,khaolak,pakarang,14,0.93,9.55,252.51,3.04,254.6,7.3,0.71,5.89
2026-09-01,actual,khaolak,pakarang,15,0.93,9.53,252.01,3.24,255.8,7.2,0.51,6
2026-09-01,actual,khaolak,pakarang,16,0.93,9.52,252.01,3.24,255.6,6.7,0.29,5.66
2026-09-01,actual,khaolak,pakarang,17,0.93,9.57,252.01,2.83,256.4,6.25,0.14,5.59
2026-09-01,actual,khaolak,pakarang,18,0.93,9.65,252.01,2.32,257,5.5,0.09,5.73
2026-09-01,actual,khaolak,bangniang,6,0.97,7.38,259,1.5,244.46,4.15,0.11,5.66
2026-09-01,actual,khaolak,bangniang,7,0.96,7.53,259,1.88,252.03,5.65,0.19,5.59
2026-09-01,actual,khaolak,bangniang,8,0.96,7.7,258.75,2.02,245.7,4.7,0.35,5.64
2026-09-01,actual,khaolak,bangniang,9,0.95,7.9,259,1.93,252.47,5.15,0.56,5.77
2026-09-01,actual,khaolak,bangniang,10,0.95,8.07,259,2.11,256.35,6.05,0.75,5.81
2026-09-01,actual,khaolak,bangniang,11,0.94,9.38,252.26,2.4,257.99,6.75,0.88,6.33
2026-09-01,actual,khaolak,bangniang,12,0.93,9.48,252.26,2.57,255.6,7.35,0.91,6.3
2026-09-01,actual,khaolak,bangniang,13,0.93,9.55,252.51,2.85,253,7.75,0.85,6.25
2026-09-01,actual,khaolak,bangniang,14,0.93,9.55,252.51,2.96,254.4,7.75,0.71,6.21
2026-09-01,actual,khaolak,bangniang,15,0.93,9.53,252.01,3.24,256.2,7.4,0.51,6.09
2026-09-01,actual,khaolak,bangniang,16,0.93,9.52,252.01,3.24,256.2,6.7,0.29,6.09
2026-09-01,actual,khaolak,bangniang,17,0.93,9.57,252.01,2.73,257.2,6.25,0.14,6.3
2026-09-01,actual,khaolak,bangniang,18,0.93,9.65,252.01,1.94,257.2,5.35,0.09,6.61
2026-09-01,actual,khaolak,nangthong,6,0.97,7.75,257.75,1.12,261.56,4.15,0.11,6.58
2026-09-01,actual,khaolak,nangthong,7,0.96,7.93,257.75,1.2,263.73,5.65,0.19,5.92
2026-09-01,actual,khaolak,nangthong,8,0.96,8.13,257.5,1.4,260.98,4.7,0.35,6.22
2026-09-01,actual,khaolak,nangthong,9,0.95,8.35,257.75,1.66,261.28,5.15,0.55,6.57
2026-09-01,actual,khaolak,nangthong,10,0.95,8.53,257.75,2.06,260.8,6.05,0.75,6.23
2026-09-01,actual,khaolak,nangthong,11,0.94,9.38,251,2.3,262.17,6.75,0.87,6.33
2026-09-01,actual,khaolak,nangthong,12,0.93,9.48,250.75,2.55,258.19,7.35,0.91,6.21
2026-09-01,actual,khaolak,nangthong,13,0.93,9.55,251,2.79,255.58,7.75,0.85,6.27
2026-09-01,actual,khaolak,nangthong,14,0.93,9.55,251,2.94,256.79,7.75,0.71,6.45
2026-09-01,actual,khaolak,nangthong,15,0.93,9.53,250.5,2.62,259.19,7.4,0.5,6.71
2026-09-01,actual,khaolak,nangthong,16,0.93,9.52,250.5,2.45,259.6,6.7,0.29,6.43
2026-09-01,actual,khaolak,nangthong,17,0.93,9.57,250.5,2.24,261.4,6.25,0.14,6.29
2026-09-01,actual,khaolak,nangthong,18,0.93,9.65,250.5,1.68,263.58,5.35,0.09,6.45
2026-09-01,actual,khaolak,pakweep,6,0.97,7.38,259,1.5,243.69,3.35,0.11,5.28
2026-09-01,actual,khaolak,pakweep,7,0.96,7.53,259,1.88,249.61,4.05,0.19,5.21
2026-09-01,actual,khaolak,pakweep,8,0.96,7.7,258.75,2.02,244.41,3.95,0.35,5.27
2026-09-01,actual,khaolak,pakweep,9,0.95,7.9,259,1.93,250.91,5.15,0.56,5.39
2026-09-01,actual,khaolak,pakweep,10,0.95,8.07,259,2.15,255.35,5.65,0.75,5.42
2026-09-01,actual,khaolak,pakweep,11,0.94,9.38,252.26,2.62,257.39,6.5,0.88,5.89
2026-09-01,actual,khaolak,pakweep,12,0.93,9.48,252.26,2.66,255,7.35,0.91,5.9
2026-09-01,actual,khaolak,pakweep,13,0.93,9.55,252.51,2.98,253.4,7.75,0.85,5.84
2026-09-01,actual,khaolak,pakweep,14,0.93,9.55,252.51,3.04,254.6,7.3,0.71,5.82
2026-09-01,actual,khaolak,pakweep,15,0.93,9.53,252.01,3.24,255.8,7.2,0.51,5.73
2026-09-01,actual,khaolak,pakweep,16,0.93,9.52,252.01,3.24,255.6,6.7,0.29,5.73
2026-09-01,actual,khaolak,pakweep,17,0.93,9.57,252.01,2.83,256.4,6.25,0.14,5.9
2026-09-01,actual,khaolak,pakweep,18,0.93,9.65,252.01,2.32,257,5.5,0.09,6.12
2026-09-01,actual,khaolak,bangsak,6,0.87,8.82,252.07,1.1,247.6,3.35,0.11,6.71
2026-09-01,actual,khaolak,bangsak,7,0.87,8.98,252.31,1.2,254.04,4.05,0.19,5.93
2026-09-01,actual,khaolak,bangsak,8,0.87,9.07,252.06,1.4,248.61,3.95,0.35,5.92
2026-09-01,actual,khaolak,bangsak,9,0.87,9.15,252.06,1.84,255.03,5.15,0.56,5.81
2026-09-01,actual,khaolak,bangsak,10,0.87,9.2,252.06,2.11,259.41,5.65,0.75,5.75
2026-09-01,actual,khaolak,bangsak,11,0.87,9.27,252.31,2.3,261.41,6.5,0.88,5.73
2026-09-01,actual,khaolak,bangsak,12,0.87,9.38,252.31,2.57,258.79,7.35,0.91,5.69
2026-09-01,actual,khaolak,bangsak,13,0.88,9.45,252.56,2.85,257.19,7.75,0.85,5.68
2026-09-01,actual,khaolak,bangsak,14,0.88,9.48,252.56,2.96,258.39,7.3,0.71,5.66
2026-09-01,actual,khaolak,bangsak,15,0.89,9.48,252.05,3.18,259.59,7.2,0.51,5.61
2026-09-01,actual,khaolak,bangsak,16,0.89,9.48,252.05,3.1,259.39,6.7,0.29,5.63
2026-09-01,actual,khaolak,bangsak,17,0.89,9.55,252.05,2.73,261.19,6.25,0.14,5.81
2026-09-01,actual,khaolak,bangsak,18,0.89,9.63,251.3,1.68,261.99,5.5,0.09,6.2
2026-09-02,actual,phuket,naiharn,6,1.02,9.05,261.02,2.32,285.17,4.8,0.15,4.93
2026-09-02,actual,phuket,naiharn,7,1.02,9.07,261.02,2.55,289.45,5.65,0.15,4.85
2026-09-02,actual,phuket,naiharn,8,1.04,9.07,261.02,2.53,283.46,6.05,0.23,5.01
2026-09-02,actual,phuket,naiharn,9,1.08,9.05,261.02,3.42,279.57,6.85,0.39,5.04
2026-09-02,actual,phuket,naiharn,10,1.1,9.03,261.02,4.03,281.2,6.5,0.58,5.07
2026-09-02,actual,phuket,naiharn,11,1.12,8.93,261.02,4.21,281.59,6.85,0.73,4.75
2026-09-02,actual,phuket,naiharn,12,1.12,8.75,261.52,3.99,284.4,7.6,0.82,4.58
2026-09-02,actual,phuket,naiharn,13,1.14,8.55,261.52,4.25,287.61,8.05,0.82,4.44
2026-09-02,actual,phuket,naiharn,14,1.16,8.32,262.02,4.79,289.21,8.4,0.74,4.29
2026-09-02,actual,phuket,naiharn,15,1.18,8.1,262.27,4.69,289.4,8.45,0.59,4.48
2026-09-02,actual,phuket,naiharn,16,1.2,7.98,262.77,4.48,290.59,8.3,0.41,4.35
2026-09-02,actual,phuket,naiharn,17,1.21,7.88,262.27,4.49,291.6,8.3,0.25,4.06
2026-09-02,actual,phuket,naiharn,18,1.22,7.8,262.52,4.12,293.59,8.05,0.14,3.99
2026-09-02,actual,phuket,kata,6,1.02,9.05,259.07,2.32,285.17,4.8,0.15,6.34
2026-09-02,actual,phuket,kata,7,1.02,9.07,259.06,2.55,289.45,5.65,0.15,6.27
2026-09-02,actual,phuket,kata,8,1.04,9.07,259.06,2.53,283.46,6.05,0.23,6.47
2026-09-02,actual,phuket,kata,9,1.08,9.05,259.06,3.42,279.57,6.85,0.39,6.52
2026-09-02,actual,phuket,kata,10,1.1,9.03,259.06,4.03,281.2,6.5,0.58,6.56
2026-09-02,actual,phuket,kata,11,1.12,8.93,259.06,4.21,281.59,6.85,0.73,6.24
2026-09-02,actual,phuket,kata,12,1.12,8.75,259.57,3.99,284.4,7.6,0.82,6.08
2026-09-02,actual,phuket,kata,13,1.14,8.55,259.57,4.25,287.61,8.05,0.82,5.93
2026-09-02,actual,phuket,kata,14,1.16,8.32,260.07,4.79,289.21,8.4,0.74,5.8
2026-09-02,actual,phuket,kata,15,1.18,8.1,260.33,4.69,289.4,8.45,0.59,5.98
2026-09-02,actual,phuket,kata,16,1.2,7.98,260.83,4.48,290.59,8.3,0.41,5.88
2026-09-02,actual,phuket,kata,17,1.21,7.88,260.33,4.49,291.6,8.3,0.25,5.57
2026-09-02,actual,phuket,kata,18,1.22,7.8,260.58,4.12,293.59,8.05,0.14,5.51
2026-09-02,actual,phuket,patong,6,1.05,9.45,257.3,2.43,291.61,5.35,0.15,5.71
2026-09-02,actual,phuket,patong,7,1.05,9.48,257.54,2.55,290.68,5.9,0.15,5.7
2026-09-02,actual,phuket,patong,8,1.07,9.48,257.54,2.53,283.07,6.5,0.24,5.91
2026-09-02,actual,phuket,patong,9,1.08,9.43,257.79,3.22,279.17,6.6,0.4,5.93
2026-09-02,actual,phuket,patong,10,1.1,9.32,257.79,3.63,280.78,6.7,0.58,5.99
2026-09-02,actual,phuket,patong,11,1.11,9.15,257.79,4.21,281.4,7,0.73,5.46
2026-09-02,actual,phuket,patong,12,1.13,8.95,258.3,3.99,283.19,8.4,0.82,5.34
2026-09-02,actual,phuket,patong,13,1.14,8.75,258.3,4.25,286.4,8.5,0.82,5.16
2026-09-02,actual,phuket,patong,14,1.15,8.65,258.55,4.79,290.42,8.5,0.73,5.07
2026-09-02,actual,phuket,patong,15,1.17,8.55,258.55,4.69,291.21,8.55,0.59,5.34
2026-09-02,actual,phuket,patong,16,1.18,8.45,258.8,4.48,291.4,8.25,0.41,5.21
2026-09-02,actual,phuket,patong,17,1.2,8.3,258.55,4.49,292,8.9,0.24,4.9
2026-09-02,actual,phuket,patong,18,1.22,8.23,258.8,4.12,293,8.1,0.14,4.88
2026-09-02,actual,phuket,karon,6,1.02,9.07,259.07,2.32,285.17,4.8,0.15,5.18
2026-09-02,actual,phuket,karon,7,1.02,9.1,259.06,2.55,289.45,5.65,0.15,5.12
2026-09-02,actual,phuket,karon,8,1.04,9.1,259.06,2.53,283.46,6.05,0.24,5.33
2026-09-02,actual,phuket,karon,9,1.06,9.07,259.06,3.42,279.57,6.85,0.4,5.34
2026-09-02,actual,phuket,karon,10,1.08,9.03,259.06,4.03,281.2,6.5,0.58,5.46
2026-09-02,actual,phuket,karon,11,1.1,8.9,259.06,4.21,281.59,6.85,0.73,5.64
2026-09-02,actual,phuket,karon,12,1.12,8.73,259.57,3.99,284.4,7.6,0.82,5.83
2026-09-02,actual,phuket,karon,13,1.14,8.53,259.57,4.25,287.61,8.05,0.82,5.66
2026-09-02,actual,phuket,karon,14,1.16,8.3,260.07,4.79,289.21,8.4,0.73,5.26
2026-09-02,actual,phuket,karon,15,1.18,8.1,260.33,4.69,289.4,8.45,0.59,4.98
2026-09-02,actual,phuket,karon,16,1.2,8,260.83,4.48,290.59,8.3,0.41,4.74
2026-09-02,actual,phuket,karon,17,1.21,7.93,260.33,4.49,291.6,8.3,0.24,4.43
2026-09-02,actual,phuket,karon,18,1.22,7.88,260.58,4.12,293.59,8.05,0.14,4.38
2026-09-02,actual,phuket,katanoi,6,1.02,9.05,259.07,2.32,285.17,4.8,0.15,4.74
2026-09-02,actual,phuket,katanoi,7,1.02,9.07,259.06,2.55,289.45,5.65,0.15,4.67
2026-09-02,actual,phuket,katanoi,8,1.04,9.07,259.06,2.53,283.46,6.05,0.23,4.9
2026-09-02,actual,phuket,katanoi,9,1.08,9.05,259.06,3.42,279.57,6.85,0.39,4.98
2026-09-02,actual,phuket,katanoi,10,1.1,9.03,259.06,4.03,281.2,6.5,0.58,5.14
2026-09-02,actual,phuket,katanoi,11,1.12,8.93,259.06,4.21,281.59,6.85,0.73,5.34
2026-09-02,actual,phuket,katanoi,12,1.12,8.75,259.57,3.99,284.4,7.6,0.82,5.46
2026-09-02,actual,phuket,katanoi,13,1.14,8.55,259.57,4.25,287.61,8.05,0.82,5.29
2026-09-02,actual,phuket,katanoi,14,1.16,8.32,260.07,4.79,289.21,8.4,0.74,4.89
2026-09-02,actual,phuket,katanoi,15,1.18,8.1,260.33,4.69,289.4,8.45,0.59,4.58
2026-09-02,actual,phuket,katanoi,16,1.2,7.98,260.83,4.48,290.59,8.3,0.41,4.33
2026-09-02,actual,phuket,katanoi,17,1.21,7.88,260.33,4.49,291.6,8.3,0.25,4
2026-09-02,actual,phuket,katanoi,18,1.22,7.8,260.58,4.12,293.59,8.05,0.14,3.93
2026-09-02,actual,phuket,kalim,6,1.05,9.45,257.3,2.43,291.61,5.35,0.15,3.83
2026-09-02,actual,phuket,kalim,7,1.05,9.48,257.54,2.55,290.68,5.9,0.15,3.84
2026-09-02,actual,phuket,kalim,8,1.07,9.48,257.54,2.53,283.07,6.5,0.24,3.91
2026-09-02,actual,phuket,kalim,9,1.08,9.43,257.79,3.22,279.17,6.6,0.4,3.92
2026-09-02,actual,phuket,kalim,10,1.1,9.32,257.79,3.63,280.78,6.7,0.58,3.95
2026-09-02,actual,phuket,kalim,11,1.11,9.15,257.79,4.21,281.4,7,0.73,3.92
2026-09-02,actual,phuket,kalim,12,1.13,8.95,258.3,3.99,283.19,8.4,0.82,3.9
2026-09-02,actual,phuket,kalim,13,1.14,8.75,258.3,4.25,286.4,8.5,0.82,3.85
2026-09-02,actual,phuket,kalim,14,1.15,8.65,258.55,4.79,290.42,8.5,0.73,3.84
2026-09-02,actual,phuket,kalim,15,1.17,8.55,258.55,4.69,291.21,8.55,0.59,3.86
2026-09-02,actual,phuket,kalim,16,1.18,8.45,258.8,4.48,291.4,8.25,0.41,3.85
2026-09-02,actual,phuket,kalim,17,1.2,8.3,258.55,4.49,292,8.9,0.24,3.85
2026-09-02,actual,phuket,kalim,18,1.22,8.23,258.8,4.12,293,8.1,0.14,3.87
2026-09-02,actual,phuket,kamala,6,1.04,9.53,256.8,2.43,291.02,5.6,0.15,5.68
2026-09-02,actual,phuket,kamala,7,1.04,9.53,257.04,2.45,290.88,6.2,0.16,5.68
2026-09-02,actual,phuket,kamala,8,1.05,9.52,257.04,2.53,283.48,6.65,0.24,5.68
2026-09-02,actual,phuket,kamala,9,1.06,9.48,257.04,3.22,279.58,6.6,0.4,5.45
2026-09-02,actual,phuket,kamala,10,1.07,9.4,257.04,3.63,281.39,6.7,0.59,5.29
2026-09-02,actual,phuket,kamala,11,1.1,9.23,257.29,4.21,282.4,7,0.74,5.08
2026-09-02,actual,phuket,kamala,12,1.13,9.03,257.8,3.99,284.2,8.4,0.82,5.13
2026-09-02,actual,phuket,kamala,13,1.14,8.82,258.05,4.25,287.21,8.6,0.82,4.95
2026-09-02,actual,phuket,kamala,14,1.15,8.68,258.05,4.79,291.02,8.8,0.73,4.7
2026-09-02,actual,phuket,kamala,15,1.17,8.55,258.05,4.75,292.01,8.55,0.58,4.69
2026-09-02,actual,phuket,kamala,16,1.18,8.45,258.05,4.48,291.6,8.25,0.4,4.75
2026-09-02,actual,phuket,kamala,17,1.2,8.38,257.8,4.52,292.2,8.85,0.24,4.74
2026-09-02,actual,phuket,kamala,18,1.22,8.32,258.05,3.99,292.8,8.4,0.14,4.95
2026-09-02,actual,phuket,surin,6,1.04,9.53,256.8,2.43,290.62,5.6,0.15,5.32
2026-09-02,actual,phuket,surin,7,1.04,9.53,257.04,2.45,287.4,6.2,0.16,5.33
2026-09-02,actual,phuket,surin,8,1.05,9.52,257.04,2.53,279.8,6.65,0.24,5.48
2026-09-02,actual,phuket,surin,9,1.06,9.48,257.04,3.1,278,6.6,0.4,5.54
2026-09-02,actual,phuket,surin,10,1.07,9.4,257.04,3.44,280.6,6.7,0.59,5.58
2026-09-02,actual,phuket,surin,11,1.1,9.23,257.29,3.77,283.8,7,0.74,5.21
2026-09-02,actual,phuket,surin,12,1.13,9.03,257.8,3.49,284.6,8.4,0.82,5.15
2026-09-02,actual,phuket,surin,13,1.14,8.82,258.05,3.58,287.01,8.6,0.82,5.04
2026-09-02,actual,phuket,surin,14,1.15,8.68,258.05,4.2,290.82,8.8,0.73,4.9
2026-09-02,actual,phuket,surin,15,1.17,8.55,258.05,4.03,292.81,8.55,0.58,5.17
2026-09-02,actual,phuket,surin,16,1.18,8.45,258.05,3.86,292,8.25,0.4,5.01
2026-09-02,actual,phuket,surin,17,1.2,8.38,257.8,4.52,292.6,8.85,0.24,4.52
2026-09-02,actual,phuket,surin,18,1.22,8.32,258.05,3.99,292.2,8.4,0.14,4.58
2026-09-02,actual,phuket,bangtao,6,1.02,9.57,256.04,2.43,290.62,5.6,0.15,6.02
2026-09-02,actual,phuket,bangtao,7,1.02,9.57,256.28,2.45,287.4,6.2,0.16,6.01
2026-09-02,actual,phuket,bangtao,8,1.03,9.57,256.28,2.53,279.8,6.65,0.25,6.02
2026-09-02,actual,phuket,bangtao,9,1.05,9.55,256.54,3.1,278,6.6,0.41,5.87
2026-09-02,actual,phuket,bangtao,10,1.06,9.48,256.54,3.44,280.6,6.7,0.59,5.74
2026-09-02,actual,phuket,bangtao,11,1.09,9.32,256.79,3.77,283.8,7,0.74,5.64
2026-09-02,actual,phuket,bangtao,12,1.12,9.13,257.04,3.49,284.6,8.4,0.82,5.7
2026-09-02,actual,phuket,bangtao,13,1.14,8.93,257.29,3.58,287.01,8.6,0.81,5.61
2026-09-02,actual,phuket,bangtao,14,1.15,8.78,257.29,4.2,290.82,8.8,0.73,5.33
2026-09-02,actual,phuket,bangtao,15,1.16,8.63,257.54,4.03,292.81,8.55,0.58,5.33
2026-09-02,actual,phuket,bangtao,16,1.17,8.53,257.54,3.86,292,8.25,0.4,5.35
2026-09-02,actual,phuket,bangtao,17,1.18,8.48,257.29,4.52,292.6,8.85,0.23,5.12
2026-09-02,actual,phuket,bangtao,18,1.2,8.43,257.55,3.99,292.2,8.4,0.14,5.33
2026-09-02,actual,phuket,layan,6,1.02,9.57,256.04,2.43,290.62,5.6,0.15,6.08
2026-09-02,actual,phuket,layan,7,1.02,9.57,256.28,2.45,287.4,6.2,0.16,6.08
2026-09-02,actual,phuket,layan,8,1.03,9.57,256.28,2.53,279.8,6.65,0.25,6.09
2026-09-02,actual,phuket,layan,9,1.05,9.55,256.54,3.1,278,6.6,0.41,5.95
2026-09-02,actual,phuket,layan,10,1.06,9.48,256.54,3.44,280.6,6.7,0.59,5.82
2026-09-02,actual,phuket,layan,11,1.09,9.32,256.79,3.77,283.8,7,0.74,5.72
2026-09-02,actual,phuket,layan,12,1.12,9.13,257.04,3.49,284.6,8.4,0.82,5.8
2026-09-02,actual,phuket,layan,13,1.14,8.93,257.29,3.58,287.01,8.6,0.81,5.7
2026-09-02,actual,phuket,layan,14,1.15,8.78,257.29,4.2,290.82,8.8,0.73,5.42
2026-09-02,actual,phuket,layan,15,1.16,8.63,257.54,4.03,292.81,8.55,0.58,5.41
2026-09-02,actual,phuket,layan,16,1.17,8.53,257.54,3.86,292,8.25,0.4,5.43
2026-09-02,actual,phuket,layan,17,1.18,8.48,257.29,4.52,292.6,8.85,0.23,5.2
2026-09-02,actual,phuket,layan,18,1.2,8.43,257.55,3.99,292.2,8.4,0.14,5.41
2026-09-02,actual,phuket,naithon,6,1.02,9.57,256.04,2.43,292.41,5.45,0.15,6.21
2026-09-02,actual,phuket,naithon,7,1.02,9.57,256.28,2.44,288.8,6,0.16,6.22
2026-09-02,actual,phuket,naithon,8,1.03,9.57,256.28,2.53,280.61,6.65,0.25,6.37
2026-09-02,actual,phuket,naithon,9,1.05,9.55,256.54,3.1,278,6.6,0.41,6.49
2026-09-02,actual,phuket,naithon,10,1.06,9.48,256.54,3.44,280.8,6.7,0.59,6.52
2026-09-02,actual,phuket,naithon,11,1.09,9.32,256.79,3.77,284.4,7,0.74,6.17
2026-09-02,actual,phuket,naithon,12,1.12,9.13,257.04,3.49,285.2,8.4,0.82,6.11
2026-09-02,actual,phuket,naithon,13,1.14,8.93,257.29,3.58,286.81,8.35,0.81,6.03
2026-09-02,actual,phuket,naithon,14,1.15,8.78,257.29,4.2,290.42,8.7,0.73,5.88
2026-09-02,actual,phuket,naithon,15,1.16,8.63,257.54,4.03,292.41,8.55,0.58,6.12
2026-09-02,actual,phuket,naithon,16,1.17,8.53,257.54,3.86,291.6,8.25,0.4,5.95
2026-09-02,actual,phuket,naithon,17,1.18,8.48,257.29,4.08,292.4,8.9,0.23,5.6
2026-09-02,actual,phuket,naithon,18,1.2,8.43,257.55,3.67,291.2,8.5,0.14,5.63
2026-09-02,actual,phuket,naiyang,6,1,9.93,255.77,2.43,292.41,5.45,0.15,5.79
2026-09-02,actual,phuket,naiyang,7,1,9.95,255.77,2.44,288.8,6,0.16,5.83
2026-09-02,actual,phuket,naiyang,8,1.01,9.95,255.77,2.53,280.61,6.65,0.25,5.99
2026-09-02,actual,phuket,naiyang,9,1.02,9.88,256.03,3.1,278,6.6,0.42,6.07
2026-09-02,actual,phuket,naiyang,10,1.03,9.78,256.03,3.44,280.8,6.7,0.6,6.23
2026-09-02,actual,phuket,naiyang,11,1.06,9.6,256.28,3.77,284.4,7,0.74,6.37
2026-09-02,actual,phuket,naiyang,12,1.1,9.38,256.78,3.49,285.2,8.4,0.83,6.62
2026-09-02,actual,phuket,naiyang,13,1.13,9.18,257.28,3.58,286.81,8.35,0.82,6.55
2026-09-02,actual,phuket,naiyang,14,1.14,9.03,257.28,4.2,290.42,8.7,0.73,6.12
2026-09-02,actual,phuket,naiyang,15,1.14,8.88,257.53,4.03,292.41,8.55,0.58,5.82
2026-09-02,actual,phuket,naiyang,16,1.15,8.78,257.53,3.86,291.6,8.25,0.4,5.53
2026-09-02,actual,phuket,naiyang,17,1.16,8.7,257.53,4.08,292.4,8.9,0.23,5.16
2026-09-02,actual,phuket,naiyang,18,1.18,8.63,257.53,3.67,291.2,8.5,0.14,5.16
2026-09-02,actual,phuket,kl_khukkhak,6,0.87,9.63,251.51,2.06,269.59,5.7,0.14,6.49
2026-09-02,actual,phuket,kl_khukkhak,7,0.87,9.68,251.51,1,285.02,5.55,0.17,7.72
2026-09-02,actual,phuket,kl_khukkhak,8,0.87,9.7,251.51,1.12,287.23,4.55,0.26,7.88
2026-09-02,actual,phuket,kl_khukkhak,9,0.86,9.7,252.02,1.71,277.98,5.6,0.43,7.08
2026-09-02,actual,phuket,kl_khukkhak,10,0.86,9.65,252.02,2.63,278.01,6.75,0.61,6.84
2026-09-02,actual,phuket,kl_khukkhak,11,0.87,9.57,252.52,2.64,278.99,6.95,0.76,6.6
2026-09-02,actual,phuket,kl_khukkhak,12,0.88,9.48,253.27,3.23,279.2,7.75,0.83,6.27
2026-09-02,actual,phuket,kl_khukkhak,13,0.92,9.38,253.77,3.55,279.59,8.55,0.82,6.27
2026-09-02,actual,phuket,kl_khukkhak,14,0.95,9.23,254.02,3.55,278.6,8.6,0.73,6.42
2026-09-02,actual,phuket,kl_khukkhak,15,0.99,9.07,254.27,3.54,276.8,7.85,0.59,6.7
2026-09-02,actual,phuket,kl_khukkhak,16,1.02,8.95,254.52,3.22,279.19,7.65,0.39,6.65
2026-09-02,actual,phuket,kl_khukkhak,17,1.02,8.9,254.77,2.96,283.79,7.55,0.23,6.44
2026-09-02,actual,phuket,kl_khukkhak,18,1,8.85,254.78,2.28,288.89,7.2,0.14,6.44
2026-09-02,actual,khaolak,khukkhak,6,0.87,9.63,251.51,2.06,269.59,5.7,0.14,6.49
2026-09-02,actual,khaolak,khukkhak,7,0.87,9.68,251.51,1,285.02,5.55,0.17,7.72
2026-09-02,actual,khaolak,khukkhak,8,0.87,9.7,251.51,1.12,287.23,4.55,0.26,7.88
2026-09-02,actual,khaolak,khukkhak,9,0.86,9.7,252.02,1.71,277.98,5.6,0.43,7.08
2026-09-02,actual,khaolak,khukkhak,10,0.86,9.65,252.02,2.63,278.01,6.75,0.61,6.84
2026-09-02,actual,khaolak,khukkhak,11,0.87,9.57,252.52,2.64,278.99,6.95,0.76,6.6
2026-09-02,actual,khaolak,khukkhak,12,0.88,9.48,253.27,3.23,279.2,7.75,0.83,6.27
2026-09-02,actual,khaolak,khukkhak,13,0.92,9.38,253.77,3.55,279.59,8.55,0.82,6.27
2026-09-02,actual,khaolak,khukkhak,14,0.95,9.23,254.02,3.55,278.6,8.6,0.73,6.42
2026-09-02,actual,khaolak,khukkhak,15,0.99,9.07,254.27,3.54,276.8,7.85,0.59,6.7
2026-09-02,actual,khaolak,khukkhak,16,1.02,8.95,254.52,3.22,279.19,7.65,0.39,6.65
2026-09-02,actual,khaolak,khukkhak,17,1.02,8.9,254.77,2.96,283.79,7.55,0.23,6.44
2026-09-02,actual,khaolak,khukkhak,18,1,8.85,254.78,2.28,288.89,7.2,0.14,6.44
2026-09-02,actual,khaolak,pakarang,6,0.87,9.63,251.51,2.06,269.59,5.7,0.14,5.68
2026-09-02,actual,khaolak,pakarang,7,0.87,9.68,251.51,1,285.02,5.55,0.17,6.91
2026-09-02,actual,khaolak,pakarang,8,0.87,9.7,251.51,1.12,287.23,4.55,0.26,7.08
2026-09-02,actual,khaolak,pakarang,9,0.86,9.7,252.02,1.71,277.98,5.6,0.43,6.25
2026-09-02,actual,khaolak,pakarang,10,0.86,9.65,252.02,2.63,278.01,6.75,0.61,6.01
2026-09-02,actual,khaolak,pakarang,11,0.87,9.57,252.52,2.64,278.99,6.95,0.76,5.76
2026-09-02,actual,khaolak,pakarang,12,0.88,9.48,253.27,3.23,279.2,7.75,0.83,5.4
2026-09-02,actual,khaolak,pakarang,13,0.92,9.38,253.77,3.55,279.59,8.55,0.82,5.39
2026-09-02,actual,khaolak,pakarang,14,0.95,9.23,254.02,3.55,278.6,8.6,0.73,5.53
2026-09-02,actual,khaolak,pakarang,15,0.99,9.07,254.27,3.54,276.8,7.85,0.59,5.81
2026-09-02,actual,khaolak,pakarang,16,1.02,8.95,254.52,3.22,279.19,7.65,0.39,5.75
2026-09-02,actual,khaolak,pakarang,17,1.02,8.9,254.77,2.96,283.79,7.55,0.23,5.53
2026-09-02,actual,khaolak,pakarang,18,1,8.85,254.78,2.28,288.89,7.2,0.14,5.53
2026-09-02,actual,khaolak,bangniang,6,0.87,9.63,251.51,2.06,267.77,6.2,0.14,6.34
2026-09-02,actual,khaolak,bangniang,7,0.87,9.68,251.51,1,285.48,6.15,0.17,7.53
2026-09-02,actual,khaolak,bangniang,8,0.87,9.7,251.51,1.02,287.44,4.55,0.26,7.54
2026-09-02,actual,khaolak,bangniang,9,0.86,9.7,252.02,1.65,279.42,5.6,0.43,6.5
2026-09-02,actual,khaolak,bangniang,10,0.86,9.65,252.02,2.63,279.24,6.75,0.61,6.13
2026-09-02,actual,khaolak,bangniang,11,0.87,9.57,252.52,2.64,280.62,6.95,0.76,6.13
2026-09-02,actual,khaolak,bangniang,12,0.88,9.48,253.27,3.23,281.01,7.8,0.83,5.92
2026-09-02,actual,khaolak,bangniang,13,0.92,9.38,253.77,3.42,280.6,8.55,0.82,5.94
2026-09-02,actual,khaolak,bangniang,14,0.95,9.23,254.02,3.4,279.4,8.65,0.73,5.96
2026-09-02,actual,khaolak,bangniang,15,0.99,9.07,254.27,3.2,278.01,7.85,0.59,6.08
2026-09-02,actual,khaolak,bangniang,16,1.02,8.95,254.52,2.92,280.6,7.65,0.39,6.2
2026-09-02,actual,khaolak,bangniang,17,1.02,8.9,254.77,2.96,285.19,7.55,0.23,6.16
2026-09-02,actual,khaolak,bangniang,18,1,8.85,254.78,2.28,291.32,7.2,0.14,6.3
2026-09-02,actual,khaolak,nangthong,6,0.87,9.63,250.26,0.81,291.1,6.2,0.14,7.31
2026-09-02,actual,khaolak,nangthong,7,0.87,9.68,250.26,1,295.05,6.15,0.16,7.38
2026-09-02,actual,khaolak,nangthong,8,0.87,9.7,250.26,1.02,292.67,4.55,0.26,7.55
2026-09-02,actual,khaolak,nangthong,9,0.86,9.7,250.76,1.61,282.23,5.6,0.42,6.77
2026-09-02,actual,khaolak,nangthong,10,0.86,9.65,250.76,2.38,281.26,6.75,0.61,6.59
2026-09-02,actual,khaolak,nangthong,11,0.88,9.57,251.26,2.41,281.21,6.95,0.76,6.38
2026-09-02,actual,khaolak,nangthong,12,0.91,9.48,251.76,2.53,280.42,7.8,0.83,6.28
2026-09-02,actual,khaolak,nangthong,13,0.94,9.38,252.27,3.42,279.6,8.55,0.82,6.06
2026-09-02,actual,khaolak,nangthong,14,0.97,9.23,252.52,3.4,277.99,8.65,0.73,6.22
2026-09-02,actual,khaolak,nangthong,15,1.02,9.07,253.02,2.89,277.18,7.85,0.59,6.73
2026-09-02,actual,khaolak,nangthong,16,1.05,8.95,253.27,2.51,280.97,7.65,0.39,6.69
2026-09-02,actual,khaolak,nangthong,17,1.05,8.9,253.52,2.83,286.17,7.55,0.22,6.28
2026-09-02,actual,khaolak,nangthong,18,1.04,8.85,253.77,1.77,291.92,7.2,0.13,6.44
2026-09-02,actual,khaolak,pakweep,6,0.87,9.63,251.51,2.06,269.59,5.7,0.14,5.97
2026-09-02,actual,khaolak,pakweep,7,0.87,9.68,251.51,1,285.02,5.55,0.17,7.16
2026-09-02,actual,khaolak,pakweep,8,0.87,9.7,251.51,1.12,287.23,4.55,0.26,7.18
2026-09-02,actual,khaolak,pakweep,9,0.86,9.7,252.02,1.71,277.98,5.6,0.43,6.11
2026-09-02,actual,khaolak,pakweep,10,0.86,9.65,252.02,2.63,278.01,6.75,0.61,5.76
2026-09-02,actual,khaolak,pakweep,11,0.87,9.57,252.52,2.64,278.99,6.95,0.76,5.76
2026-09-02,actual,khaolak,pakweep,12,0.88,9.48,253.27,3.23,279.2,7.75,0.83,5.55
2026-09-02,actual,khaolak,pakweep,13,0.92,9.38,253.77,3.55,279.59,8.55,0.82,5.53
2026-09-02,actual,khaolak,pakweep,14,0.95,9.23,254.02,3.55,278.6,8.6,0.73,5.54
2026-09-02,actual,khaolak,pakweep,15,0.99,9.07,254.27,3.54,276.8,7.85,0.59,5.59
2026-09-02,actual,khaolak,pakweep,16,1.02,8.95,254.52,3.22,279.19,7.65,0.39,5.73
2026-09-02,actual,khaolak,pakweep,17,1.02,8.9,254.77,2.96,283.79,7.55,0.23,5.79
2026-09-02,actual,khaolak,pakweep,18,1,8.85,254.78,2.28,288.89,7.2,0.14,5.93
2026-09-02,actual,khaolak,bangsak,6,0.84,9.65,250.8,0.6,274.99,5.7,0.14,7.05
2026-09-02,actual,khaolak,bangsak,7,0.84,9.7,250.8,0.61,289.76,5.55,0.17,7.08
2026-09-02,actual,khaolak,bangsak,8,0.84,9.73,250.8,0.72,290.81,4.55,0.26,7.1
2026-09-02,actual,khaolak,bangsak,9,0.84,9.7,251.04,1.61,280.6,5.6,0.43,6.08
2026-09-02,actual,khaolak,bangsak,10,0.84,9.68,251.04,2.53,280.44,6.75,0.61,5.75
2026-09-02,actual,khaolak,bangsak,11,0.85,9.6,251.54,2.42,280.6,6.95,0.76,5.79
2026-09-02,actual,khaolak,bangsak,12,0.85,9.53,252.53,3.14,280.2,7.75,0.84,5.51
2026-09-02,actual,khaolak,bangsak,13,0.89,9.43,253.01,3.23,279.79,8.55,0.82,5.58
2026-09-02,actual,khaolak,bangsak,14,0.92,9.28,253.01,3.32,278.4,8.6,0.74,5.56
2026-09-02,actual,khaolak,bangsak,15,0.92,9.13,253.77,3.2,276.39,7.85,0.59,5.53
2026-09-02,actual,khaolak,bangsak,16,0.93,9,253.77,2.92,278.18,7.65,0.4,5.58
2026-09-02,actual,khaolak,bangsak,17,0.92,8.93,254.03,2.55,281.98,7.55,0.23,5.64
2026-09-02,actual,khaolak,bangsak,18,0.92,8.88,254.04,1.92,286.46,7.2,0.14,5.82
2026-09-03,actual,phuket,naiharn,6,1.18,8.05,263.28,3.27,298.37,7.3,0.24,4.48
2026-09-03,actual,phuket,naiharn,7,1.18,8.07,263.28,2.95,303.17,7.5,0.19,4.53
2026-09-03,actual,phuket,naiharn,8,1.18,8.07,263.28,3.01,291.2,7.75,0.21,4.55
2026-09-03,actual,phuket,naiharn,9,1.17,8.03,263.28,4,286.99,7.9,0.31,4.31
2026-09-03,actual,phuket,naiharn,10,1.17,7.98,263.28,3.16,282.39,7.95,0.44,4.81
2026-09-03,actual,phuket,naiharn,11,1.22,7.9,263.03,3.94,276.71,8.25,0.59,4.69
2026-09-03,actual,phuket,naiharn,12,1.25,7.83,263.03,4.72,276.43,8.55,0.7,4.27
2026-09-03,actual,phuket,naiharn,13,1.28,7.73,262.78,5.29,277.46,8.95,0.74,4.01
2026-09-03,actual,phuket,naiharn,14,1.29,7.6,263.03,5.57,277.63,9.7,0.72,3.9
2026-09-03,actual,phuket,naiharn,15,1.32,7.45,263.79,5.87,278,10.5,0.63,3.88
2026-09-03,actual,phuket,naiharn,16,1.33,7,268.25,5.61,279.4,10.85,0.5,3.73
2026-09-03,actual,phuket,naiharn,17,1.35,6.88,268.25,5.34,279,10.75,0.36,3.56
2026-09-03,actual,phuket,naiharn,18,1.37,6.78,268,4.75,280.41,10.55,0.25,3.56
2026-09-03,actual,phuket,kata,6,1.18,8.05,261.34,3.27,298.37,7.3,0.24,6.02
2026-09-03,actual,phuket,kata,7,1.18,8.07,261.58,2.95,303.17,7.5,0.19,6.07
2026-09-03,actual,phuket,kata,8,1.18,8.07,261.58,3.01,291.2,7.75,0.21,6.09
2026-09-03,actual,phuket,kata,9,1.17,8.03,261.58,4,286.99,7.9,0.31,5.85
2026-09-03,actual,phuket,kata,10,1.17,7.98,261.58,3.16,282.39,7.95,0.44,6.33
2026-09-03,actual,phuket,kata,11,1.22,7.9,261.33,3.94,276.71,8.25,0.59,6.23
2026-09-03,actual,phuket,kata,12,1.25,7.83,261.33,4.72,276.43,8.55,0.7,5.82
2026-09-03,actual,phuket,kata,13,1.28,7.73,261.08,5.29,277.46,8.95,0.74,5.56
2026-09-03,actual,phuket,kata,14,1.29,7.6,261.33,5.57,277.63,9.7,0.72,5.45
2026-09-03,actual,phuket,kata,15,1.32,7.45,262.09,5.87,278,10.5,0.63,5.46
2026-09-03,actual,phuket,kata,16,1.33,7,268.5,5.61,279.4,10.85,0.5,5.44
2026-09-03,actual,phuket,kata,17,1.35,6.88,268.25,5.34,279,10.75,0.36,5.26
2026-09-03,actual,phuket,kata,18,1.37,6.78,268.25,4.75,280.41,10.55,0.25,5.26
2026-09-03,actual,phuket,patong,6,1.14,8.45,259.82,3.27,297.16,6.7,0.23,5.25
2026-09-03,actual,phuket,patong,7,1.15,8.43,260.06,2.95,302.16,6.85,0.19,5.3
2026-09-03,actual,phuket,patong,8,1.15,8.35,260.06,3.01,294.19,7.15,0.21,5.27
2026-09-03,actual,phuket,patong,9,1.15,8.25,260.31,3.51,289.18,7.75,0.31,5.19
2026-09-03,actual,phuket,patong,10,1.15,8.13,260.31,3.16,285.59,7.7,0.45,5.45
2026-09-03,actual,phuket,patong,11,1.17,8.02,260.06,3.94,281.82,8.2,0.59,5.27
2026-09-03,actual,phuket,patong,12,1.21,7.93,260.31,4.72,280.01,9.1,0.7,4.88
2026-09-03,actual,phuket,patong,13,1.23,7.82,260.06,5.29,279.01,9.2,0.74,4.6
2026-09-03,actual,phuket,patong,14,1.24,7.68,260.31,5.41,279.82,9.75,0.71,4.53
2026-09-03,actual,phuket,patong,15,1.26,7.6,260.82,5.41,279.01,10.4,0.63,4.66
2026-09-03,actual,phuket,patong,16,1.27,7.23,267.25,5.51,279.6,10.4,0.5,4.48
2026-09-03,actual,phuket,patong,17,1.29,7.15,267,4.62,278.4,10.55,0.35,4.55
2026-09-03,actual,phuket,patong,18,1.32,7.1,266.75,4.13,279.6,9.95,0.24,4.59
2026-09-03,actual,phuket,karon,6,1.18,8.13,261.34,3.27,298.37,7.3,0.23,4.9
2026-09-03,actual,phuket,karon,7,1.18,8.18,261.58,2.95,303.17,7.5,0.19,4.96
2026-09-03,actual,phuket,karon,8,1.18,8.18,261.58,3.01,291.2,7.75,0.21,4.99
2026-09-03,actual,phuket,karon,9,1.17,8.1,261.58,4,286.99,7.9,0.31,4.74
2026-09-03,actual,phuket,karon,10,1.17,8.03,261.58,3.16,282.39,7.95,0.45,5.22
2026-09-03,actual,phuket,karon,11,1.21,7.93,261.33,3.94,276.71,8.25,0.59,5.23
2026-09-03,actual,phuket,karon,12,1.25,7.83,261.33,4.72,276.43,8.55,0.7,5.17
2026-09-03,actual,phuket,karon,13,1.27,7.73,261.08,5.29,277.46,8.95,0.74,5.02
2026-09-03,actual,phuket,karon,14,1.28,7.6,261.33,5.57,277.63,9.7,0.71,4.83
2026-09-03,actual,phuket,karon,15,1.31,7.48,262.09,5.87,278,10.5,0.63,4.6
2026-09-03,actual,phuket,karon,16,1.32,7,268.5,5.61,279.4,10.85,0.5,4.28
2026-09-03,actual,phuket,karon,17,1.34,6.88,268.25,5.34,279,10.75,0.35,4.08
2026-09-03,actual,phuket,karon,18,1.35,6.78,268.25,4.75,280.41,10.55,0.24,4.05
2026-09-03,actual,phuket,katanoi,6,1.18,8.05,261.34,3.27,298.37,7.3,0.24,4.45
2026-09-03,actual,phuket,katanoi,7,1.18,8.07,261.58,2.95,303.17,7.5,0.19,4.5
2026-09-03,actual,phuket,katanoi,8,1.18,8.07,261.58,3.01,291.2,7.75,0.21,4.52
2026-09-03,actual,phuket,katanoi,9,1.17,8.03,261.58,4,286.99,7.9,0.31,4.27
2026-09-03,actual,phuket,katanoi,10,1.17,7.98,261.58,3.16,282.39,7.95,0.44,4.76
2026-09-03,actual,phuket,katanoi,11,1.22,7.9,261.33,3.94,276.71,8.25,0.59,4.84
2026-09-03,actual,phuket,katanoi,12,1.25,7.83,261.33,4.72,276.43,8.55,0.7,4.79
2026-09-03,actual,phuket,katanoi,13,1.28,7.73,261.08,5.29,277.46,8.95,0.74,4.68
2026-09-03,actual,phuket,katanoi,14,1.29,7.6,261.33,5.57,277.63,9.7,0.72,4.48
2026-09-03,actual,phuket,katanoi,15,1.32,7.45,262.09,5.87,278,10.5,0.63,4.22
2026-09-03,actual,phuket,katanoi,16,1.33,7,268.5,5.61,279.4,10.85,0.5,3.89
2026-09-03,actual,phuket,katanoi,17,1.35,6.88,268.25,5.34,279,10.75,0.36,3.68
2026-09-03,actual,phuket,katanoi,18,1.37,6.78,268.25,4.75,280.41,10.55,0.25,3.67
2026-09-03,actual,phuket,kalim,6,1.14,8.45,259.82,3.27,297.16,6.7,0.23,3.73
2026-09-03,actual,phuket,kalim,7,1.15,8.43,260.06,2.95,302.16,6.85,0.19,3.75
2026-09-03,actual,phuket,kalim,8,1.15,8.35,260.06,3.01,294.19,7.15,0.21,3.72
2026-09-03,actual,phuket,kalim,9,1.15,8.25,260.31,3.51,289.18,7.75,0.31,3.68
2026-09-03,actual,phuket,kalim,10,1.15,8.13,260.31,3.16,285.59,7.7,0.45,3.63
2026-09-03,actual,phuket,kalim,11,1.17,8.02,260.06,3.94,281.82,8.2,0.59,3.65
2026-09-03,actual,phuket,kalim,12,1.21,7.93,260.31,4.72,280.01,9.1,0.7,3.72
2026-09-03,actual,phuket,kalim,13,1.23,7.82,260.06,5.29,279.01,9.2,0.74,3.73
2026-09-03,actual,phuket,kalim,14,1.24,7.68,260.31,5.41,279.82,9.75,0.71,3.69
2026-09-03,actual,phuket,kalim,15,1.26,7.6,260.82,5.41,279.01,10.4,0.63,3.71
2026-09-03,actual,phuket,kalim,16,1.27,7.23,267.25,5.51,279.6,10.4,0.5,3.58
2026-09-03,actual,phuket,kalim,17,1.29,7.15,267,4.62,278.4,10.55,0.35,3.59
2026-09-03,actual,phuket,kalim,18,1.32,7.1,266.75,4.13,279.6,9.95,0.24,3.64
2026-09-03,actual,phuket,kamala,6,1.13,8.55,259.55,3.2,296.56,7.45,0.23,5.13
2026-09-03,actual,phuket,kamala,7,1.14,8.53,259.55,2.95,302.16,6.85,0.19,5.23
2026-09-03,actual,phuket,kamala,8,1.14,8.45,259.55,3.01,294.59,7.15,0.22,5.16
2026-09-03,actual,phuket,kamala,9,1.14,8.35,259.81,3.51,289.38,7.75,0.31,4.93
2026-09-03,actual,phuket,kamala,10,1.14,8.25,259.81,3.16,285.8,7.7,0.45,4.99
2026-09-03,actual,phuket,kamala,11,1.16,8.15,259.56,3.94,281.62,8.2,0.6,4.71
2026-09-03,actual,phuket,kamala,12,1.2,8.02,260.06,4.72,280.41,9.1,0.7,4.48
2026-09-03,actual,phuket,kamala,13,1.22,7.9,259.81,5.29,279.42,9.2,0.74,4.25
2026-09-03,actual,phuket,kamala,14,1.23,7.75,260.06,5.41,280.22,9.75,0.71,4.14
2026-09-03,actual,phuket,kamala,15,1.25,7.68,260.32,5.41,279.21,10.5,0.63,4.14
2026-09-03,actual,phuket,kamala,16,1.26,7.63,260.57,5.51,279.6,10.7,0.5,4.1
2026-09-03,actual,phuket,kamala,17,1.27,7.15,266.25,4.62,278.2,10.85,0.35,4.21
2026-09-03,actual,phuket,kamala,18,1.31,7.1,266.25,4.13,279.2,9.95,0.24,4.44
2026-09-03,actual,phuket,surin,6,1.13,8.55,259.55,3.2,293.8,7.45,0.23,4.92
2026-09-03,actual,phuket,surin,7,1.14,8.53,259.55,2.95,298.38,6.85,0.19,4.95
2026-09-03,actual,phuket,surin,8,1.14,8.45,259.55,3.01,292.2,7.15,0.22,4.92
2026-09-03,actual,phuket,surin,9,1.14,8.35,259.81,3.51,287.21,7.75,0.31,4.84
2026-09-03,actual,phuket,surin,10,1.14,8.25,259.81,3.16,283.63,7.7,0.45,5.12
2026-09-03,actual,phuket,surin,11,1.16,8.15,259.56,3.26,280.42,8.2,0.6,5.16
2026-09-03,actual,phuket,surin,12,1.2,8.02,260.06,4.3,280.21,9.1,0.7,4.67
2026-09-03,actual,phuket,surin,13,1.22,7.9,259.81,4.81,279.82,9.2,0.74,4.4
2026-09-03,actual,phuket,surin,14,1.23,7.75,260.06,5.41,280.22,9.75,0.71,4.16
2026-09-03,actual,phuket,surin,15,1.25,7.68,260.32,5.32,279.21,10.5,0.63,4.33
2026-09-03,actual,phuket,surin,16,1.26,7.63,260.57,4.75,279.2,10.7,0.5,4.57
2026-09-03,actual,phuket,surin,17,1.27,7.15,266.25,4.42,278.2,10.85,0.35,4.25
2026-09-03,actual,phuket,surin,18,1.31,7.1,266.25,3.86,278.4,9.95,0.24,4.33
2026-09-03,actual,phuket,bangtao,6,1.12,8.68,258.8,3.2,293.8,7.45,0.23,5.56
2026-09-03,actual,phuket,bangtao,7,1.13,8.65,258.8,2.95,298.38,6.85,0.19,5.66
2026-09-03,actual,phuket,bangtao,8,1.13,8.57,259.05,3.01,292.2,7.15,0.22,5.59
2026-09-03,actual,phuket,bangtao,9,1.13,8.45,259.05,3.51,287.21,7.75,0.32,5.34
2026-09-03,actual,phuket,bangtao,10,1.13,8.32,259.3,3.16,283.63,7.7,0.46,5.39
2026-09-03,actual,phuket,bangtao,11,1.15,8.23,259.05,3.26,280.42,8.2,0.6,5.34
2026-09-03,actual,phuket,bangtao,12,1.18,8.1,259.3,4.3,280.21,9.1,0.7,4.99
2026-09-03,actual,phuket,bangtao,13,1.2,7.98,259.05,4.81,279.82,9.2,0.74,4.78
2026-09-03,actual,phuket,bangtao,14,1.21,7.85,259.3,5.41,280.22,9.75,0.71,4.52
2026-09-03,actual,phuket,bangtao,15,1.22,7.75,259.56,5.32,279.21,10.5,0.63,4.52
2026-09-03,actual,phuket,bangtao,16,1.23,7.73,259.81,4.75,279.2,10.7,0.5,4.73
2026-09-03,actual,phuket,bangtao,17,1.24,7.15,265.5,4.42,278.2,10.85,0.34,4.59
2026-09-03,actual,phuket,bangtao,18,1.28,7.1,265.5,3.86,278.4,9.95,0.23,4.84
2026-09-03,actual,phuket,layan,6,1.12,8.68,258.8,3.2,293.8,7.45,0.23,5.61
2026-09-03,actual,phuket,layan,7,1.13,8.65,258.8,2.95,298.38,6.85,0.19,5.72
2026-09-03,actual,phuket,layan,8,1.13,8.57,259.05,3.01,292.2,7.15,0.22,5.65
2026-09-03,actual,phuket,layan,9,1.13,8.45,259.05,3.51,287.21,7.75,0.32,5.39
2026-09-03,actual,phuket,layan,10,1.13,8.32,259.3,3.16,283.63,7.7,0.46,5.43
2026-09-03,actual,phuket,layan,11,1.15,8.23,259.05,3.26,280.42,8.2,0.6,5.38
2026-09-03,actual,phuket,layan,12,1.18,8.1,259.3,4.3,280.21,9.1,0.7,5.04
2026-09-03,actual,phuket,layan,13,1.2,7.98,259.05,4.81,279.82,9.2,0.74,4.83
2026-09-03,actual,phuket,layan,14,1.21,7.85,259.3,5.41,280.22,9.75,0.71,4.57
2026-09-03,actual,phuket,layan,15,1.22,7.75,259.56,5.32,279.21,10.5,0.63,4.56
2026-09-03,actual,phuket,layan,16,1.23,7.73,259.81,4.75,279.2,10.7,0.5,4.77
2026-09-03,actual,phuket,layan,17,1.24,7.15,265.5,4.42,278.2,10.85,0.34,4.59
2026-09-03,actual,phuket,layan,18,1.28,7.1,265.5,3.86,278.4,9.95,0.23,4.86
2026-09-03,actual,phuket,naithon,6,1.12,8.68,258.8,2.95,295,7.35,0.23,5.96
2026-09-03,actual,phuket,naithon,7,1.13,8.65,258.8,2.95,298.38,6.7,0.19,5.91
2026-09-03,actual,phuket,naithon,8,1.13,8.57,259.05,3.01,292.4,7.1,0.22,5.9
2026-09-03,actual,phuket,naithon,9,1.13,8.45,259.05,3.51,287.01,7.75,0.32,5.8
2026-09-03,actual,phuket,naithon,10,1.13,8.32,259.3,3.16,283.83,7.7,0.46,6.06
2026-09-03,actual,phuket,naithon,11,1.15,8.23,259.05,3.26,280.42,8.2,0.6,6.09
2026-09-03,actual,phuket,naithon,12,1.18,8.1,259.3,4.3,279.81,9.1,0.7,5.58
2026-09-03,actual,phuket,naithon,13,1.2,7.98,259.05,4.81,279.82,9.2,0.74,5.31
2026-09-03,actual,phuket,naithon,14,1.21,7.85,259.3,5.1,280.02,9.75,0.71,5.2
2026-09-03,actual,phuket,naithon,15,1.22,7.75,259.56,5.28,279.21,10.2,0.63,5.23
2026-09-03,actual,phuket,naithon,16,1.23,7.73,259.81,4.75,279,10.35,0.5,5.47
2026-09-03,actual,phuket,naithon,17,1.24,7.15,265.5,4.42,278.2,10.55,0.34,5.07
2026-09-03,actual,phuket,naithon,18,1.28,7.1,265.5,3.86,278.2,9.95,0.23,5.15
2026-09-03,actual,phuket,naiyang,6,1.1,8.98,258.53,2.95,295,7.35,0.23,5.55
2026-09-03,actual,phuket,naiyang,7,1.12,8.95,258.53,2.95,298.38,6.7,0.19,5.53
2026-09-03,actual,phuket,naiyang,8,1.11,8.85,258.79,3.01,292.4,7.1,0.23,5.46
2026-09-03,actual,phuket,naiyang,9,1.11,8.7,258.79,3.51,287.01,7.75,0.32,5.35
2026-09-03,actual,phuket,naiyang,10,1.1,8.52,259.04,3.16,283.83,7.7,0.46,5.55
2026-09-03,actual,phuket,naiyang,11,1.12,8.38,258.79,3.26,280.42,8.2,0.6,5.72
2026-09-03,actual,phuket,naiyang,12,1.15,8.23,259.04,4.3,279.81,9.1,0.71,5.54
2026-09-03,actual,phuket,naiyang,13,1.17,8.1,258.79,4.81,279.82,9.2,0.74,5.39
2026-09-03,actual,phuket,naiyang,14,1.18,7.98,259.04,5.1,280.02,9.75,0.71,5.19
2026-09-03,actual,phuket,naiyang,15,1.19,7.93,259.3,5.28,279.21,10.2,0.63,4.99
2026-09-03,actual,phuket,naiyang,16,1.2,7.93,259.55,4.75,279,10.35,0.5,4.98
2026-09-03,actual,phuket,naiyang,17,1.21,7.88,259.55,4.42,278.2,10.55,0.35,4.83
2026-09-03,actual,phuket,naiyang,18,1.21,7.1,264.5,3.86,278.2,9.95,0.23,4.35
2026-09-03,actual,phuket,kl_khukkhak,6,1.03,8.35,254.53,1.52,295.43,5.05,0.22,6.62
2026-09-03,actual,phuket,kl_khukkhak,7,1.07,8.32,254.53,1.96,302.31,6.1,0.19,6.52
2026-09-03,actual,phuket,kl_khukkhak,8,1.04,8.28,255.03,2.14,291.73,5.65,0.23,6.41
2026-09-03,actual,phuket,kl_khukkhak,9,1.02,8.18,255.54,2.94,284.18,6.4,0.33,6.18
2026-09-03,actual,phuket,kl_khukkhak,10,0.99,8.13,256.04,3.04,280.6,7.25,0.47,6.26
2026-09-03,actual,phuket,kl_khukkhak,11,1.02,8.13,256.04,3.16,277.8,7.7,0.61,6.33
2026-09-03,actual,phuket,kl_khukkhak,12,1.03,8.15,256.3,3.77,277.6,8.3,0.71,6.01
2026-09-03,actual,phuket,kl_khukkhak,13,1.06,8.15,256.3,4.23,275.4,9.2,0.75,5.89
2026-09-03,actual,phuket,kl_khukkhak,14,1.09,8.05,256.04,4.24,277,10.15,0.71,5.95
2026-09-03,actual,phuket,kl_khukkhak,15,1.13,7.88,256.3,4.13,276.4,9.9,0.63,6.13
2026-09-03,actual,phuket,kl_khukkhak,16,1.16,7.78,256.04,4.1,272.99,9.25,0.5,6.21
2026-09-03,actual,phuket,kl_khukkhak,17,1.14,7.75,255.79,3.31,271.59,8.75,0.34,6.15
2026-09-03,actual,phuket,kl_khukkhak,18,1.15,7.7,255.54,2.92,269.62,7.3,0.23,6.09
2026-09-03,actual,khaolak,khukkhak,6,1.03,8.35,254.53,1.52,295.43,5.05,0.22,6.62
2026-09-03,actual,khaolak,khukkhak,7,1.07,8.32,254.53,1.96,302.31,6.1,0.19,6.52
2026-09-03,actual,khaolak,khukkhak,8,1.04,8.28,255.03,2.14,291.73,5.65,0.23,6.41
2026-09-03,actual,khaolak,khukkhak,9,1.02,8.18,255.54,2.94,284.18,6.4,0.33,6.18
2026-09-03,actual,khaolak,khukkhak,10,0.99,8.13,256.04,3.04,280.6,7.25,0.47,6.26
2026-09-03,actual,khaolak,khukkhak,11,1.02,8.13,256.04,3.16,277.8,7.7,0.61,6.33
2026-09-03,actual,khaolak,khukkhak,12,1.03,8.15,256.3,3.77,277.6,8.3,0.71,6.01
2026-09-03,actual,khaolak,khukkhak,13,1.06,8.15,256.3,4.23,275.4,9.2,0.75,5.89
2026-09-03,actual,khaolak,khukkhak,14,1.09,8.05,256.04,4.24,277,10.15,0.71,5.95
2026-09-03,actual,khaolak,khukkhak,15,1.13,7.88,256.3,4.13,276.4,9.9,0.63,6.13
2026-09-03,actual,khaolak,khukkhak,16,1.16,7.78,256.04,4.1,272.99,9.25,0.5,6.21
2026-09-03,actual,khaolak,khukkhak,17,1.14,7.75,255.79,3.31,271.59,8.75,0.34,6.15
2026-09-03,actual,khaolak,khukkhak,18,1.15,7.7,255.54,2.92,269.62,7.3,0.23,6.09
2026-09-03,actual,khaolak,pakarang,6,1.03,8.35,254.53,1.52,295.43,5.05,0.22,5.71
2026-09-03,actual,khaolak,pakarang,7,1.07,8.32,254.53,1.96,302.31,6.1,0.19,5.62
2026-09-03,actual,khaolak,pakarang,8,1.04,8.28,255.03,2.14,291.73,5.65,0.23,5.48
2026-09-03,actual,khaolak,pakarang,9,1.02,8.18,255.54,2.94,284.18,6.4,0.33,5.24
2026-09-03,actual,khaolak,pakarang,10,0.99,8.13,256.04,3.04,280.6,7.25,0.47,5.3
2026-09-03,actual,khaolak,pakarang,11,1.02,8.13,256.04,3.16,277.8,7.7,0.61,5.37
2026-09-03,actual,khaolak,pakarang,12,1.03,8.15,256.3,3.77,277.6,8.3,0.71,5.04
2026-09-03,actual,khaolak,pakarang,13,1.06,8.15,256.3,4.23,275.4,9.2,0.75,4.92
2026-09-03,actual,khaolak,pakarang,14,1.09,8.05,256.04,4.24,277,10.15,0.71,5
2026-09-03,actual,khaolak,pakarang,15,1.13,7.88,256.3,4.13,276.4,9.9,0.63,5.17
2026-09-03,actual,khaolak,pakarang,16,1.16,7.78,256.04,4.1,272.99,9.25,0.5,5.25
2026-09-03,actual,khaolak,pakarang,17,1.14,7.75,255.79,3.31,271.59,8.75,0.34,5.2
2026-09-03,actual,khaolak,pakarang,18,1.15,7.7,255.54,2.92,269.62,7.3,0.23,5.15
2026-09-03,actual,khaolak,bangniang,6,1.03,8.35,254.53,1.3,295.43,5.05,0.22,6.42
2026-09-03,actual,khaolak,bangniang,7,1.07,8.32,254.53,1.71,303.72,6.1,0.19,6.38
2026-09-03,actual,khaolak,bangniang,8,1.04,8.28,255.03,1.96,292.57,5.8,0.23,6.18
2026-09-03,actual,khaolak,bangniang,9,1.02,8.18,255.54,2.4,285.59,6.4,0.33,5.92
2026-09-03,actual,khaolak,bangniang,10,0.99,8.13,256.04,2.72,282.21,7.25,0.47,5.7
2026-09-03,actual,khaolak,bangniang,11,1.02,8.13,256.04,2.66,279.61,7.7,0.61,5.8
2026-09-03,actual,khaolak,bangniang,12,1.03,8.15,256.3,3.04,278.8,8.3,0.71,5.72
2026-09-03,actual,khaolak,bangniang,13,1.06,8.15,256.3,3.52,276.01,9.2,0.75,5.64
2026-09-03,actual,khaolak,bangniang,14,1.09,8.05,256.04,3.6,277.81,10.2,0.71,5.64
2026-09-03,actual,khaolak,bangniang,15,1.13,7.88,256.3,3.67,277.2,10.25,0.63,5.62
2026-09-03,actual,khaolak,bangniang,16,1.16,7.78,256.04,3.24,274.2,9.8,0.5,5.78
2026-09-03,actual,khaolak,bangniang,17,1.14,7.75,255.79,2.75,273,8.9,0.34,5.87
2026-09-03,actual,khaolak,bangniang,18,1.15,7.7,255.54,2.45,270.82,7.3,0.23,5.97
2026-09-03,actual,khaolak,nangthong,6,1.06,8.43,253.27,1.12,297.46,5.05,0.22,7.42
2026-09-03,actual,khaolak,nangthong,7,1.09,8.43,253.27,1.22,302.47,6.1,0.19,6.6
2026-09-03,actual,khaolak,nangthong,8,1.06,8.3,253.77,1.17,293.65,5.8,0.23,7.35
2026-09-03,actual,khaolak,nangthong,9,1.04,8.18,254.28,1.33,286.51,6.4,0.33,6.46
2026-09-03,actual,khaolak,nangthong,10,1.01,8.13,254.78,1.7,283,7.25,0.47,6.44
2026-09-03,actual,khaolak,nangthong,11,1.04,8.13,255.03,1.91,280.21,7.7,0.61,6.5
2026-09-03,actual,khaolak,nangthong,12,1.06,8.15,255.04,2.6,278.8,8.3,0.71,6.18
2026-09-03,actual,khaolak,nangthong,13,1.09,8.15,255.29,3.52,274.41,9.2,0.74,5.91
2026-09-03,actual,khaolak,nangthong,14,1.12,8.05,255.29,3.57,276.79,10.2,0.71,5.98
2026-09-03,actual,khaolak,nangthong,15,1.17,7.88,255.29,3.64,276.8,10.25,0.63,6.12
2026-09-03,actual,khaolak,nangthong,16,1.2,7.78,255.29,3.24,274.01,9.8,0.5,6.32
2026-09-03,actual,khaolak,nangthong,17,1.18,7.75,255.03,2.35,274.41,8.9,0.34,6.29
2026-09-03,actual,khaolak,nangthong,18,1.16,7.7,254.53,1.87,274.26,7.3,0.22,6.16
2026-09-03,actual,khaolak,pakweep,6,1.03,8.35,254.53,1.52,295.43,5.05,0.22,5.97
2026-09-03,actual,khaolak,pakweep,7,1.07,8.32,254.53,1.96,302.31,6.1,0.19,5.93
2026-09-03,actual,khaolak,pakweep,8,1.04,8.28,255.03,2.14,291.73,5.65,0.23,5.75
2026-09-03,actual,khaolak,pakweep,9,1.02,8.18,255.54,2.94,284.18,6.4,0.33,5.36
2026-09-03,actual,khaolak,pakweep,10,0.99,8.13,256.04,3.04,280.6,7.25,0.47,5.21
2026-09-03,actual,khaolak,pakweep,11,1.02,8.13,256.04,3.16,277.8,7.7,0.61,5.26
2026-09-03,actual,khaolak,pakweep,12,1.03,8.15,256.3,3.77,277.6,8.3,0.71,5.1
2026-09-03,actual,khaolak,pakweep,13,1.06,8.15,256.3,4.23,275.4,9.2,0.75,5.03
2026-09-03,actual,khaolak,pakweep,14,1.09,8.05,256.04,4.24,277,10.15,0.71,5.05
2026-09-03,actual,khaolak,pakweep,15,1.13,7.88,256.3,4.13,276.4,9.9,0.63,5.09
2026-09-03,actual,khaolak,pakweep,16,1.16,7.78,256.04,4.1,272.99,9.25,0.5,5.12
2026-09-03,actual,khaolak,pakweep,17,1.14,7.75,255.79,3.31,271.59,8.75,0.34,5.31
2026-09-03,actual,khaolak,pakweep,18,1.15,7.7,255.54,2.92,269.62,7.3,0.23,5.44
2026-09-03,actual,khaolak,bangsak,6,0.94,8.32,254.34,1.12,293.56,5.05,0.22,6.68
2026-09-03,actual,khaolak,bangsak,7,0.97,8.3,254.34,1.12,300.68,6.1,0.19,6.76
2026-09-03,actual,khaolak,bangsak,8,0.95,8.25,254.59,1.22,289.85,5.65,0.23,5.8
2026-09-03,actual,khaolak,bangsak,9,0.92,8.15,254.84,1.43,282.97,6.4,0.33,5.57
2026-09-03,actual,khaolak,bangsak,10,0.9,8.1,255.1,1.73,279.2,7.25,0.47,5.38
2026-09-03,actual,khaolak,bangsak,11,0.91,8.1,255.1,1.94,276.61,7.7,0.62,5.34
2026-09-03,actual,khaolak,bangsak,12,0.93,8.13,254.85,2.5,276.2,8.3,0.72,5.22
2026-09-03,actual,khaolak,bangsak,13,0.94,8.13,254.85,3.52,274.21,9.2,0.75,4.9
2026-09-03,actual,khaolak,bangsak,14,0.94,8.02,254.85,3.6,276,10.15,0.71,4.81
2026-09-03,actual,khaolak,bangsak,15,0.93,7.85,254.85,3.35,275,9.9,0.64,4.76
2026-09-03,actual,khaolak,bangsak,16,0.93,7.75,254.85,3.21,272.2,9.25,0.51,4.75
2026-09-03,actual,khaolak,bangsak,17,0.92,7.7,254.6,2.4,270.6,8.75,0.35,4.97
2026-09-03,actual,khaolak,bangsak,18,0.96,7.65,254.61,1.87,268.22,7.3,0.22,5.24
2026-09-04,actual,phuket,naiharn,6,1.2,7.53,264.5,3.29,285.41,6.65,0.38,4.5
2026-09-04,actual,phuket,naiharn,7,1.19,7.5,264.25,3.29,283.6,6.6,0.29,4.36
2026-09-04,actual,phuket,naiharn,8,1.2,7.48,264,3.74,281.81,7.45,0.26,4.15
2026-09-04,actual,phuket,naiharn,9,1.18,7.45,264,3.98,281.2,7.15,0.28,4.09
2026-09-04,actual,phuket,naiharn,10,1.16,7.43,263.75,4.24,280.6,7.05,0.36,4.1
2026-09-04,actual,phuket,naiharn,11,1.14,7.4,263.75,4.49,282,6.9,0.46,4.16
2026-09-04,actual,phuket,naiharn,12,1.13,7.4,263.75,4.57,283.4,7.25,0.56,4.25
2026-09-04,actual,phuket,naiharn,13,1.11,7.38,264,4.54,285.2,7.2,0.63,4.13
2026-09-04,actual,phuket,naiharn,14,1.09,7.32,264,4.72,286,7.2,0.65,4.01
2026-09-04,actual,phuket,naiharn,15,1.07,7.25,264.5,4.62,287.61,6.9,0.63,4.03
2026-09-04,actual,phuket,naiharn,16,1.04,7.18,264.75,4.24,288.4,6.8,0.57,4.22
2026-09-04,actual,phuket,naiharn,17,1.02,7.13,265,3.94,291.8,6.7,0.48,4.2
2026-09-04,actual,phuket,naiharn,18,1,7.13,265,3.68,295.2,6.95,0.38,4.13
2026-09-04,actual,phuket,kata,6,1.2,7.53,265,3.29,285.41,6.65,0.38,6.02
2026-09-04,actual,phuket,kata,7,1.19,7.5,265,3.29,283.6,6.6,0.29,5.85
2026-09-04,actual,phuket,kata,8,1.2,7.48,264.5,3.74,281.81,7.45,0.26,5.64
2026-09-04,actual,phuket,kata,9,1.18,7.45,264.5,3.98,281.2,7.15,0.28,5.54
2026-09-04,actual,phuket,kata,10,1.16,7.43,264.25,4.24,280.6,7.05,0.36,5.5
2026-09-04,actual,phuket,kata,11,1.14,7.4,264.5,4.49,282,6.9,0.46,5.52
2026-09-04,actual,phuket,kata,12,1.13,7.4,264.5,4.57,283.4,7.25,0.56,5.59
2026-09-04,actual,phuket,kata,13,1.11,7.38,264.75,4.54,285.2,7.2,0.63,5.44
2026-09-04,actual,phuket,kata,14,1.09,7.32,264.75,4.72,286,7.2,0.65,5.27
2026-09-04,actual,phuket,kata,15,1.07,7.25,265.25,4.62,287.61,6.9,0.63,5.26
2026-09-04,actual,phuket,kata,16,1.04,7.18,265.5,4.24,288.4,6.8,0.57,5.38
2026-09-04,actual,phuket,kata,17,1.02,7.13,265.75,3.94,291.8,6.7,0.48,5.33
2026-09-04,actual,phuket,kata,18,1,7.13,265.75,3.68,295.2,6.95,0.38,5.22
2026-09-04,actual,phuket,patong,6,1.19,7.9,263.5,3.29,285.41,7,0.37,5.31
2026-09-04,actual,phuket,patong,7,1.15,7.88,263.75,3.29,282.22,6.95,0.29,5.04
2026-09-04,actual,phuket,patong,8,1.16,7.9,263.5,3.74,280.62,7.15,0.26,4.89
2026-09-04,actual,phuket,patong,9,1.15,7.85,263.25,3.7,280.8,6.9,0.29,4.88
2026-09-04,actual,phuket,patong,10,1.12,7.82,263.25,4.04,280.8,7.05,0.36,4.78
2026-09-04,actual,phuket,patong,11,1.1,7.8,263.5,3.91,281.8,7.05,0.47,4.92
2026-09-04,actual,phuket,patong,12,1.09,7.8,263.5,4.52,283.4,7.4,0.56,4.8
2026-09-04,actual,phuket,patong,13,1.08,7.68,263.75,4.54,286.17,7.5,0.63,4.58
2026-09-04,actual,phuket,patong,14,1.06,7.58,263.75,4.72,286.98,7.5,0.65,4.38
2026-09-04,actual,phuket,patong,15,1.04,7.53,264.25,4.62,288.79,7.3,0.63,4.44
2026-09-04,actual,phuket,patong,16,1.02,7.48,264.5,4.24,289.78,6.95,0.57,4.64
2026-09-04,actual,phuket,patong,17,1,7.45,264.75,3.94,292.99,6.7,0.47,4.63
2026-09-04,actual,phuket,patong,18,0.98,7.43,264.75,3.68,295.99,6.7,0.38,4.55
2026-09-04,actual,phuket,karon,6,1.19,7.53,265,3.29,285.41,6.65,0.37,4.85
2026-09-04,actual,phuket,karon,7,1.17,7.5,265,3.29,283.6,6.6,0.29,4.64
2026-09-04,actual,phuket,karon,8,1.19,7.48,264.5,3.74,281.81,7.45,0.26,4.46
2026-09-04,actual,phuket,karon,9,1.18,7.45,264.5,3.98,281.2,7.15,0.29,4.39
2026-09-04,actual,phuket,karon,10,1.16,7.43,264.25,4.24,280.6,7.05,0.36,4.36
2026-09-04,actual,phuket,karon,11,1.14,7.4,264.5,4.49,282,6.9,0.47,4.39
2026-09-04,actual,phuket,karon,12,1.13,7.4,264.5,4.57,283.4,7.25,0.56,4.51
2026-09-04,actual,phuket,karon,13,1.11,7.38,264.75,4.54,285.2,7.2,0.63,4.58
2026-09-04,actual,phuket,karon,14,1.08,7.32,264.75,4.72,286,7.2,0.65,4.46
2026-09-04,actual,phuket,karon,15,1.06,7.25,265.25,4.62,287.61,6.9,0.63,4.37
2026-09-04,actual,phuket,karon,16,1.03,7.18,265.5,4.24,288.4,6.8,0.57,4.29
2026-09-04,actual,phuket,karon,17,1.01,7.13,265.75,3.94,291.8,6.7,0.47,4.17
2026-09-04,actual,phuket,karon,18,0.99,7.13,265.75,3.68,295.2,6.95,0.38,4.06
2026-09-04,actual,phuket,katanoi,6,1.2,7.53,265,3.29,285.41,6.65,0.38,4.43
2026-09-04,actual,phuket,katanoi,7,1.19,7.5,265,3.29,283.6,6.6,0.29,4.25
2026-09-04,actual,phuket,katanoi,8,1.2,7.48,264.5,3.74,281.81,7.45,0.26,4.04
2026-09-04,actual,phuket,katanoi,9,1.18,7.45,264.5,3.98,281.2,7.15,0.28,3.92
2026-09-04,actual,phuket,katanoi,10,1.16,7.43,264.25,4.24,280.6,7.05,0.36,3.88
2026-09-04,actual,phuket,katanoi,11,1.14,7.4,264.5,4.49,282,6.9,0.46,3.9
2026-09-04,actual,phuket,katanoi,12,1.13,7.4,264.5,4.57,283.4,7.25,0.56,4.02
2026-09-04,actual,phuket,katanoi,13,1.11,7.38,264.75,4.54,285.2,7.2,0.63,4.07
2026-09-04,actual,phuket,katanoi,14,1.09,7.32,264.75,4.72,286,7.2,0.65,3.96
2026-09-04,actual,phuket,katanoi,15,1.07,7.25,265.25,4.62,287.61,6.9,0.63,3.86
2026-09-04,actual,phuket,katanoi,16,1.04,7.18,265.5,4.24,288.4,6.8,0.57,3.78
2026-09-04,actual,phuket,katanoi,17,1.02,7.13,265.75,3.94,291.8,6.7,0.48,3.71
2026-09-04,actual,phuket,katanoi,18,1,7.13,265.75,3.68,295.2,6.95,0.38,3.62
2026-09-04,actual,phuket,kalim,6,1.19,7.9,263.5,3.29,285.41,7,0.37,3.65
2026-09-04,actual,phuket,kalim,7,1.15,7.88,263.75,3.29,282.22,6.95,0.29,3.53
2026-09-04,actual,phuket,kalim,8,1.16,7.9,263.5,3.74,280.62,7.15,0.26,3.57
2026-09-04,actual,phuket,kalim,9,1.15,7.85,263.25,3.7,280.8,6.9,0.29,3.52
2026-09-04,actual,phuket,kalim,10,1.12,7.82,263.25,4.04,280.8,7.05,0.36,3.43
2026-09-04,actual,phuket,kalim,11,1.1,7.8,263.5,3.91,281.8,7.05,0.47,3.37
2026-09-04,actual,phuket,kalim,12,1.09,7.8,263.5,4.52,283.4,7.4,0.56,3.34
2026-09-04,actual,phuket,kalim,13,1.08,7.68,263.75,4.54,286.17,7.5,0.63,3.27
2026-09-04,actual,phuket,kalim,14,1.06,7.58,263.75,4.72,286.98,7.5,0.65,3.18
2026-09-04,actual,phuket,kalim,15,1.04,7.53,264.25,4.62,288.79,7.3,0.63,3.11
2026-09-04,actual,phuket,kalim,16,1.02,7.48,264.5,4.24,289.78,6.95,0.57,3.04
2026-09-04,actual,phuket,kalim,17,1,7.45,264.75,3.94,292.99,6.7,0.47,2.98
2026-09-04,actual,phuket,kalim,18,0.98,7.43,264.75,3.68,295.99,6.7,0.38,2.92
2026-09-04,actual,phuket,kamala,6,1.19,7.95,262.5,3.29,285.41,7,0.37,4.93
2026-09-04,actual,phuket,kamala,7,1.16,7.93,262.75,3.29,282.22,6.95,0.29,4.84
2026-09-04,actual,phuket,kamala,8,1.17,7.9,262.75,3.74,280.62,7.15,0.26,4.7
2026-09-04,actual,phuket,kamala,9,1.17,7.85,262.5,3.7,281,6.9,0.29,4.67
2026-09-04,actual,phuket,kamala,10,1.14,7.82,262.5,4.04,281.41,7.05,0.36,4.46
2026-09-04,actual,phuket,kamala,11,1.12,7.8,262.5,3.91,282.21,7.05,0.47,4.44
2026-09-04,actual,phuket,kamala,12,1.11,7.8,262.75,4.51,284,7.4,0.57,4.21
2026-09-04,actual,phuket,kamala,13,1.07,7.75,263,4.49,286.97,7.5,0.63,4.08
2026-09-04,actual,phuket,kamala,14,1.05,7.68,263,4.67,287.98,7.5,0.65,3.92
2026-09-04,actual,phuket,kamala,15,1.02,7.6,263.5,4.62,289.58,7.3,0.63,3.82
2026-09-04,actual,phuket,kamala,16,1.01,7.53,263.5,4.24,290.18,6.95,0.57,3.88
2026-09-04,actual,phuket,kamala,17,0.99,7.5,263.75,3.94,293.18,6.7,0.47,3.92
2026-09-04,actual,phuket,kamala,18,0.97,7.45,263.75,3.68,295.99,6.7,0.37,3.95
2026-09-04,actual,phuket,surin,6,1.19,7.95,262.5,3.29,282.6,7,0.37,4.93
2026-09-04,actual,phuket,surin,7,1.16,7.93,262.75,3.29,279.41,6.95,0.29,4.71
2026-09-04,actual,phuket,surin,8,1.17,7.9,262.75,3.74,278.41,7.15,0.26,4.52
2026-09-04,actual,phuket,surin,9,1.17,7.85,262.5,3.7,279.61,6.9,0.29,4.55
2026-09-04,actual,phuket,surin,10,1.14,7.82,262.5,3.67,281.01,7.05,0.36,4.58
2026-09-04,actual,phuket,surin,11,1.12,7.8,262.5,3.83,282.21,7.05,0.47,4.66
2026-09-04,actual,phuket,surin,12,1.11,7.8,262.75,4.21,284.6,7.4,0.57,4.64
2026-09-04,actual,phuket,surin,13,1.07,7.75,263,4.3,286.97,7.5,0.63,4.47
2026-09-04,actual,phuket,surin,14,1.05,7.68,263,4.33,287.58,7.5,0.65,4.39
2026-09-04,actual,phuket,surin,15,1.02,7.6,263.5,4.05,289.18,7.3,0.63,4.49
2026-09-04,actual,phuket,surin,16,1.01,7.53,263.5,3.79,290.58,6.95,0.57,4.65
2026-09-04,actual,phuket,surin,17,0.99,7.5,263.75,3.73,293.18,6.7,0.47,4.55
2026-09-04,actual,phuket,surin,18,0.97,7.45,263.75,3.68,295.79,6.7,0.37,4.38
2026-09-04,actual,phuket,bangtao,6,1.17,7.95,262,3.29,282.6,7,0.37,5.26
2026-09-04,actual,phuket,bangtao,7,1.14,7.93,262.25,3.29,279.41,6.95,0.29,5.17
2026-09-04,actual,phuket,bangtao,8,1.15,7.9,262.25,3.74,278.41,7.15,0.26,5.03
2026-09-04,actual,phuket,bangtao,9,1.15,7.85,262,3.7,279.61,6.9,0.29,5
2026-09-04,actual,phuket,bangtao,10,1.14,7.82,262,3.67,281.01,7.05,0.37,4.97
2026-09-04,actual,phuket,bangtao,11,1.12,7.8,262,3.83,282.21,7.05,0.47,4.85
2026-09-04,actual,phuket,bangtao,12,1.09,7.8,262,4.21,284.6,7.4,0.57,4.64
2026-09-04,actual,phuket,bangtao,13,1.05,7.75,262.25,4.3,286.97,7.5,0.63,4.48
2026-09-04,actual,phuket,bangtao,14,1.04,7.68,262.25,4.33,287.58,7.5,0.65,4.4
2026-09-04,actual,phuket,bangtao,15,1.02,7.6,263,4.05,289.18,7.3,0.63,4.42
2026-09-04,actual,phuket,bangtao,16,1.01,7.53,263,3.79,290.58,6.95,0.56,4.44
2026-09-04,actual,phuket,bangtao,17,0.99,7.5,263.25,3.73,293.18,6.7,0.47,4.4
2026-09-04,actual,phuket,bangtao,18,0.97,7.45,263.25,3.68,295.79,6.7,0.37,4.34
2026-09-04,actual,phuket,layan,6,1.17,7.95,262,3.29,282.6,7,0.37,5.29
2026-09-04,actual,phuket,layan,7,1.14,7.93,262.25,3.29,279.41,6.95,0.29,5.18
2026-09-04,actual,phuket,layan,8,1.15,7.9,262.25,3.74,278.41,7.15,0.26,5.04
2026-09-04,actual,phuket,layan,9,1.15,7.85,262,3.7,279.61,6.9,0.29,5.02
2026-09-04,actual,phuket,layan,10,1.14,7.82,262,3.67,281.01,7.05,0.37,4.98
2026-09-04,actual,phuket,layan,11,1.12,7.8,262,3.83,282.21,7.05,0.47,4.85
2026-09-04,actual,phuket,layan,12,1.09,7.8,262,4.21,284.6,7.4,0.57,4.62
2026-09-04,actual,phuket,layan,13,1.05,7.75,262.25,4.3,286.97,7.5,0.63,4.44
2026-09-04,actual,phuket,layan,14,1.04,7.68,262.25,4.33,287.58,7.5,0.65,4.35
2026-09-04,actual,phuket,layan,15,1.02,7.6,263,4.05,289.18,7.3,0.63,4.35
2026-09-04,actual,phuket,layan,16,1.01,7.53,263,3.79,290.58,6.95,0.56,4.36
2026-09-04,actual,phuket,layan,17,0.99,7.5,263.25,3.73,293.18,6.7,0.47,4.31
2026-09-04,actual,phuket,layan,18,0.97,7.45,263.25,3.68,295.79,6.7,0.37,4.24
2026-09-04,actual,phuket,naithon,6,1.17,7.95,262,3.29,283.2,7,0.37,5.79
2026-09-04,actual,phuket,naithon,7,1.14,7.93,262.25,3.29,280.41,6.95,0.29,5.57
2026-09-04,actual,phuket,naithon,8,1.15,7.9,262.25,3.38,278.61,6.9,0.26,5.5
2026-09-04,actual,phuket,naithon,9,1.15,7.85,262,3.52,280.01,6.9,0.29,5.47
2026-09-04,actual,phuket,naithon,10,1.14,7.82,262,3.67,281.81,7.05,0.37,5.49
2026-09-04,actual,phuket,naithon,11,1.12,7.8,262,3.83,282.41,7.05,0.47,5.52
2026-09-04,actual,phuket,naithon,12,1.09,7.8,262,4.16,284,7.4,0.57,5.44
2026-09-04,actual,phuket,naithon,13,1.05,7.75,262.25,4.18,286.77,7.5,0.63,5.19
2026-09-04,actual,phuket,naithon,14,1.04,7.68,262.25,4.24,287.18,7.5,0.65,5.07
2026-09-04,actual,phuket,naithon,15,1.02,7.6,263,4.05,288.98,7.3,0.63,5.08
2026-09-04,actual,phuket,naithon,16,1.01,7.53,263,3.79,290.78,6.95,0.56,5.21
2026-09-04,actual,phuket,naithon,17,0.99,7.5,263.25,3.73,293.38,6.7,0.47,5.05
2026-09-04,actual,phuket,naithon,18,0.97,7.45,263.25,3.57,295.99,6.7,0.37,4.86
2026-09-04,actual,phuket,naiyang,6,1.12,7.95,261.25,3.29,283.2,7,0.36,5.05
2026-09-04,actual,phuket,naiyang,7,1.11,7.93,261.25,3.29,280.41,6.95,0.29,4.87
2026-09-04,actual,phuket,naiyang,8,1.1,7.9,261.25,3.38,278.61,6.9,0.26,4.75
2026-09-04,actual,phuket,naiyang,9,1.1,7.85,261.25,3.52,280.01,6.9,0.29,4.72
2026-09-04,actual,phuket,naiyang,10,1.11,7.82,261.25,3.67,281.81,7.05,0.37,4.81
2026-09-04,actual,phuket,naiyang,11,1.08,7.8,261.25,3.83,282.41,7.05,0.47,4.82
2026-09-04,actual,phuket,naiyang,12,1.04,7.8,261.25,4.16,284,7.4,0.57,4.74
2026-09-04,actual,phuket,naiyang,13,1.03,7.75,261.5,4.18,286.77,7.5,0.63,4.78
2026-09-04,actual,phuket,naiyang,14,1.02,7.68,261.5,4.24,287.18,7.5,0.65,4.72
2026-09-04,actual,phuket,naiyang,15,1,7.6,262,4.05,288.98,7.3,0.63,4.64
2026-09-04,actual,phuket,naiyang,16,0.99,7.53,262,3.79,290.78,6.95,0.56,4.54
2026-09-04,actual,phuket,naiyang,17,0.97,7.5,262.25,3.73,293.38,6.7,0.47,4.33
2026-09-04,actual,phuket,naiyang,18,0.96,7.45,262.75,3.57,295.99,6.7,0.37,4.17
2026-09-04,actual,phuket,kl_khukkhak,6,1.09,7.38,257.75,1.71,283.48,5.5,0.35,6.37
2026-09-04,actual,phuket,kl_khukkhak,7,1.06,7.3,257.5,2.01,282.95,5.55,0.27,6.01
2026-09-04,actual,phuket,kl_khukkhak,8,1.04,7.25,257.75,1.9,278.01,5.75,0.26,5.95
2026-09-04,actual,phuket,kl_khukkhak,9,1.03,7.18,257.5,2.02,275.42,6.25,0.3,5.89
2026-09-04,actual,phuket,kl_khukkhak,10,1.01,7.13,257.75,2.55,275.43,6.7,0.37,5.75
2026-09-04,actual,phuket,kl_khukkhak,11,1,7.1,258,2.96,276.61,7.15,0.47,5.73
2026-09-04,actual,phuket,kl_khukkhak,12,0.98,7.13,258.25,3.3,280.41,7.35,0.57,5.66
2026-09-04,actual,phuket,kl_khukkhak,13,0.97,7.13,258.25,3.55,284.8,7.55,0.64,5.45
2026-09-04,actual,phuket,kl_khukkhak,14,0.96,7.08,258.75,3.34,285.6,7.5,0.65,5.45
2026-09-04,actual,phuket,kl_khukkhak,15,0.94,7.03,259.5,3.67,287.4,7.5,0.63,5.31
2026-09-04,actual,phuket,kl_khukkhak,16,0.93,6.95,260,3.26,287.6,7.5,0.57,5.49
2026-09-04,actual,phuket,kl_khukkhak,17,0.92,6.9,260.25,3.06,289.4,7.05,0.47,5.4
2026-09-04,actual,phuket,kl_khukkhak,18,0.9,6.88,260.5,2.16,293.4,6.4,0.37,5.49
2026-09-04,actual,khaolak,khukkhak,6,1.09,7.38,257.75,1.71,283.48,5.5,0.35,6.37
2026-09-04,actual,khaolak,khukkhak,7,1.06,7.3,257.5,2.01,282.95,5.55,0.27,6.01
2026-09-04,actual,khaolak,khukkhak,8,1.04,7.25,257.75,1.9,278.01,5.75,0.26,5.95
2026-09-04,actual,khaolak,khukkhak,9,1.03,7.18,257.5,2.02,275.42,6.25,0.3,5.89
2026-09-04,actual,khaolak,khukkhak,10,1.01,7.13,257.75,2.55,275.43,6.7,0.37,5.75
2026-09-04,actual,khaolak,khukkhak,11,1,7.1,258,2.96,276.61,7.15,0.47,5.73
2026-09-04,actual,khaolak,khukkhak,12,0.98,7.13,258.25,3.3,280.41,7.35,0.57,5.66
2026-09-04,actual,khaolak,khukkhak,13,0.97,7.13,258.25,3.55,284.8,7.55,0.64,5.45
2026-09-04,actual,khaolak,khukkhak,14,0.96,7.08,258.75,3.34,285.6,7.5,0.65,5.45
2026-09-04,actual,khaolak,khukkhak,15,0.94,7.03,259.5,3.67,287.4,7.5,0.63,5.31
2026-09-04,actual,khaolak,khukkhak,16,0.93,6.95,260,3.26,287.6,7.5,0.57,5.49
2026-09-04,actual,khaolak,khukkhak,17,0.92,6.9,260.25,3.06,289.4,7.05,0.47,5.4
2026-09-04,actual,khaolak,khukkhak,18,0.9,6.88,260.5,2.16,293.4,6.4,0.37,5.49
2026-09-04,actual,khaolak,pakarang,6,1.09,7.38,257.75,1.71,283.48,5.5,0.35,5.35
2026-09-04,actual,khaolak,pakarang,7,1.06,7.3,257.5,2.01,282.95,5.55,0.27,4.99
2026-09-04,actual,khaolak,pakarang,8,1.04,7.25,257.75,1.9,278.01,5.75,0.26,4.92
2026-09-04,actual,khaolak,pakarang,9,1.03,7.18,257.5,2.02,275.42,6.25,0.3,4.88
2026-09-04,actual,khaolak,pakarang,10,1.01,7.13,257.75,2.55,275.43,6.7,0.37,4.78
2026-09-04,actual,khaolak,pakarang,11,1,7.1,258,2.96,276.61,7.15,0.47,4.77
2026-09-04,actual,khaolak,pakarang,12,0.98,7.13,258.25,3.3,280.41,7.35,0.57,4.73
2026-09-04,actual,khaolak,pakarang,13,0.97,7.13,258.25,3.55,284.8,7.55,0.64,4.54
2026-09-04,actual,khaolak,pakarang,14,0.96,7.08,258.75,3.34,285.6,7.5,0.65,4.55
2026-09-04,actual,khaolak,pakarang,15,0.94,7.03,259.5,3.67,287.4,7.5,0.63,4.44
2026-09-04,actual,khaolak,pakarang,16,0.93,6.95,260,3.26,287.6,7.5,0.57,4.64
2026-09-04,actual,khaolak,pakarang,17,0.92,6.9,260.25,3.06,289.4,7.05,0.47,4.58
2026-09-04,actual,khaolak,pakarang,18,0.9,6.88,260.5,2.16,293.4,6.4,0.37,4.58
2026-09-04,actual,khaolak,bangniang,6,1.09,7.38,257.75,1.71,284.7,5.5,0.35,5.88
2026-09-04,actual,khaolak,bangniang,7,1.06,7.3,257.5,2.01,284.16,5.55,0.27,5.65
2026-09-04,actual,khaolak,bangniang,8,1.04,7.25,257.75,1.9,279.81,5.75,0.26,5.61
2026-09-04,actual,khaolak,bangniang,9,1.03,7.18,257.5,2.02,277.44,6.25,0.3,5.49
2026-09-04,actual,khaolak,bangniang,10,1.01,7.13,257.75,2.42,276.44,6.7,0.37,5.27
2026-09-04,actual,khaolak,bangniang,11,1,7.1,258,2.96,278.22,7.15,0.47,5.05
2026-09-04,actual,khaolak,bangniang,12,0.98,7.13,258.25,3.3,281.21,7.35,0.57,4.9
2026-09-04,actual,khaolak,bangniang,13,0.97,7.13,258.25,3.28,285.2,7.55,0.64,4.88
2026-09-04,actual,khaolak,bangniang,14,0.96,7.08,258.75,3.07,286,7.5,0.65,4.91
2026-09-04,actual,khaolak,bangniang,15,0.94,7.03,259.5,3.52,288.2,7.5,0.63,4.68
2026-09-04,actual,khaolak,bangniang,16,0.93,6.95,260,2.92,288.6,7.5,0.57,4.83
2026-09-04,actual,khaolak,bangniang,17,0.92,6.9,260.25,2.55,291.2,7.05,0.47,4.91
2026-09-04,actual,khaolak,bangniang,18,0.9,6.88,260.5,1.84,295.2,6.4,0.37,5.09
2026-09-04,actual,khaolak,nangthong,6,1.09,7.75,256.5,1.12,289.99,5.5,0.35,7.32
2026-09-04,actual,khaolak,nangthong,7,1.06,7.65,256.25,1.24,290.49,5.55,0.27,6.15
2026-09-04,actual,khaolak,nangthong,8,1.04,7.63,256.5,1.36,284.58,5.75,0.26,6.01
2026-09-04,actual,khaolak,nangthong,9,1.03,7.6,256.25,1.87,279.65,6.25,0.3,5.85
2026-09-04,actual,khaolak,nangthong,10,1.01,7.57,256.5,2.35,278.04,6.7,0.37,5.73
2026-09-04,actual,khaolak,nangthong,11,1,7.5,256.75,2.51,278.42,7.15,0.47,5.75
2026-09-04,actual,khaolak,nangthong,12,0.98,7.43,257,2.63,280.4,7.35,0.57,5.7
2026-09-04,actual,khaolak,nangthong,13,0.97,7.35,257,3.28,283.6,7.55,0.64,5.29
2026-09-04,actual,khaolak,nangthong,14,0.96,7.25,257.5,2.65,284.79,7.5,0.65,5.4
2026-09-04,actual,khaolak,nangthong,15,0.94,7.15,258,3.22,287.2,7.5,0.62,5.14
2026-09-04,actual,khaolak,nangthong,16,0.93,7.05,258.5,2.6,288.39,7.5,0.56,5.37
2026-09-04,actual,khaolak,nangthong,17,0.92,6.98,258.75,2.34,290.99,7.05,0.47,5.27
2026-09-04,actual,khaolak,nangthong,18,0.9,6.93,259,1.75,296.58,6.4,0.37,5.23
2026-09-04,actual,khaolak,pakweep,6,1.09,7.38,257.75,1.71,283.48,5.5,0.35,5.51
2026-09-04,actual,khaolak,pakweep,7,1.06,7.3,257.5,2.01,282.95,5.55,0.27,5.28
2026-09-04,actual,khaolak,pakweep,8,1.04,7.25,257.75,1.9,278.01,5.75,0.26,5.23
2026-09-04,actual,khaolak,pakweep,9,1.03,7.18,257.5,2.02,275.42,6.25,0.3,5.11
2026-09-04,actual,khaolak,pakweep,10,1.01,7.13,257.75,2.55,275.43,6.7,0.37,4.85
2026-09-04,actual,khaolak,pakweep,11,1,7.1,258,2.96,276.61,7.15,0.47,4.67
2026-09-04,actual,khaolak,pakweep,12,0.98,7.13,258.25,3.3,280.41,7.35,0.57,4.52
2026-09-04,actual,khaolak,pakweep,13,0.97,7.13,258.25,3.55,284.8,7.55,0.64,4.41
2026-09-04,actual,khaolak,pakweep,14,0.96,7.08,258.75,3.34,285.6,7.5,0.65,4.44
2026-09-04,actual,khaolak,pakweep,15,0.94,7.03,259.5,3.67,287.4,7.5,0.63,4.25
2026-09-04,actual,khaolak,pakweep,16,0.93,6.95,260,3.26,287.6,7.5,0.57,4.33
2026-09-04,actual,khaolak,pakweep,17,0.92,6.9,260.25,3.06,289.4,7.05,0.47,4.35
2026-09-04,actual,khaolak,pakweep,18,0.9,6.88,260.5,2.16,293.4,6.4,0.37,4.6
2026-09-04,actual,khaolak,bangsak,6,0.93,7.2,259.25,1.4,284.5,5.5,0.35,5.12
2026-09-04,actual,khaolak,bangsak,7,0.93,7.18,259,1.41,283.55,5.55,0.27,5.1
2026-09-04,actual,khaolak,bangsak,8,0.92,7.15,259.25,1.51,278.21,5.75,0.26,5.02
2026-09-04,actual,khaolak,bangsak,9,0.91,7.1,259,2.01,275.63,6.25,0.31,4.79
2026-09-04,actual,khaolak,bangsak,10,0.9,7.07,259.25,2.42,275.03,6.7,0.38,4.61
2026-09-04,actual,khaolak,bangsak,11,0.89,7.07,259.25,2.8,275.81,7.15,0.47,4.45
2026-09-04,actual,khaolak,bangsak,12,0.88,7.1,260,3.21,279.4,7.35,0.57,4.31
2026-09-04,actual,khaolak,bangsak,13,0.87,7.1,260,3.16,283.2,7.55,0.64,4.3
2026-09-04,actual,khaolak,bangsak,14,0.86,7.05,260.25,3.07,284,7.5,0.66,4.28
2026-09-04,actual,khaolak,bangsak,15,0.85,6.98,261.25,2.92,285.6,7.5,0.63,4.28
2026-09-04,actual,khaolak,bangsak,16,0.84,6.93,261.5,2.92,286,7.5,0.57,4.23
2026-09-04,actual,khaolak,bangsak,17,0.83,6.88,261.99,2.55,287.8,7.05,0.47,4.31
2026-09-04,actual,khaolak,bangsak,18,0.82,6.83,262.25,1.75,291.4,6.4,0.37,4.54
2026-09-05,actual,phuket,naiharn,6,0.88,7.18,265.25,2.84,280.39,5.2,0.53,3.75
2026-09-05,actual,phuket,naiharn,7,0.87,7.18,265.25,2.83,281.2,5.4,0.44,3.71
2026-09-05,actual,phuket,naiharn,8,0.85,7.1,265.75,3.23,278.4,5.7,0.37,3.6
2026-09-05,actual,phuket,naiharn,9,0.83,6.98,266,3.81,276,6,0.34,3.47
2026-09-05,actual,phuket,naiharn,10,0.81,6.9,266.5,3.91,273.6,6.2,0.34,3.37
2026-09-05,actual,phuket,naiharn,11,0.79,6.9,266.75,4.1,271,6.4,0.38,3.29
2026-09-05,actual,phuket,naiharn,12,0.78,6.95,266.75,4.2,271.39,6.3,0.44,3.28
2026-09-05,actual,phuket,naiharn,13,0.76,6.98,267.25,3.91,277.6,6.2,0.5,3.21
2026-09-05,actual,phuket,naiharn,14,0.75,6.93,267.5,4.12,280.8,6.2,0.54,3.16
2026-09-05,actual,phuket,naiharn,15,0.74,6.85,268,4.12,284.2,6.4,0.56,3.09
2026-09-05,actual,phuket,naiharn,16,0.73,6.78,268.25,3.96,287,6.4,0.56,3.02
2026-09-05,actual,phuket,naiharn,17,0.72,6.75,268.5,3.85,290.41,6.7,0.54,2.98
2026-09-05,actual,phuket,naiharn,18,0.72,6.75,268.5,3.76,290,6.65,0.49,2.98
2026-09-05,actual,phuket,kata,6,0.88,7.18,266.25,2.84,280.39,5.2,0.53,5.51
2026-09-05,actual,phuket,kata,7,0.87,7.18,266,2.83,281.2,5.4,0.44,5.34
2026-09-05,actual,phuket,kata,8,0.85,7.1,266.5,3.23,278.4,5.7,0.37,5.03
2026-09-05,actual,phuket,kata,9,0.83,6.98,266.75,3.81,276,6,0.34,4.68
2026-09-05,actual,phuket,kata,10,0.81,6.9,267.25,3.91,273.6,6.2,0.34,4.58
2026-09-05,actual,phuket,kata,11,0.79,6.9,267.5,4.1,271,6.4,0.38,4.53
2026-09-05,actual,phuket,kata,12,0.78,6.95,267.75,4.2,271.39,6.3,0.44,4.59
2026-09-05,actual,phuket,kata,13,0.76,6.98,268,3.91,277.6,6.2,0.5,4.76
2026-09-05,actual,phuket,kata,14,0.75,6.93,268.25,4.12,280.8,6.2,0.54,4.72
2026-09-05,actual,phuket,kata,15,0.74,6.85,268.75,4.12,284.2,6.4,0.56,4.66
2026-09-05,actual,phuket,kata,16,0.73,6.78,269,3.96,287,6.4,0.56,4.66
2026-09-05,actual,phuket,kata,17,0.72,6.75,269.25,3.85,290.41,6.7,0.54,4.68
2026-09-05,actual,phuket,kata,18,0.72,6.75,269,3.76,290,6.65,0.49,4.63
2026-09-05,actual,phuket,patong,6,0.87,7.5,265,2.84,280.59,5.1,0.52,4.44
2026-09-05,actual,phuket,patong,7,0.86,7.5,264.75,2.83,284.8,5.15,0.43,4.39
2026-09-05,actual,phuket,patong,8,0.86,7.43,265.25,3.23,281.18,5.9,0.37,4.35
2026-09-05,actual,phuket,patong,9,0.84,7.32,265.5,3.81,278.78,6.25,0.34,4.21
2026-09-05,actual,phuket,patong,10,0.83,7.25,266,3.91,276.19,6.5,0.34,4.13
2026-09-05,actual,phuket,patong,11,0.82,7.23,266.25,3.95,274.39,6.7,0.38,4.07
2026-09-05,actual,phuket,patong,12,0.81,7.23,266.5,3.91,274.81,6.7,0.44,4.02
2026-09-05,actual,phuket,patong,13,0.79,7.23,266.75,3.77,280.4,6.6,0.5,3.93
2026-09-05,actual,phuket,patong,14,0.78,7.18,266.75,3.9,283.61,6.6,0.54,3.86
2026-09-05,actual,phuket,patong,15,0.76,7.1,267.25,4.12,286.21,6.65,0.57,3.74
2026-09-05,actual,phuket,patong,16,0.75,7.05,267.25,3.96,288.61,6.45,0.57,3.67
2026-09-05,actual,phuket,patong,17,0.75,7.05,267.5,3.72,291.6,6.4,0.54,3.67
2026-09-05,actual,phuket,patong,18,0.73,7.03,267.25,3.55,291,6.25,0.49,3.57
2026-09-05,actual,phuket,karon,6,0.87,7.18,266.25,2.84,280.39,5.2,0.52,4.37
2026-09-05,actual,phuket,karon,7,0.87,7.18,266,2.83,281.2,5.4,0.43,4.22
2026-09-05,actual,phuket,karon,8,0.85,7.1,266.5,3.23,278.4,5.7,0.37,3.89
2026-09-05,actual,phuket,karon,9,0.83,6.98,266.75,3.81,276,6,0.34,3.54
2026-09-05,actual,phuket,karon,10,0.81,6.9,267.25,3.91,273.6,6.2,0.34,3.47
2026-09-05,actual,phuket,karon,11,0.79,6.9,267.5,4.1,271,6.4,0.38,3.46
2026-09-05,actual,phuket,karon,12,0.78,6.95,267.75,4.2,271.39,6.3,0.44,3.53
2026-09-05,actual,phuket,karon,13,0.76,6.98,268,3.91,277.6,6.2,0.5,3.72
2026-09-05,actual,phuket,karon,14,0.75,6.93,268.25,4.12,280.8,6.2,0.54,3.71
2026-09-05,actual,phuket,karon,15,0.74,6.85,268.75,4.12,284.2,6.4,0.57,3.72
2026-09-05,actual,phuket,karon,16,0.73,6.78,269,3.96,287,6.4,0.57,3.75
2026-09-05,actual,phuket,karon,17,0.72,6.75,269.25,3.85,290.41,6.7,0.54,3.73
2026-09-05,actual,phuket,karon,18,0.71,6.75,269,3.76,290,6.65,0.49,3.67
2026-09-05,actual,phuket,katanoi,6,0.88,7.18,266.25,2.84,280.39,5.2,0.53,4.1
2026-09-05,actual,phuket,katanoi,7,0.87,7.18,266,2.83,281.2,5.4,0.44,3.94
2026-09-05,actual,phuket,katanoi,8,0.85,7.1,266.5,3.23,278.4,5.7,0.37,3.67
2026-09-05,actual,phuket,katanoi,9,0.83,6.98,266.75,3.81,276,6,0.34,3.37
2026-09-05,actual,phuket,katanoi,10,0.81,6.9,267.25,3.91,273.6,6.2,0.34,3.31
2026-09-05,actual,phuket,katanoi,11,0.79,6.9,267.5,4.1,271,6.4,0.38,3.29
2026-09-05,actual,phuket,katanoi,12,0.78,6.95,267.75,4.2,271.39,6.3,0.44,3.37
2026-09-05,actual,phuket,katanoi,13,0.76,6.98,268,3.91,277.6,6.2,0.5,3.57
2026-09-05,actual,phuket,katanoi,14,0.75,6.93,268.25,4.12,280.8,6.2,0.54,3.56
2026-09-05,actual,phuket,katanoi,15,0.74,6.85,268.75,4.12,284.2,6.4,0.56,3.58
2026-09-05,actual,phuket,katanoi,16,0.73,6.78,269,3.96,287,6.4,0.56,3.61
2026-09-05,actual,phuket,katanoi,17,0.72,6.75,269.25,3.85,290.41,6.7,0.54,3.6
2026-09-05,actual,phuket,katanoi,18,0.72,6.75,269,3.76,290,6.65,0.49,3.54
2026-09-05,actual,phuket,kalim,6,0.87,7.5,265,2.84,280.59,5.1,0.52,2.66
2026-09-05,actual,phuket,kalim,7,0.86,7.5,264.75,2.83,284.8,5.15,0.43,2.63
2026-09-05,actual,phuket,kalim,8,0.86,7.43,265.25,3.23,281.18,5.9,0.37,2.61
2026-09-05,actual,phuket,kalim,9,0.84,7.32,265.5,3.81,278.78,6.25,0.34,2.53
2026-09-05,actual,phuket,kalim,10,0.83,7.25,266,3.91,276.19,6.5,0.34,2.48
2026-09-05,actual,phuket,kalim,11,0.82,7.23,266.25,3.95,274.39,6.7,0.38,2.45
2026-09-05,actual,phuket,kalim,12,0.81,7.23,266.5,3.91,274.81,6.7,0.44,2.43
2026-09-05,actual,phuket,kalim,13,0.79,7.23,266.75,3.77,280.4,6.6,0.5,2.38
2026-09-05,actual,phuket,kalim,14,0.78,7.18,266.75,3.9,283.61,6.6,0.54,2.34
2026-09-05,actual,phuket,kalim,15,0.76,7.1,267.25,4.12,286.21,6.65,0.57,2.27
2026-09-05,actual,phuket,kalim,16,0.75,7.05,267.25,3.96,288.61,6.45,0.57,2.23
2026-09-05,actual,phuket,kalim,17,0.75,7.05,267.5,3.72,291.6,6.4,0.54,2.23
2026-09-05,actual,phuket,kalim,18,0.73,7.03,267.25,3.55,291,6.25,0.49,2.18
2026-09-05,actual,phuket,kamala,6,0.87,7.5,263.75,2.84,279.99,5.6,0.52,4.19
2026-09-05,actual,phuket,kamala,7,0.86,7.5,263.75,2.83,284.39,5.55,0.43,4.19
2026-09-05,actual,phuket,kamala,8,0.86,7.43,264.25,3.23,281.59,5.9,0.37,4.03
2026-09-05,actual,phuket,kamala,9,0.84,7.32,265,3.81,279.78,6.35,0.34,3.8
2026-09-05,actual,phuket,kamala,10,0.83,7.25,265.5,3.88,277.19,6.65,0.35,3.75
2026-09-05,actual,phuket,kamala,11,0.82,7.23,265.5,3.95,275.19,6.7,0.38,3.71
2026-09-05,actual,phuket,kamala,12,0.8,7.23,265.75,3.91,275.4,6.7,0.44,3.72
2026-09-05,actual,phuket,kamala,13,0.78,7.23,266,3.77,281,6.6,0.5,3.75
2026-09-05,actual,phuket,kamala,14,0.77,7.18,265.75,3.9,284.41,6.6,0.54,3.68
2026-09-05,actual,phuket,kamala,15,0.75,7.1,266.5,4.12,287.22,6.65,0.57,3.58
2026-09-05,actual,phuket,kamala,16,0.74,7.05,266.5,3.96,289.01,6.45,0.57,3.61
2026-09-05,actual,phuket,kamala,17,0.74,7.05,266.5,3.72,292.2,6.4,0.54,3.7
2026-09-05,actual,phuket,kamala,18,0.73,7.03,266.5,3.55,291.6,6.25,0.49,3.74
2026-09-05,actual,phuket,surin,6,0.87,7.5,263.75,2.84,277.6,5.6,0.52,4.07
2026-09-05,actual,phuket,surin,7,0.86,7.5,263.75,2.83,281.78,5.55,0.43,4.03
2026-09-05,actual,phuket,surin,8,0.86,7.43,264.25,2.92,280.58,5.9,0.37,3.99
2026-09-05,actual,phuket,surin,9,0.84,7.32,265,3.41,279.78,6.35,0.34,3.86
2026-09-05,actual,phuket,surin,10,0.83,7.25,265.5,3.8,277.59,6.65,0.35,3.78
2026-09-05,actual,phuket,surin,11,0.82,7.23,265.5,3.86,275.39,6.7,0.38,3.73
2026-09-05,actual,phuket,surin,12,0.8,7.23,265.75,3.72,275.6,6.7,0.44,3.65
2026-09-05,actual,phuket,surin,13,0.78,7.23,266,3.67,281.4,6.6,0.5,3.57
2026-09-05,actual,phuket,surin,14,0.77,7.18,265.75,3.9,284.01,6.6,0.54,3.51
2026-09-05,actual,phuket,surin,15,0.75,7.1,266.5,3.72,286.62,6.65,0.57,3.4
2026-09-05,actual,phuket,surin,16,0.74,7.05,266.5,3.71,288.61,6.45,0.57,3.33
2026-09-05,actual,phuket,surin,17,0.74,7.05,266.5,3.69,290.39,6.4,0.54,3.33
2026-09-05,actual,phuket,surin,18,0.73,7.03,266.5,3.55,290.19,6.25,0.49,3.28
2026-09-05,actual,phuket,bangtao,6,0.86,7.5,264,2.84,277.6,5.6,0.52,4.4
2026-09-05,actual,phuket,bangtao,7,0.86,7.5,264.25,2.83,281.78,5.55,0.43,4.4
2026-09-05,actual,phuket,bangtao,8,0.85,7.43,264.5,2.92,280.58,5.9,0.37,4.31
2026-09-05,actual,phuket,bangtao,9,0.83,7.32,264.5,3.41,279.78,6.35,0.34,4.04
2026-09-05,actual,phuket,bangtao,10,0.82,7.25,264.75,3.8,277.59,6.65,0.35,3.85
2026-09-05,actual,phuket,bangtao,11,0.81,7.23,265,3.86,275.39,6.7,0.38,3.81
2026-09-05,actual,phuket,bangtao,12,0.79,7.23,265,3.72,275.6,6.7,0.44,3.84
2026-09-05,actual,phuket,bangtao,13,0.77,7.23,265.5,3.67,281.4,6.6,0.5,3.85
2026-09-05,actual,phuket,bangtao,14,0.76,7.18,265.25,3.9,284.01,6.6,0.54,3.74
2026-09-05,actual,phuket,bangtao,15,0.74,7.1,265.75,3.72,286.62,6.65,0.57,3.77
2026-09-05,actual,phuket,bangtao,16,0.73,7.05,265.75,3.71,288.61,6.45,0.57,3.75
2026-09-05,actual,phuket,bangtao,17,0.73,7.05,265.75,3.69,290.39,6.4,0.54,3.75
2026-09-05,actual,phuket,bangtao,18,0.71,7.03,265.75,3.55,290.19,6.25,0.49,3.78
2026-09-05,actual,phuket,layan,6,0.86,7.5,264,2.84,277.6,5.6,0.52,4.26
2026-09-05,actual,phuket,layan,7,0.86,7.5,264.25,2.83,281.78,5.55,0.43,4.27
2026-09-05,actual,phuket,layan,8,0.85,7.43,264.5,2.92,280.58,5.9,0.37,4.21
2026-09-05,actual,phuket,layan,9,0.83,7.32,264.5,3.41,279.78,6.35,0.34,3.99
2026-09-05,actual,phuket,layan,10,0.82,7.25,264.75,3.8,277.59,6.65,0.35,3.83
2026-09-05,actual,phuket,layan,11,0.81,7.23,265,3.86,275.39,6.7,0.38,3.79
2026-09-05,actual,phuket,layan,12,0.79,7.23,265,3.72,275.6,6.7,0.44,3.83
2026-09-05,actual,phuket,layan,13,0.77,7.23,265.5,3.67,281.4,6.6,0.5,3.84
2026-09-05,actual,phuket,layan,14,0.76,7.18,265.25,3.9,284.01,6.6,0.54,3.73
2026-09-05,actual,phuket,layan,15,0.74,7.1,265.75,3.72,286.62,6.65,0.57,3.76
2026-09-05,actual,phuket,layan,16,0.73,7.05,265.75,3.71,288.61,6.45,0.57,3.74
2026-09-05,actual,phuket,layan,17,0.73,7.05,265.75,3.69,290.39,6.4,0.54,3.75
2026-09-05,actual,phuket,layan,18,0.71,7.03,265.75,3.55,290.19,6.25,0.49,3.77
2026-09-05,actual,phuket,naithon,6,0.86,7.5,264,2.84,279,5.1,0.52,5.1
2026-09-05,actual,phuket,naithon,7,0.86,7.5,264.25,2.83,282.79,5.15,0.43,4.97
2026-09-05,actual,phuket,naithon,8,0.85,7.43,264.5,2.82,282.39,6.15,0.37,4.82
2026-09-05,actual,phuket,naithon,9,0.83,7.32,264.5,3.3,280.59,6.1,0.34,4.55
2026-09-05,actual,phuket,naithon,10,0.82,7.25,264.75,3.51,277.79,6.45,0.35,4.46
2026-09-05,actual,phuket,naithon,11,0.81,7.23,265,3.86,276.19,6.7,0.38,4.38
2026-09-05,actual,phuket,naithon,12,0.79,7.23,265,3.72,276.2,6.7,0.44,4.5
2026-09-05,actual,phuket,naithon,13,0.77,7.23,265.5,3.67,282.01,6.6,0.5,4.61
2026-09-05,actual,phuket,naithon,14,0.76,7.18,265.25,3.9,284.21,6.6,0.54,4.57
2026-09-05,actual,phuket,naithon,15,0.74,7.1,265.75,3.72,286.21,6.65,0.57,4.58
2026-09-05,actual,phuket,naithon,16,0.73,7.05,265.75,3.71,288.61,6.45,0.57,4.49
2026-09-05,actual,phuket,naithon,17,0.73,7.05,265.75,3.69,290.39,6.4,0.54,4.49
2026-09-05,actual,phuket,naithon,18,0.71,7.03,265.75,3.42,290.79,6.25,0.49,4.37
2026-09-05,actual,phuket,naiyang,6,0.85,7.5,262.5,2.84,279,5.1,0.52,4.36
2026-09-05,actual,phuket,naiyang,7,0.85,7.5,262.25,2.83,282.79,5.15,0.43,4.22
2026-09-05,actual,phuket,naiyang,8,0.84,7.43,262.75,2.82,282.39,6.15,0.37,4.05
2026-09-05,actual,phuket,naiyang,9,0.82,7.32,263.5,3.3,280.59,6.1,0.35,3.74
2026-09-05,actual,phuket,naiyang,10,0.81,7.25,264,3.51,277.79,6.45,0.35,3.66
2026-09-05,actual,phuket,naiyang,11,0.8,7.23,264,3.86,276.19,6.7,0.39,3.58
2026-09-05,actual,phuket,naiyang,12,0.77,7.23,264.5,3.72,276.2,6.7,0.45,3.71
2026-09-05,actual,phuket,naiyang,13,0.75,7.23,264.5,3.67,282.01,6.6,0.5,3.8
2026-09-05,actual,phuket,naiyang,14,0.74,7.18,264.5,3.9,284.21,6.6,0.55,3.78
2026-09-05,actual,phuket,naiyang,15,0.72,7.1,265,3.72,286.21,6.65,0.57,3.85
2026-09-05,actual,phuket,naiyang,16,0.71,7.05,264.75,3.71,288.61,6.45,0.57,3.82
2026-09-05,actual,phuket,naiyang,17,0.71,7.05,265,3.69,290.39,6.4,0.55,3.79
2026-09-05,actual,phuket,naiyang,18,0.7,7.03,265,3.42,290.79,6.25,0.49,3.77
2026-09-05,actual,phuket,kl_khukkhak,6,0.79,7.6,261.75,2.41,274.19,3.8,0.52,5.78
2026-09-05,actual,phuket,kl_khukkhak,7,0.84,7.75,262,2.52,284.94,4.65,0.43,5.82
2026-09-05,actual,phuket,kl_khukkhak,8,0.79,7.48,262.5,2.4,276.2,5.3,0.37,5.49
2026-09-05,actual,phuket,kl_khukkhak,9,0.74,6.98,263,2.51,274.8,5.85,0.35,5.05
2026-09-05,actual,phuket,kl_khukkhak,10,0.72,6.6,263.5,2.71,275.78,6.55,0.36,4.76
2026-09-05,actual,phuket,kl_khukkhak,11,0.7,6.63,263.5,2.7,277.19,6.9,0.39,4.78
2026-09-05,actual,phuket,kl_khukkhak,12,0.7,6.73,263.5,2.91,277.2,7.3,0.45,4.84
2026-09-05,actual,phuket,kl_khukkhak,13,0.68,6.73,263.75,3.2,284.2,7.55,0.51,4.8
2026-09-05,actual,phuket,kl_khukkhak,14,0.67,6.75,263.5,3.2,284.4,7.65,0.56,4.84
2026-09-05,actual,phuket,kl_khukkhak,15,0.66,6.73,264,3.06,286.4,7.35,0.58,4.85
2026-09-05,actual,phuket,kl_khukkhak,16,0.66,6.75,264,2.62,287,6.25,0.58,5.01
2026-09-05,actual,phuket,kl_khukkhak,17,0.66,6.8,264.25,2.55,287.6,5.7,0.55,5.09
2026-09-05,actual,phuket,kl_khukkhak,18,0.64,6.85,264.75,2.06,287.99,5.15,0.5,5.19
2026-09-05,actual,khaolak,khukkhak,6,0.79,7.6,261.75,2.41,274.19,3.8,0.52,5.78
2026-09-05,actual,khaolak,khukkhak,7,0.84,7.75,262,2.52,284.94,4.65,0.43,5.82
2026-09-05,actual,khaolak,khukkhak,8,0.79,7.48,262.5,2.4,276.2,5.3,0.37,5.49
2026-09-05,actual,khaolak,khukkhak,9,0.74,6.98,263,2.51,274.8,5.85,0.35,5.05
2026-09-05,actual,khaolak,khukkhak,10,0.72,6.6,263.5,2.71,275.78,6.55,0.36,4.76
2026-09-05,actual,khaolak,khukkhak,11,0.7,6.63,263.5,2.7,277.19,6.9,0.39,4.78
2026-09-05,actual,khaolak,khukkhak,12,0.7,6.73,263.5,2.91,277.2,7.3,0.45,4.84
2026-09-05,actual,khaolak,khukkhak,13,0.68,6.73,263.75,3.2,284.2,7.55,0.51,4.8
2026-09-05,actual,khaolak,khukkhak,14,0.67,6.75,263.5,3.2,284.4,7.65,0.56,4.84
2026-09-05,actual,khaolak,khukkhak,15,0.66,6.73,264,3.06,286.4,7.35,0.58,4.85
2026-09-05,actual,khaolak,khukkhak,16,0.66,6.75,264,2.62,287,6.25,0.58,5.01
2026-09-05,actual,khaolak,khukkhak,17,0.66,6.8,264.25,2.55,287.6,5.7,0.55,5.09
2026-09-05,actual,khaolak,khukkhak,18,0.64,6.85,264.75,2.06,287.99,5.15,0.5,5.19
2026-09-05,actual,khaolak,pakarang,6,0.79,7.6,261.75,2.41,274.19,3.8,0.52,4.45
2026-09-05,actual,khaolak,pakarang,7,0.84,7.75,262,2.52,284.94,4.65,0.43,4.79
2026-09-05,actual,khaolak,pakarang,8,0.79,7.48,262.5,2.4,276.2,5.3,0.37,4.39
2026-09-05,actual,khaolak,pakarang,9,0.74,6.98,263,2.51,274.8,5.85,0.35,3.88
2026-09-05,actual,khaolak,pakarang,10,0.72,6.6,263.5,2.71,275.78,6.55,0.36,3.61
2026-09-05,actual,khaolak,pakarang,11,0.7,6.63,263.5,2.7,277.19,6.9,0.39,3.53
2026-09-05,actual,khaolak,pakarang,12,0.7,6.73,263.5,2.91,277.2,7.3,0.45,3.58
2026-09-05,actual,khaolak,pakarang,13,0.68,6.73,263.75,3.2,284.2,7.55,0.51,3.49
2026-09-05,actual,khaolak,pakarang,14,0.67,6.75,263.5,3.2,284.4,7.65,0.56,3.45
2026-09-05,actual,khaolak,pakarang,15,0.66,6.73,264,3.06,286.4,7.35,0.58,3.4
2026-09-05,actual,khaolak,pakarang,16,0.66,6.75,264,2.62,287,6.25,0.58,3.41
2026-09-05,actual,khaolak,pakarang,17,0.66,6.8,264.25,2.55,287.6,5.7,0.55,3.43
2026-09-05,actual,khaolak,pakarang,18,0.64,6.85,264.75,2.06,287.99,5.15,0.5,3.36
2026-09-05,actual,khaolak,bangniang,6,0.79,7.6,261.75,2.41,274.19,5,0.52,5.03
2026-09-05,actual,khaolak,bangniang,7,0.84,7.75,262,2.52,284.53,4.35,0.43,5.22
2026-09-05,actual,khaolak,bangniang,8,0.79,7.48,262.5,2.4,275.2,5.5,0.37,4.98
2026-09-05,actual,khaolak,bangniang,9,0.74,6.98,263,2.51,275,5.95,0.35,4.56
2026-09-05,actual,khaolak,bangniang,10,0.72,6.6,263.5,2.71,275.78,6.55,0.36,4.26
2026-09-05,actual,khaolak,bangniang,11,0.7,6.63,263.5,2.7,277.99,7.05,0.39,4.23
2026-09-05,actual,khaolak,bangniang,12,0.7,6.73,263.5,2.91,278.59,7.35,0.45,4.2
2026-09-05,actual,khaolak,bangniang,13,0.68,6.73,263.75,3.13,285.6,7.6,0.51,4.08
2026-09-05,actual,khaolak,bangniang,14,0.67,6.75,263.5,3.04,286.2,7.65,0.56,4.11
2026-09-05,actual,khaolak,bangniang,15,0.66,6.73,264,2.75,288.41,7.35,0.58,4.2
2026-09-05,actual,khaolak,bangniang,16,0.66,6.75,264,2.62,289.01,6.85,0.58,4.25
2026-09-05,actual,khaolak,bangniang,17,0.66,6.8,264.25,2.5,289.6,5.85,0.55,4.32
2026-09-05,actual,khaolak,bangniang,18,0.64,6.85,264.75,1.88,290.2,5.25,0.5,4.54
2026-09-05,actual,khaolak,nangthong,6,0.8,7.75,259.75,0.92,284.52,5,0.52,6.73
2026-09-05,actual,khaolak,nangthong,7,0.85,7.75,259.75,1.06,289.73,4.35,0.43,6.75
2026-09-05,actual,khaolak,nangthong,8,0.8,7.73,260.5,1.51,277.4,5.5,0.37,5.53
2026-09-05,actual,khaolak,nangthong,9,0.76,7.28,261.75,1.84,278,5.95,0.35,5.11
2026-09-05,actual,khaolak,nangthong,10,0.72,6.9,262.5,1.94,277.79,6.55,0.36,4.63
2026-09-05,actual,khaolak,nangthong,11,0.7,6.83,262.25,2.34,278.4,7.05,0.39,4.47
2026-09-05,actual,khaolak,nangthong,12,0.7,6.88,262,2.62,278.22,7.35,0.45,4.5
2026-09-05,actual,khaolak,nangthong,13,0.68,6.9,262,2.68,285.48,7.6,0.51,4.4
2026-09-05,actual,khaolak,nangthong,14,0.67,6.88,261.75,2.69,285.49,7.65,0.56,4.32
2026-09-05,actual,khaolak,nangthong,15,0.66,6.85,262.25,2.56,286.71,7.35,0.58,4.25
2026-09-05,actual,khaolak,nangthong,16,0.66,6.83,262.25,2.25,287.28,6.85,0.58,4.24
2026-09-05,actual,khaolak,nangthong,17,0.66,6.83,262.5,2.25,286.88,5.85,0.55,4.24
2026-09-05,actual,khaolak,nangthong,18,0.64,6.85,262.75,1.71,289.66,5.25,0.5,4.14
2026-09-05,actual,khaolak,pakweep,6,0.79,7.6,261.75,2.41,274.19,3.8,0.52,4.65
2026-09-05,actual,khaolak,pakweep,7,0.84,7.75,262,2.52,284.94,4.65,0.43,4.84
2026-09-05,actual,khaolak,pakweep,8,0.79,7.48,262.5,2.4,276.2,5.3,0.37,4.6
2026-09-05,actual,khaolak,pakweep,9,0.74,6.98,263,2.51,274.8,5.85,0.35,4.26
2026-09-05,actual,khaolak,pakweep,10,0.72,6.6,263.5,2.71,275.78,6.55,0.36,4.05
2026-09-05,actual,khaolak,pakweep,11,0.7,6.63,263.5,2.7,277.19,6.9,0.39,4.05
2026-09-05,actual,khaolak,pakweep,12,0.7,6.73,263.5,2.91,277.2,7.3,0.45,4.01
2026-09-05,actual,khaolak,pakweep,13,0.68,6.73,263.75,3.2,284.2,7.55,0.51,3.9
2026-09-05,actual,khaolak,pakweep,14,0.67,6.75,263.5,3.2,284.4,7.65,0.56,3.89
2026-09-05,actual,khaolak,pakweep,15,0.66,6.73,264,3.06,286.4,7.35,0.58,3.93
2026-09-05,actual,khaolak,pakweep,16,0.66,6.75,264,2.62,287,6.25,0.58,4.09
2026-09-05,actual,khaolak,pakweep,17,0.66,6.8,264.25,2.55,287.6,5.7,0.55,4.14
2026-09-05,actual,khaolak,pakweep,18,0.64,6.85,264.75,2.06,287.99,5.15,0.5,4.31
2026-09-05,actual,khaolak,bangsak,6,0.75,7.18,264.51,0.8,271.59,3.8,0.52,5.64
2026-09-05,actual,khaolak,bangsak,7,0.81,7.35,264.51,0.86,282.99,4.65,0.43,5.9
2026-09-05,actual,khaolak,bangsak,8,0.76,7.13,264.76,1.4,274.6,5.3,0.37,4.71
2026-09-05,actual,khaolak,bangsak,9,0.7,6.65,265.25,1.9,274.6,5.85,0.36,4.31
2026-09-05,actual,khaolak,bangsak,10,0.68,6.45,265.25,1.9,276.19,6.55,0.36,4.23
2026-09-05,actual,khaolak,bangsak,11,0.68,6.45,265.25,2.18,276.99,6.9,0.4,4.13
2026-09-05,actual,khaolak,bangsak,12,0.66,6.5,266,2.55,277.4,7.3,0.45,4.02
2026-09-05,actual,khaolak,bangsak,13,0.66,6.5,266,3.13,284,7.55,0.52,3.82
2026-09-05,actual,khaolak,bangsak,14,0.65,6.53,265.74,3.04,284,7.65,0.56,3.84
2026-09-05,actual,khaolak,bangsak,15,0.63,6.53,266.24,2.75,285.81,7.35,0.58,3.93
2026-09-05,actual,khaolak,bangsak,16,0.63,6.58,266.49,2.55,285.61,6.25,0.58,4.02
2026-09-05,actual,khaolak,bangsak,17,0.63,6.65,266.49,2.5,286.2,5.7,0.56,4.07
2026-09-05,actual,khaolak,bangsak,18,0.62,6.78,266.23,1.63,285.4,5.15,0.5,4.33
2026-09-06,actual,phuket,naiharn,6,0.64,6.43,269.5,2.73,269.59,6,0.66,2.58
2026-09-06,actual,phuket,naiharn,7,0.64,6.48,269.5,2.51,260.87,5.4,0.6,2.6
2026-09-06,actual,phuket,naiharn,8,0.66,6.48,269.5,3.01,255.14,5.05,0.53,2.67
2026-09-06,actual,phuket,naiharn,9,0.66,6.45,269.25,3.35,253.3,5.5,0.46,2.66
2026-09-06,actual,phuket,naiharn,10,0.68,6.45,269.25,3.61,253.83,5.65,0.4,2.73
2026-09-06,actual,phuket,naiharn,11,0.68,6.48,269.25,3.94,254,5.8,0.36,2.74
2026-09-06,actual,phuket,naiharn,12,0.66,6.53,269.5,4.34,255.2,6.15,0.35,2.69
2026-09-06,actual,phuket,naiharn,13,0.66,6.53,269.5,4.31,261.37,6.65,0.37,2.69
2026-09-06,actual,phuket,naiharn,14,0.66,6.43,269.75,4.8,264.58,6.9,0.41,2.65
2026-09-06,actual,phuket,naiharn,15,0.67,6.3,269.5,4.55,268.81,7.2,0.47,2.64
2026-09-06,actual,phuket,naiharn,16,0.67,5.98,270,4.52,271.23,7.35,0.52,2.52
2026-09-06,actual,phuket,naiharn,17,0.66,5.9,271,4.34,275.26,7.4,0.56,2.47
2026-09-06,actual,phuket,naiharn,18,0.67,5.88,271.75,4.11,279.84,7.35,0.59,2.49
2026-09-06,actual,phuket,kata,6,0.64,6.43,270.25,2.73,269.59,6,0.66,4.7
2026-09-06,actual,phuket,kata,7,0.64,6.48,270.25,2.51,260.87,5.4,0.6,4.79
2026-09-06,actual,phuket,kata,8,0.66,6.48,270.25,3.01,255.14,5.05,0.53,4.79
2026-09-06,actual,phuket,kata,9,0.66,6.45,270.25,3.35,253.3,5.5,0.46,4.54
2026-09-06,actual,phuket,kata,10,0.68,6.43,270.25,3.61,253.83,5.65,0.4,4.37
2026-09-06,actual,phuket,kata,11,0.68,6.48,270.25,3.94,254,5.8,0.36,4.21
2026-09-06,actual,phuket,kata,12,0.66,6.53,270.25,4.34,255.2,6.15,0.35,4.05
2026-09-06,actual,phuket,kata,13,0.66,6.5,270.75,4.31,261.37,6.65,0.37,4.08
2026-09-06,actual,phuket,kata,14,0.66,6.43,270.75,4.8,264.58,6.9,0.41,3.96
2026-09-06,actual,phuket,kata,15,0.67,6.28,270.5,4.55,268.81,7.2,0.47,4.09
2026-09-06,actual,phuket,kata,16,0.67,6.18,270.5,4.52,271.23,7.35,0.52,4.15
2026-09-06,actual,phuket,kata,17,0.66,6.15,270.5,4.34,275.26,7.4,0.56,4.22
2026-09-06,actual,phuket,kata,18,0.67,5.88,273.74,4.11,279.84,7.35,0.59,4.12
2026-09-06,actual,phuket,patong,6,0.66,6.63,268.5,2.73,269.39,5.75,0.66,3.11
2026-09-06,actual,phuket,patong,7,0.65,6.63,268.75,2.51,260.87,5.35,0.6,3.07
2026-09-06,actual,phuket,patong,8,0.67,6.58,268.75,2.83,254.75,5.05,0.53,3.13
2026-09-06,actual,phuket,patong,9,0.68,6.55,268.75,3.32,252.5,5.55,0.46,3.16
2026-09-06,actual,phuket,patong,10,0.68,6.5,268.75,3.61,253.61,5.95,0.4,3.14
2026-09-06,actual,phuket,patong,11,0.68,6.53,268.75,3.96,254.2,6.5,0.36,3.15
2026-09-06,actual,phuket,patong,12,0.68,6.58,268.75,4.34,255.4,6.95,0.35,3.17
2026-09-06,actual,phuket,patong,13,0.68,6.57,269.25,4.22,261.8,7.45,0.37,3.17
2026-09-06,actual,phuket,patong,14,0.68,6.53,269.25,4.49,265,7.4,0.42,3.15
2026-09-06,actual,phuket,patong,15,0.68,6.43,269.25,4.51,268.81,7.55,0.47,3.1
2026-09-06,actual,phuket,patong,16,0.67,6.38,269.25,4.5,271.61,7.55,0.52,3.04
2026-09-06,actual,phuket,patong,17,0.67,6.33,269.25,4.3,275.84,7.4,0.57,3.02
2026-09-06,actual,phuket,patong,18,0.66,6.08,272.49,4,280.24,7.1,0.59,2.88
2026-09-06,actual,phuket,karon,6,0.63,6.43,270.25,2.73,269.59,6,0.66,3.94
2026-09-06,actual,phuket,karon,7,0.63,6.48,270.25,2.51,260.87,5.4,0.6,3.96
2026-09-06,actual,phuket,karon,8,0.65,6.48,270.25,3.01,255.14,5.05,0.53,3.86
2026-09-06,actual,phuket,karon,9,0.65,6.45,270.25,3.35,253.3,5.5,0.46,3.62
2026-09-06,actual,phuket,karon,10,0.67,6.43,270.25,3.61,253.83,5.65,0.4,3.44
2026-09-06,actual,phuket,karon,11,0.67,6.48,270.25,3.94,254,5.8,0.36,3.27
2026-09-06,actual,phuket,karon,12,0.66,6.53,270.25,4.34,255.2,6.15,0.35,3.12
2026-09-06,actual,phuket,karon,13,0.66,6.5,270.75,4.31,261.37,6.65,0.37,3.15
2026-09-06,actual,phuket,karon,14,0.66,6.43,270.75,4.8,264.58,6.9,0.42,3.04
2026-09-06,actual,phuket,karon,15,0.66,6.28,270.5,4.55,268.81,7.2,0.47,3.17
2026-09-06,actual,phuket,karon,16,0.66,6.18,270.5,4.52,271.23,7.35,0.52,3.24
2026-09-06,actual,phuket,karon,17,0.65,6.15,270.5,4.34,275.26,7.4,0.57,3.37
2026-09-06,actual,phuket,karon,18,0.65,5.88,273.74,4.11,279.84,7.35,0.59,3.33
2026-09-06,actual,phuket,katanoi,6,0.64,6.43,270.25,2.73,269.59,6,0.66,3.13
2026-09-06,actual,phuket,katanoi,7,0.64,6.48,270.25,2.51,260.87,5.4,0.6,3.15
2026-09-06,actual,phuket,katanoi,8,0.66,6.48,270.25,3.01,255.14,5.05,0.53,3.23
2026-09-06,actual,phuket,katanoi,9,0.66,6.45,270.25,3.35,253.3,5.5,0.46,3.22
2026-09-06,actual,phuket,katanoi,10,0.68,6.43,270.25,3.61,253.83,5.65,0.4,3.3
2026-09-06,actual,phuket,katanoi,11,0.68,6.48,270.25,3.94,254,5.8,0.36,3.16
2026-09-06,actual,phuket,katanoi,12,0.66,6.53,270.25,4.34,255.2,6.15,0.35,3
2026-09-06,actual,phuket,katanoi,13,0.66,6.5,270.75,4.31,261.37,6.65,0.37,3.03
2026-09-06,actual,phuket,katanoi,14,0.66,6.43,270.75,4.8,264.58,6.9,0.41,2.91
2026-09-06,actual,phuket,katanoi,15,0.67,6.28,270.5,4.55,268.81,7.2,0.47,3.05
2026-09-06,actual,phuket,katanoi,16,0.67,6.18,270.5,4.52,271.23,7.35,0.52,3.13
2026-09-06,actual,phuket,katanoi,17,0.66,6.15,270.5,4.34,275.26,7.4,0.56,3.09
2026-09-06,actual,phuket,katanoi,18,0.67,5.88,273.74,4.11,279.84,7.35,0.59,3.01
2026-09-06,actual,phuket,kalim,6,0.66,6.63,268.5,2.73,269.39,5.75,0.66,1.91
2026-09-06,actual,phuket,kalim,7,0.65,6.63,268.75,2.51,260.87,5.35,0.6,1.89
2026-09-06,actual,phuket,kalim,8,0.67,6.58,268.75,2.83,254.75,5.05,0.53,1.92
2026-09-06,actual,phuket,kalim,9,0.68,6.55,268.75,3.32,252.5,5.55,0.46,1.94
2026-09-06,actual,phuket,kalim,10,0.68,6.5,268.75,3.61,253.61,5.95,0.4,1.93
2026-09-06,actual,phuket,kalim,11,0.68,6.53,268.75,3.96,254.2,6.5,0.36,1.94
2026-09-06,actual,phuket,kalim,12,0.68,6.58,268.75,4.34,255.4,6.95,0.35,1.95
2026-09-06,actual,phuket,kalim,13,0.68,6.57,269.25,4.22,261.8,7.45,0.37,1.95
2026-09-06,actual,phuket,kalim,14,0.68,6.53,269.25,4.49,265,7.4,0.42,1.94
2026-09-06,actual,phuket,kalim,15,0.68,6.43,269.25,4.51,268.81,7.55,0.47,1.91
2026-09-06,actual,phuket,kalim,16,0.67,6.38,269.25,4.5,271.61,7.55,0.52,1.88
2026-09-06,actual,phuket,kalim,17,0.67,6.33,269.25,4.3,275.84,7.4,0.57,1.87
2026-09-06,actual,phuket,kalim,18,0.66,6.08,272.49,4,280.24,7.1,0.59,1.79
2026-09-06,actual,phuket,kamala,6,0.66,6.63,268,2.73,268.6,5.75,0.66,3.39
2026-09-06,actual,phuket,kamala,7,0.65,6.63,268.25,2.51,259.85,5.35,0.6,3.35
2026-09-06,actual,phuket,kamala,8,0.67,6.58,268.5,2.62,254.54,4.85,0.53,3.42
2026-09-06,actual,phuket,kamala,9,0.68,6.55,268.25,3.19,252.7,5.65,0.46,3.45
2026-09-06,actual,phuket,kamala,10,0.68,6.5,268.25,3.54,254.02,5.95,0.4,3.43
2026-09-06,actual,phuket,kamala,11,0.68,6.53,268.25,3.96,255.4,6.5,0.36,3.44
2026-09-06,actual,phuket,kamala,12,0.68,6.55,268.25,4.34,256.4,6.95,0.35,3.32
2026-09-06,actual,phuket,kamala,13,0.68,6.57,268.5,4.22,262.99,7.45,0.37,3.37
2026-09-06,actual,phuket,kamala,14,0.68,6.53,268.5,4.46,265.98,7.4,0.42,3.27
2026-09-06,actual,phuket,kamala,15,0.68,6.43,268.75,4.51,269.79,7.55,0.47,3.23
2026-09-06,actual,phuket,kamala,16,0.67,6.38,268.75,4.5,272.59,7.55,0.53,3.21
2026-09-06,actual,phuket,kamala,17,0.67,6.13,270.25,4.3,276.61,7.4,0.57,3.21
2026-09-06,actual,phuket,kamala,18,0.66,6.08,271.25,4,280.63,7.1,0.59,3.14
2026-09-06,actual,phuket,surin,6,0.66,6.63,268,2.52,266.42,5.75,0.66,2.86
2026-09-06,actual,phuket,surin,7,0.65,6.63,268.25,2.51,257.21,5.35,0.6,2.82
2026-09-06,actual,phuket,surin,8,0.67,6.58,268.5,2.62,251.87,4.85,0.53,2.88
2026-09-06,actual,phuket,surin,9,0.68,6.55,268.25,3.14,251.88,5.65,0.46,2.91
2026-09-06,actual,phuket,surin,10,0.68,6.5,268.25,3.47,254.62,5.95,0.4,2.89
2026-09-06,actual,phuket,surin,11,0.68,6.53,268.25,3.96,256.4,6.5,0.36,2.9
2026-09-06,actual,phuket,surin,12,0.68,6.55,268.25,4.01,257.19,6.95,0.35,2.91
2026-09-06,actual,phuket,surin,13,0.68,6.57,268.5,4,263.59,7.45,0.37,2.91
2026-09-06,actual,phuket,surin,14,0.68,6.53,268.5,4.3,266.19,7.4,0.42,2.9
2026-09-06,actual,phuket,surin,15,0.68,6.43,268.75,4.4,269.58,7.55,0.47,2.86
2026-09-06,actual,phuket,surin,16,0.67,6.38,268.75,4.5,272.38,7.55,0.53,2.8
2026-09-06,actual,phuket,surin,17,0.67,6.13,270.25,4.3,275.39,7.4,0.57,2.71
2026-09-06,actual,phuket,surin,18,0.66,6.08,271.25,4,278.63,7.1,0.59,2.66
2026-09-06,actual,phuket,bangtao,6,0.64,6.63,267.5,2.52,266.42,5.75,0.66,3.97
2026-09-06,actual,phuket,bangtao,7,0.63,6.63,267.75,2.51,257.21,5.35,0.6,3.94
2026-09-06,actual,phuket,bangtao,8,0.65,6.58,268,2.62,251.87,4.85,0.53,3.94
2026-09-06,actual,phuket,bangtao,9,0.68,6.55,267.75,3.14,251.88,5.65,0.46,3.77
2026-09-06,actual,phuket,bangtao,10,0.68,6.5,267.75,3.47,254.62,5.95,0.4,3.64
2026-09-06,actual,phuket,bangtao,11,0.68,6.53,267.75,3.96,256.4,6.5,0.36,3.48
2026-09-06,actual,phuket,bangtao,12,0.68,6.55,267.75,4.01,257.19,6.95,0.35,3.47
2026-09-06,actual,phuket,bangtao,13,0.68,6.57,268,4,263.59,7.45,0.37,3.49
2026-09-06,actual,phuket,bangtao,14,0.68,6.53,268,4.3,266.19,7.4,0.42,3.37
2026-09-06,actual,phuket,bangtao,15,0.68,6.43,268.25,4.4,269.58,7.55,0.47,3.3
2026-09-06,actual,phuket,bangtao,16,0.67,6.38,268.25,4.5,272.38,7.55,0.53,3.24
2026-09-06,actual,phuket,bangtao,17,0.67,6.13,269.75,4.3,275.39,7.4,0.57,3.26
2026-09-06,actual,phuket,bangtao,18,0.65,6.08,270.49,4,278.63,7.1,0.59,3.34
2026-09-06,actual,phuket,layan,6,0.64,6.63,267.5,2.52,266.42,5.75,0.66,3.66
2026-09-06,actual,phuket,layan,7,0.63,6.63,267.75,2.51,257.21,5.35,0.6,3.61
2026-09-06,actual,phuket,layan,8,0.65,6.58,268,2.62,251.87,4.85,0.53,3.69
2026-09-06,actual,phuket,layan,9,0.68,6.55,267.75,3.14,251.88,5.65,0.46,3.77
2026-09-06,actual,phuket,layan,10,0.68,6.5,267.75,3.47,254.62,5.95,0.4,3.64
2026-09-06,actual,phuket,layan,11,0.68,6.53,267.75,3.96,256.4,6.5,0.36,3.48
2026-09-06,actual,phuket,layan,12,0.68,6.55,267.75,4.01,257.19,6.95,0.35,3.47
2026-09-06,actual,phuket,layan,13,0.68,6.57,268,4,263.59,7.45,0.37,3.49
2026-09-06,actual,phuket,layan,14,0.68,6.53,268,4.3,266.19,7.4,0.42,3.37
2026-09-06,actual,phuket,layan,15,0.68,6.43,268.25,4.4,269.58,7.55,0.47,3.31
2026-09-06,actual,phuket,layan,16,0.67,6.38,268.25,4.5,272.38,7.55,0.53,3.25
2026-09-06,actual,phuket,layan,17,0.67,6.13,269.75,4.3,275.39,7.4,0.57,3.26
2026-09-06,actual,phuket,layan,18,0.65,6.08,270.49,4,278.63,7.1,0.59,3.35
2026-09-06,actual,phuket,naithon,6,0.64,6.63,267.5,2.52,266.02,5.75,0.66,3.77
2026-09-06,actual,phuket,naithon,7,0.63,6.63,267.75,2.51,258.22,5.35,0.6,3.72
2026-09-06,actual,phuket,naithon,8,0.65,6.58,268,2.6,252.27,4.7,0.53,3.8
2026-09-06,actual,phuket,naithon,9,0.68,6.55,267.75,2.98,250.87,5.65,0.46,3.94
2026-09-06,actual,phuket,naithon,10,0.68,6.5,267.75,3.45,254.22,5.95,0.4,3.91
2026-09-06,actual,phuket,naithon,11,0.68,6.53,267.75,3.74,256,6.5,0.36,3.93
2026-09-06,actual,phuket,naithon,12,0.68,6.55,267.75,4.01,257.4,6.95,0.35,3.94
2026-09-06,actual,phuket,naithon,13,0.68,6.57,268,4,263.79,7.45,0.37,3.96
2026-09-06,actual,phuket,naithon,14,0.68,6.53,268,4.22,266.58,7.4,0.42,3.93
2026-09-06,actual,phuket,naithon,15,0.68,6.43,268.25,4.3,269.98,7.55,0.47,3.87
2026-09-06,actual,phuket,naithon,16,0.67,6.38,268.25,4.18,272.78,7.55,0.53,3.8
2026-09-06,actual,phuket,naithon,17,0.67,6.13,269.75,4.06,275.59,7.4,0.57,3.66
2026-09-06,actual,phuket,naithon,18,0.65,6.08,270.49,3.72,279.21,7.1,0.59,3.54
2026-09-06,actual,phuket,naiyang,6,0.63,6.63,267.25,2.52,266.02,5.75,0.66,3.87
2026-09-06,actual,phuket,naiyang,7,0.62,6.63,267.25,2.51,258.22,5.35,0.6,3.81
2026-09-06,actual,phuket,naiyang,8,0.64,6.58,267.5,2.6,252.27,4.7,0.53,3.89
2026-09-06,actual,phuket,naiyang,9,0.67,6.55,267,2.98,250.87,5.65,0.46,3.72
2026-09-06,actual,phuket,naiyang,10,0.68,6.5,267,3.45,254.22,5.95,0.4,3.46
2026-09-06,actual,phuket,naiyang,11,0.68,6.53,267.25,3.74,256,6.5,0.36,3.3
2026-09-06,actual,phuket,naiyang,12,0.68,6.55,267.25,4.01,257.4,6.95,0.35,3.2
2026-09-06,actual,phuket,naiyang,13,0.67,6.55,267.5,4,263.79,7.45,0.37,3.23
2026-09-06,actual,phuket,naiyang,14,0.66,6.5,267.5,4.22,266.58,7.4,0.42,3.22
2026-09-06,actual,phuket,naiyang,15,0.66,6.43,267.5,4.3,269.98,7.55,0.48,3.26
2026-09-06,actual,phuket,naiyang,16,0.65,6.2,267.25,4.18,272.78,7.55,0.53,3.3
2026-09-06,actual,phuket,naiyang,17,0.65,6.13,268.25,4.06,275.59,7.4,0.58,3.42
2026-09-06,actual,phuket,naiyang,18,0.63,6.08,269.5,3.72,279.21,7.1,0.59,3.56
2026-09-06,actual,phuket,kl_khukkhak,6,0.6,6.48,267.25,0.86,248.39,3.05,0.67,4.64
2026-09-06,actual,phuket,kl_khukkhak,7,0.6,6.48,267.25,0.9,228.76,2.85,0.6,4.64
2026-09-06,actual,phuket,kl_khukkhak,8,0.6,6.43,267,1.58,234.97,3.95,0.52,4.61
2026-09-06,actual,phuket,kl_khukkhak,9,0.61,6.4,266.75,2.22,240.97,5.15,0.45,4.66
2026-09-06,actual,phuket,kl_khukkhak,10,0.65,6.35,266.75,2.84,244.19,6.75,0.41,4.59
2026-09-06,actual,phuket,kl_khukkhak,11,0.63,6.35,266.25,3.4,246.41,7.05,0.37,4.33
2026-09-06,actual,phuket,kl_khukkhak,12,0.6,6.38,266.25,3.77,251.2,7.8,0.35,4.15
2026-09-06,actual,phuket,kl_khukkhak,13,0.58,6.38,265.75,3.86,255.6,8.25,0.38,4.15
2026-09-06,actual,phuket,kl_khukkhak,14,0.59,6.3,265.5,4.08,258,8.05,0.43,4.15
2026-09-06,actual,phuket,kl_khukkhak,15,0.61,6.18,265.75,4.05,261.2,7.85,0.49,4.22
2026-09-06,actual,phuket,kl_khukkhak,16,0.62,5.57,267.24,3.91,264.4,7.6,0.54,4.13
2026-09-06,actual,phuket,kl_khukkhak,17,0.63,5.53,266.99,3.59,267.61,7,0.58,4.2
2026-09-06,actual,phuket,kl_khukkhak,18,0.62,5.48,267.24,2.93,269.8,6.55,0.6,4.11
2026-09-06,actual,khaolak,khukkhak,6,0.6,6.48,267.25,0.86,248.39,3.05,0.67,4.64
2026-09-06,actual,khaolak,khukkhak,7,0.6,6.48,267.25,0.9,228.76,2.85,0.6,4.64
2026-09-06,actual,khaolak,khukkhak,8,0.6,6.43,267,1.58,234.97,3.95,0.52,4.61
2026-09-06,actual,khaolak,khukkhak,9,0.61,6.4,266.75,2.22,240.97,5.15,0.45,4.66
2026-09-06,actual,khaolak,khukkhak,10,0.65,6.35,266.75,2.84,244.19,6.75,0.41,4.59
2026-09-06,actual,khaolak,khukkhak,11,0.63,6.35,266.25,3.4,246.41,7.05,0.37,4.33
2026-09-06,actual,khaolak,khukkhak,12,0.6,6.38,266.25,3.77,251.2,7.8,0.35,4.15
2026-09-06,actual,khaolak,khukkhak,13,0.58,6.38,265.75,3.86,255.6,8.25,0.38,4.15
2026-09-06,actual,khaolak,khukkhak,14,0.59,6.3,265.5,4.08,258,8.05,0.43,4.15
2026-09-06,actual,khaolak,khukkhak,15,0.61,6.18,265.75,4.05,261.2,7.85,0.49,4.22
2026-09-06,actual,khaolak,khukkhak,16,0.62,5.57,267.24,3.91,264.4,7.6,0.54,4.13
2026-09-06,actual,khaolak,khukkhak,17,0.63,5.53,266.99,3.59,267.61,7,0.58,4.2
2026-09-06,actual,khaolak,khukkhak,18,0.62,5.48,267.24,2.93,269.8,6.55,0.6,4.11
2026-09-06,actual,khaolak,pakarang,6,0.6,6.48,267.25,0.86,248.39,3.05,0.67,3.02
2026-09-06,actual,khaolak,pakarang,7,0.6,6.48,267.25,0.9,228.76,2.85,0.6,3.02
2026-09-06,actual,khaolak,pakarang,8,0.6,6.43,267,1.58,234.97,3.95,0.52,3
2026-09-06,actual,khaolak,pakarang,9,0.61,6.4,266.75,2.22,240.97,5.15,0.45,3.04
2026-09-06,actual,khaolak,pakarang,10,0.65,6.35,266.75,2.84,244.19,6.75,0.41,3.19
2026-09-06,actual,khaolak,pakarang,11,0.63,6.35,266.25,3.4,246.41,7.05,0.37,3.1
2026-09-06,actual,khaolak,pakarang,12,0.6,6.38,266.25,3.77,251.2,7.8,0.35,2.98
2026-09-06,actual,khaolak,pakarang,13,0.58,6.38,265.75,3.86,255.6,8.25,0.38,2.9
2026-09-06,actual,khaolak,pakarang,14,0.59,6.3,265.5,4.08,258,8.05,0.43,2.91
2026-09-06,actual,khaolak,pakarang,15,0.61,6.18,265.75,4.05,261.2,7.85,0.49,2.94
2026-09-06,actual,khaolak,pakarang,16,0.62,5.57,267.24,3.91,264.4,7.6,0.54,2.73
2026-09-06,actual,khaolak,pakarang,17,0.63,5.53,266.99,3.59,267.61,7,0.58,2.75
2026-09-06,actual,khaolak,pakarang,18,0.62,5.48,267.24,2.93,269.8,6.55,0.6,2.69
2026-09-06,actual,khaolak,bangniang,6,0.6,6.48,267.25,0.94,247.97,3.6,0.67,4.64
2026-09-06,actual,khaolak,bangniang,7,0.6,6.48,267.25,0.9,230.63,3.45,0.6,4.64
2026-09-06,actual,khaolak,bangniang,8,0.6,6.43,267,1.58,236.46,4.55,0.52,4.43
2026-09-06,actual,khaolak,bangniang,9,0.61,6.4,266.75,2.22,242,5.7,0.45,4.21
2026-09-06,actual,khaolak,bangniang,10,0.65,6.35,266.75,2.84,244.8,6.75,0.41,4.02
2026-09-06,actual,khaolak,bangniang,11,0.63,6.35,266.25,3.06,245.8,7.25,0.37,3.93
2026-09-06,actual,khaolak,bangniang,12,0.6,6.38,266.25,3.18,250.8,7.8,0.35,3.87
2026-09-06,actual,khaolak,bangniang,13,0.58,6.38,265.75,3.26,255.2,8.25,0.38,3.83
2026-09-06,actual,khaolak,bangniang,14,0.59,6.3,265.5,3.62,257.2,8.05,0.43,3.69
2026-09-06,actual,khaolak,bangniang,15,0.61,6.18,265.75,3.2,260.6,7.85,0.49,3.81
2026-09-06,actual,khaolak,bangniang,16,0.62,5.57,267.24,3.01,264,7.6,0.54,3.66
2026-09-06,actual,khaolak,bangniang,17,0.63,5.53,266.99,2.69,267.21,7,0.58,3.76
2026-09-06,actual,khaolak,bangniang,18,0.62,5.48,267.24,2.32,270,6.55,0.6,3.86
2026-09-06,actual,khaolak,nangthong,6,0.6,6.48,266,0.94,264.81,3.6,0.66,3.71
2026-09-06,actual,khaolak,nangthong,7,0.6,6.48,266,0.81,243.12,3.45,0.6,3.71
2026-09-06,actual,khaolak,nangthong,8,0.6,6.43,265.75,1.27,242.14,4.55,0.52,3.68
2026-09-06,actual,khaolak,nangthong,9,0.62,6.4,265.5,1.92,245.39,5.7,0.46,3.78
2026-09-06,actual,khaolak,nangthong,10,0.65,6.38,265.5,2.33,246.61,6.75,0.4,3.93
2026-09-06,actual,khaolak,nangthong,11,0.63,6.35,265.25,2.68,246.62,7.25,0.37,3.81
2026-09-06,actual,khaolak,nangthong,12,0.61,6.38,265.25,2.95,251.41,7.8,0.35,3.71
2026-09-06,actual,khaolak,nangthong,13,0.59,6.38,265,3.1,255.2,8.25,0.37,3.6
2026-09-06,actual,khaolak,nangthong,14,0.59,6.3,264.75,3.23,257.8,8.05,0.43,3.57
2026-09-06,actual,khaolak,nangthong,15,0.61,6.18,264.75,3.07,261.99,7.85,0.49,3.61
2026-09-06,actual,khaolak,nangthong,16,0.62,5.88,266.24,2.8,266.38,7.6,0.54,3.5
2026-09-06,actual,khaolak,nangthong,17,0.63,5.82,265.99,2.51,269.42,7,0.58,3.53
2026-09-06,actual,khaolak,nangthong,18,0.62,5.75,266.24,2.24,276.22,6.55,0.6,3.44
2026-09-06,actual,khaolak,pakweep,6,0.6,6.48,267.25,0.86,248.39,3.05,0.67,3.93
2026-09-06,actual,khaolak,pakweep,7,0.6,6.48,267.25,0.9,228.76,2.85,0.6,3.93
2026-09-06,actual,khaolak,pakweep,8,0.6,6.43,267,1.58,234.97,3.95,0.52,3.9
2026-09-06,actual,khaolak,pakweep,9,0.61,6.4,266.75,2.22,240.97,5.15,0.45,3.95
2026-09-06,actual,khaolak,pakweep,10,0.65,6.35,266.75,2.84,244.19,6.75,0.41,3.92
2026-09-06,actual,khaolak,pakweep,11,0.63,6.35,266.25,3.4,246.41,7.05,0.37,3.7
2026-09-06,actual,khaolak,pakweep,12,0.6,6.38,266.25,3.77,251.2,7.8,0.35,3.56
2026-09-06,actual,khaolak,pakweep,13,0.58,6.38,265.75,3.86,255.6,8.25,0.38,3.51
2026-09-06,actual,khaolak,pakweep,14,0.59,6.3,265.5,4.08,258,8.05,0.43,3.41
2026-09-06,actual,khaolak,pakweep,15,0.61,6.18,265.75,4.05,261.2,7.85,0.49,3.4
2026-09-06,actual,khaolak,pakweep,16,0.62,5.57,267.24,3.91,264.4,7.6,0.54,3.28
2026-09-06,actual,khaolak,pakweep,17,0.63,5.53,266.99,3.59,267.61,7,0.58,3.38
2026-09-06,actual,khaolak,pakweep,18,0.62,5.48,267.24,2.93,269.8,6.55,0.6,3.48
2026-09-06,actual,khaolak,bangsak,6,0.57,6.4,267.98,0.85,249.19,3.05,0.67,3.82
2026-09-06,actual,khaolak,bangsak,7,0.57,6.38,268.23,0.82,229.73,2.85,0.6,3.8
2026-09-06,actual,khaolak,bangsak,8,0.57,6.35,267.99,1.26,236.3,3.95,0.52,3.79
2026-09-06,actual,khaolak,bangsak,9,0.6,6.25,267.74,2,242.69,5.15,0.45,3.91
2026-09-06,actual,khaolak,bangsak,10,0.63,5.88,269.51,2.59,246.31,6.75,0.41,3.83
2026-09-06,actual,khaolak,bangsak,11,0.61,5.85,269.01,3.06,249.32,7.05,0.37,3.64
2026-09-06,actual,khaolak,bangsak,12,0.58,5.83,269,3.18,254.36,7.8,0.35,3.56
2026-09-06,actual,khaolak,bangsak,13,0.56,5.8,268.5,3.26,258.78,8.25,0.38,3.44
2026-09-06,actual,khaolak,bangsak,14,0.57,5.73,268.5,3.62,260.99,8.05,0.44,3.36
2026-09-06,actual,khaolak,bangsak,15,0.58,5.63,268.5,3.2,263.4,7.85,0.49,3.45
2026-09-06,actual,khaolak,bangsak,16,0.58,5.43,268.5,2.8,267,7.6,0.55,3.35
2026-09-06,actual,khaolak,bangsak,17,0.6,5.23,268.25,2.51,269.61,7,0.59,3.34
2026-09-06,actual,khaolak,bangsak,18,0.59,5.13,268.25,2.24,271.81,6.55,0.61,3.23
2026-09-07,actual,phuket,naiharn,6,0.65,5.15,276.25,2.57,290.97,6.1,0.73,2.18
2026-09-07,actual,phuket,naiharn,7,0.64,5.25,275.75,2.61,288.38,6.05,0.75,2.18
2026-09-07,actual,phuket,naiharn,8,0.62,5.3,275.25,2.78,283.57,6.4,0.7,2.14
2026-09-07,actual,phuket,naiharn,9,0.61,5.33,274.75,3.45,276.79,5.85,0.62,2.12
2026-09-07,actual,phuket,naiharn,10,0.59,5.35,274.5,3.63,274.19,5.85,0.51,2.07
2026-09-07,actual,phuket,naiharn,11,0.59,5.35,274.5,4.06,270.8,6.1,0.41,2.07
2026-09-07,actual,phuket,naiharn,12,0.58,5.38,274,4.16,272.01,6.3,0.32,2.05
2026-09-07,actual,phuket,naiharn,13,0.58,5.35,273.75,4,273.81,6.35,0.27,2.05
2026-09-07,actual,phuket,naiharn,14,0.59,5.28,273.75,4.31,273.6,6.5,0.28,2.05
2026-09-07,actual,phuket,naiharn,15,0.6,5.13,274,4.1,273.59,6.65,0.33,2.03
2026-09-07,actual,phuket,naiharn,16,0.61,5.05,273.75,4.4,271.8,7,0.41,2.03
2026-09-07,actual,phuket,naiharn,17,0.61,5,274,4.2,271.01,7.2,0.52,2.02
2026-09-07,actual,phuket,naiharn,18,0.62,4.95,273.75,3.8,272.39,7.05,0.62,2.03
2026-09-07,actual,phuket,kata,6,0.66,5.15,277.25,2.57,290.97,6.1,0.73,4
2026-09-07,actual,phuket,kata,7,0.66,5.25,276.75,2.61,288.38,6.05,0.75,4.07
2026-09-07,actual,phuket,kata,8,0.65,5.3,277,2.78,283.57,6.4,0.7,4.05
2026-09-07,actual,phuket,kata,9,0.64,5.33,276.5,3.45,276.79,5.85,0.62,4.01
2026-09-07,actual,phuket,kata,10,0.63,5.35,276.25,3.63,274.19,5.85,0.51,3.97
2026-09-07,actual,phuket,kata,11,0.63,5.35,276,4.06,270.8,6.1,0.41,3.72
2026-09-07,actual,phuket,kata,12,0.62,5.38,275.5,4.16,272.01,6.3,0.32,3.56
2026-09-07,actual,phuket,kata,13,0.61,5.35,275.25,4,273.81,6.35,0.27,3.52
2026-09-07,actual,phuket,kata,14,0.62,5.28,275,4.31,273.6,6.5,0.28,3.41
2026-09-07,actual,phuket,kata,15,0.62,5.13,275.25,4.1,273.59,6.65,0.33,3.51
2026-09-07,actual,phuket,kata,16,0.63,5.05,275,4.4,271.8,7,0.41,3.53
2026-09-07,actual,phuket,kata,17,0.63,5.03,275.25,4.2,271.01,7.2,0.52,3.75
2026-09-07,actual,phuket,kata,18,0.63,5.03,275,3.8,272.39,7.05,0.62,3.75
2026-09-07,actual,phuket,patong,6,0.65,5.38,276.01,2.57,291.58,5.15,0.73,2.56
2026-09-07,actual,phuket,patong,7,0.65,5.45,275.5,2.61,289.39,5.45,0.74,2.59
2026-09-07,actual,phuket,patong,8,0.65,5.5,276.01,2.78,283.77,5.85,0.7,2.61
2026-09-07,actual,phuket,patong,9,0.63,5.5,275.25,3.2,277.59,5.8,0.61,2.55
2026-09-07,actual,phuket,patong,10,0.63,5.53,275.25,3.54,274.39,6.2,0.51,2.55
2026-09-07,actual,phuket,patong,11,0.63,5.53,275,3.96,271.59,6.35,0.41,2.55
2026-09-07,actual,phuket,patong,12,0.62,5.55,274.5,4.16,271.61,6.7,0.32,2.53
2026-09-07,actual,phuket,patong,13,0.62,5.5,274.25,4,273.81,7.05,0.27,2.51
2026-09-07,actual,phuket,patong,14,0.63,5.4,274,4.31,273.41,7.15,0.28,2.51
2026-09-07,actual,phuket,patong,15,0.63,5.28,274.25,4.03,273.6,7.1,0.33,2.46
2026-09-07,actual,phuket,patong,16,0.63,5.18,274,4.2,274.8,7,0.42,2.42
2026-09-07,actual,phuket,patong,17,0.62,5.1,274.25,4.03,277.8,7,0.52,2.36
2026-09-07,actual,phuket,patong,18,0.61,5.13,274,3.3,279.55,6.8,0.62,2.34
2026-09-07,actual,phuket,karon,6,0.66,5.15,277.25,2.57,290.97,6.1,0.73,3.37
2026-09-07,actual,phuket,karon,7,0.66,5.25,276.75,2.61,288.38,6.05,0.74,3.43
2026-09-07,actual,phuket,karon,8,0.65,5.3,277,2.78,283.57,6.4,0.7,3.41
2026-09-07,actual,phuket,karon,9,0.64,5.33,276.5,3.45,276.79,5.85,0.61,3.37
2026-09-07,actual,phuket,karon,10,0.63,5.35,276.25,3.63,274.19,5.85,0.51,3.14
2026-09-07,actual,phuket,karon,11,0.63,5.35,276,4.06,270.8,6.1,0.41,2.82
2026-09-07,actual,phuket,karon,12,0.62,5.38,275.5,4.16,272.01,6.3,0.32,2.64
2026-09-07,actual,phuket,karon,13,0.61,5.35,275.25,4,273.81,6.35,0.27,2.61
2026-09-07,actual,phuket,karon,14,0.62,5.28,275,4.31,273.6,6.5,0.28,2.5
2026-09-07,actual,phuket,karon,15,0.62,5.13,275.25,4.1,273.59,6.65,0.33,2.61
2026-09-07,actual,phuket,karon,16,0.63,5.05,275,4.4,271.8,7,0.42,2.64
2026-09-07,actual,phuket,karon,17,0.63,5.03,275.25,4.2,271.01,7.2,0.52,2.87
2026-09-07,actual,phuket,karon,18,0.63,5.03,275,3.8,272.39,7.05,0.62,3.17
2026-09-07,actual,phuket,katanoi,6,0.66,5.15,277.25,2.57,290.97,6.1,0.73,2.65
2026-09-07,actual,phuket,katanoi,7,0.66,5.25,276.75,2.61,288.38,6.05,0.75,2.7
2026-09-07,actual,phuket,katanoi,8,0.65,5.3,277,2.78,283.57,6.4,0.7,2.68
2026-09-07,actual,phuket,katanoi,9,0.64,5.33,276.5,3.45,276.79,5.85,0.62,2.66
2026-09-07,actual,phuket,katanoi,10,0.63,5.35,276.25,3.63,274.19,5.85,0.51,2.63
2026-09-07,actual,phuket,katanoi,11,0.63,5.35,276,4.06,270.8,6.1,0.41,2.63
2026-09-07,actual,phuket,katanoi,12,0.62,5.38,275.5,4.16,272.01,6.3,0.32,2.56
2026-09-07,actual,phuket,katanoi,13,0.61,5.35,275.25,4,273.81,6.35,0.27,2.51
2026-09-07,actual,phuket,katanoi,14,0.62,5.28,275,4.31,273.6,6.5,0.28,2.4
2026-09-07,actual,phuket,katanoi,15,0.62,5.13,275.25,4.1,273.59,6.65,0.33,2.51
2026-09-07,actual,phuket,katanoi,16,0.63,5.05,275,4.4,271.8,7,0.41,2.51
2026-09-07,actual,phuket,katanoi,17,0.63,5.03,275.25,4.2,271.01,7.2,0.52,2.5
2026-09-07,actual,phuket,katanoi,18,0.63,5.03,275,3.8,272.39,7.05,0.62,2.5
2026-09-07,actual,phuket,kalim,6,0.65,5.38,276.01,2.57,291.58,5.15,0.73,1.61
2026-09-07,actual,phuket,kalim,7,0.65,5.45,275.5,2.61,289.39,5.45,0.74,1.63
2026-09-07,actual,phuket,kalim,8,0.65,5.5,276.01,2.78,283.77,5.85,0.7,1.64
2026-09-07,actual,phuket,kalim,9,0.63,5.5,275.25,3.2,277.59,5.8,0.61,1.6
2026-09-07,actual,phuket,kalim,10,0.63,5.53,275.25,3.54,274.39,6.2,0.51,1.6
2026-09-07,actual,phuket,kalim,11,0.63,5.53,275,3.96,271.59,6.35,0.41,1.6
2026-09-07,actual,phuket,kalim,12,0.62,5.55,274.5,4.16,271.61,6.7,0.32,1.59
2026-09-07,actual,phuket,kalim,13,0.62,5.5,274.25,4,273.81,7.05,0.27,1.58
2026-09-07,actual,phuket,kalim,14,0.63,5.4,274,4.31,273.41,7.15,0.28,1.58
2026-09-07,actual,phuket,kalim,15,0.63,5.28,274.25,4.03,273.6,7.1,0.33,1.55
2026-09-07,actual,phuket,kalim,16,0.63,5.18,274,4.2,274.8,7,0.42,1.53
2026-09-07,actual,phuket,kalim,17,0.62,5.1,274.25,4.03,277.8,7,0.52,1.49
2026-09-07,actual,phuket,kalim,18,0.61,5.13,274,3.3,279.55,6.8,0.62,1.48
2026-09-07,actual,phuket,kamala,6,0.65,5.38,275,2.57,291.98,5.05,0.73,2.79
2026-09-07,actual,phuket,kamala,7,0.65,5.45,274.5,2.61,288.58,5.45,0.74,2.82
2026-09-07,actual,phuket,kamala,8,0.65,5.5,275,2.78,283.97,5.85,0.7,2.85
2026-09-07,actual,phuket,kamala,9,0.63,5.5,274.5,3.2,278.39,5.8,0.61,2.77
2026-09-07,actual,phuket,kamala,10,0.63,5.53,274.5,3.54,275.59,6.2,0.51,2.78
2026-09-07,actual,phuket,kamala,11,0.63,5.53,274.25,3.96,272.98,6.35,0.4,2.78
2026-09-07,actual,phuket,kamala,12,0.62,5.55,274,4.16,272.8,6.7,0.32,2.76
2026-09-07,actual,phuket,kamala,13,0.62,5.5,273.75,4.1,274.62,7.05,0.27,2.73
2026-09-07,actual,phuket,kamala,14,0.63,5.4,273.5,4.32,274.81,7.15,0.28,2.73
2026-09-07,actual,phuket,kamala,15,0.64,5.28,273.75,4.03,275,7.1,0.33,2.71
2026-09-07,actual,phuket,kamala,16,0.64,5.18,273.5,4.2,275.61,7,0.42,2.67
2026-09-07,actual,phuket,kamala,17,0.63,5.1,273.75,4.03,278.4,7,0.52,2.6
2026-09-07,actual,phuket,kamala,18,0.61,5.13,273.25,3.3,280.16,6.8,0.62,2.54
2026-09-07,actual,phuket,surin,6,0.65,5.38,275,2.57,289.4,5.05,0.73,2.37
2026-09-07,actual,phuket,surin,7,0.65,5.45,274.5,2.45,286.6,5.45,0.74,2.39
2026-09-07,actual,phuket,surin,8,0.65,5.5,275,2.6,282.59,5.85,0.7,2.41
2026-09-07,actual,phuket,surin,9,0.63,5.5,274.5,3.2,277.38,5.8,0.61,2.35
2026-09-07,actual,phuket,surin,10,0.63,5.53,274.5,3.51,276.18,6.2,0.51,2.36
2026-09-07,actual,phuket,surin,11,0.63,5.53,274.25,3.79,275.18,6.35,0.4,2.36
2026-09-07,actual,phuket,surin,12,0.62,5.55,274,3.91,273,6.7,0.32,2.34
2026-09-07,actual,phuket,surin,13,0.62,5.5,273.75,4.1,274.22,7.05,0.27,2.32
2026-09-07,actual,phuket,surin,14,0.63,5.4,273.5,4.12,274.61,7.15,0.28,2.31
2026-09-07,actual,phuket,surin,15,0.64,5.28,273.75,3.91,275.4,7.1,0.33,2.3
2026-09-07,actual,phuket,surin,16,0.64,5.18,273.5,3.72,275.41,7,0.42,2.26
2026-09-07,actual,phuket,surin,17,0.63,5.1,273.75,3.7,276.99,7,0.52,2.21
2026-09-07,actual,phuket,surin,18,0.61,5.13,273.25,3.3,276.11,6.8,0.62,2.16
2026-09-07,actual,phuket,bangtao,6,0.65,5.38,274.5,2.57,289.4,5.05,0.73,3.36
2026-09-07,actual,phuket,bangtao,7,0.65,5.45,274,2.45,286.6,5.45,0.74,3.4
2026-09-07,actual,phuket,bangtao,8,0.65,5.5,274.5,2.6,282.59,5.85,0.7,3.43
2026-09-07,actual,phuket,bangtao,9,0.63,5.5,274,3.2,277.38,5.8,0.61,3.34
2026-09-07,actual,phuket,bangtao,10,0.63,5.53,274,3.51,276.18,6.2,0.51,3.35
2026-09-07,actual,phuket,bangtao,11,0.63,5.53,273.75,3.79,275.18,6.35,0.4,3.28
2026-09-07,actual,phuket,bangtao,12,0.62,5.55,273.5,3.91,273,6.7,0.32,3.24
2026-09-07,actual,phuket,bangtao,13,0.62,5.5,273.25,4.1,274.22,7.05,0.27,3.15
2026-09-07,actual,phuket,bangtao,14,0.63,5.4,273,4.12,274.61,7.15,0.28,3.11
2026-09-07,actual,phuket,bangtao,15,0.64,5.28,273.25,3.91,275.4,7.1,0.33,3.15
2026-09-07,actual,phuket,bangtao,16,0.64,5.18,273,3.72,275.41,7,0.42,3.18
2026-09-07,actual,phuket,bangtao,17,0.63,5.1,273.25,3.7,276.99,7,0.53,3.12
2026-09-07,actual,phuket,bangtao,18,0.61,5.13,272.75,3.3,276.11,6.8,0.62,3.05
2026-09-07,actual,phuket,layan,6,0.65,5.38,274.5,2.57,289.4,5.05,0.73,3.09
2026-09-07,actual,phuket,layan,7,0.65,5.45,274,2.45,286.6,5.45,0.74,3.12
2026-09-07,actual,phuket,layan,8,0.65,5.5,274.5,2.6,282.59,5.85,0.7,3.15
2026-09-07,actual,phuket,layan,9,0.63,5.5,274,3.2,277.38,5.8,0.61,3.06
2026-09-07,actual,phuket,layan,10,0.63,5.53,274,3.51,276.18,6.2,0.51,3.08
2026-09-07,actual,phuket,layan,11,0.63,5.53,273.75,3.79,275.18,6.35,0.4,3.08
2026-09-07,actual,phuket,layan,12,0.62,5.55,273.5,3.91,273,6.7,0.32,3.05
2026-09-07,actual,phuket,layan,13,0.62,5.5,273.25,4.1,274.22,7.05,0.27,3.02
2026-09-07,actual,phuket,layan,14,0.63,5.4,273,4.12,274.61,7.15,0.28,3.02
2026-09-07,actual,phuket,layan,15,0.64,5.28,273.25,3.91,275.4,7.1,0.33,3
2026-09-07,actual,phuket,layan,16,0.64,5.18,273,3.72,275.41,7,0.42,2.95
2026-09-07,actual,phuket,layan,17,0.63,5.1,273.25,3.7,276.99,7,0.53,2.87
2026-09-07,actual,phuket,layan,18,0.61,5.13,272.75,3.3,276.11,6.8,0.62,2.8
2026-09-07,actual,phuket,naithon,6,0.65,5.38,274.5,2.57,288.4,5.05,0.73,3.18
2026-09-07,actual,phuket,naithon,7,0.65,5.45,274,2.45,287.4,5.45,0.74,3.22
2026-09-07,actual,phuket,naithon,8,0.65,5.5,274.5,2.6,283.79,5.85,0.7,3.24
2026-09-07,actual,phuket,naithon,9,0.63,5.5,274,3.2,278.18,5.8,0.61,3.16
2026-09-07,actual,phuket,naithon,10,0.63,5.53,274,3.38,276.18,6.1,0.51,3.17
2026-09-07,actual,phuket,naithon,11,0.63,5.53,273.75,3.79,275.18,6.35,0.4,3.17
2026-09-07,actual,phuket,naithon,12,0.62,5.55,273.5,3.91,273,6.7,0.32,3.14
2026-09-07,actual,phuket,naithon,13,0.62,5.5,273.25,3.91,274.22,7.05,0.27,3.11
2026-09-07,actual,phuket,naithon,14,0.63,5.4,273,4.12,274.21,7.15,0.28,3.11
2026-09-07,actual,phuket,naithon,15,0.64,5.28,273.25,3.91,274.8,7.1,0.33,3.08
2026-09-07,actual,phuket,naithon,16,0.64,5.18,273,3.72,274.8,7,0.42,3.03
2026-09-07,actual,phuket,naithon,17,0.63,5.1,273.25,3.7,277.19,7,0.53,2.96
2026-09-07,actual,phuket,naithon,18,0.61,5.13,272.75,3.3,276.72,6.8,0.62,2.89
2026-09-07,actual,phuket,naiyang,6,0.64,5.38,273.75,2.57,288.4,5.05,0.74,3.26
2026-09-07,actual,phuket,naiyang,7,0.65,5.45,274,2.45,287.4,5.45,0.74,3.34
2026-09-07,actual,phuket,naiyang,8,0.65,5.5,273.75,2.6,283.79,5.85,0.7,3.37
2026-09-07,actual,phuket,naiyang,9,0.63,5.5,273.25,3.2,278.18,5.8,0.61,3.28
2026-09-07,actual,phuket,naiyang,10,0.63,5.53,273.25,3.38,276.18,6.1,0.51,3.29
2026-09-07,actual,phuket,naiyang,11,0.63,5.53,273,3.79,275.18,6.35,0.41,3
2026-09-07,actual,phuket,naiyang,12,0.62,5.55,273,3.91,273,6.7,0.32,2.8
2026-09-07,actual,phuket,naiyang,13,0.61,5.5,272.75,3.91,274.22,7.05,0.27,2.7
2026-09-07,actual,phuket,naiyang,14,0.62,5.4,272.5,4.12,274.21,7.15,0.28,2.63
2026-09-07,actual,phuket,naiyang,15,0.63,5.28,272.75,3.91,274.8,7.1,0.34,2.76
2026-09-07,actual,phuket,naiyang,16,0.62,5.18,272.5,3.72,274.8,7,0.43,2.95
2026-09-07,actual,phuket,naiyang,17,0.6,5.1,272.75,3.7,277.19,7,0.53,2.94
2026-09-07,actual,phuket,naiyang,18,0.6,5.13,272.25,3.3,276.72,6.8,0.62,2.95
2026-09-07,actual,phuket,kl_khukkhak,6,0.63,5.2,273.25,0.85,286.1,4.2,0.74,3.98
2026-09-07,actual,phuket,kl_khukkhak,7,0.62,5.25,273.25,1.14,283.58,4.1,0.75,3.96
2026-09-07,actual,phuket,kl_khukkhak,8,0.62,5.3,273.25,1.58,273.82,4.3,0.69,3.99
2026-09-07,actual,phuket,kl_khukkhak,9,0.61,5.33,273.5,2.24,272.47,5.55,0.6,3.95
2026-09-07,actual,phuket,kl_khukkhak,10,0.61,5.33,273.25,2.53,268.41,5.7,0.5,3.95
2026-09-07,actual,phuket,kl_khukkhak,11,0.61,5.38,273.25,3.01,268.41,6.5,0.41,3.98
2026-09-07,actual,phuket,kl_khukkhak,12,0.6,5.38,273.5,3.65,271.81,7.3,0.31,3.67
2026-09-07,actual,phuket,kl_khukkhak,13,0.6,5.4,273.75,3.41,273.81,7.75,0.27,3.68
2026-09-07,actual,phuket,kl_khukkhak,14,0.6,5.38,273.75,3.7,274.01,7.9,0.28,3.6
2026-09-07,actual,phuket,kl_khukkhak,15,0.61,5.38,274,3.7,276.01,7.75,0.35,3.71
2026-09-07,actual,phuket,kl_khukkhak,16,0.61,5.33,274,3.5,274.2,7.4,0.45,3.91
2026-09-07,actual,phuket,kl_khukkhak,17,0.62,5.3,273.75,3.21,272.41,6.55,0.54,3.99
2026-09-07,actual,phuket,kl_khukkhak,18,0.62,5.25,273.75,2.01,271.02,5.7,0.63,3.96
2026-09-07,actual,khaolak,khukkhak,6,0.63,5.2,273.25,0.85,286.1,4.2,0.74,3.98
2026-09-07,actual,khaolak,khukkhak,7,0.62,5.25,273.25,1.14,283.58,4.1,0.75,3.96
2026-09-07,actual,khaolak,khukkhak,8,0.62,5.3,273.25,1.58,273.82,4.3,0.69,3.99
2026-09-07,actual,khaolak,khukkhak,9,0.61,5.33,273.5,2.24,272.47,5.55,0.6,3.95
2026-09-07,actual,khaolak,khukkhak,10,0.61,5.33,273.25,2.53,268.41,5.7,0.5,3.95
2026-09-07,actual,khaolak,khukkhak,11,0.61,5.38,273.25,3.01,268.41,6.5,0.41,3.98
2026-09-07,actual,khaolak,khukkhak,12,0.6,5.38,273.5,3.65,271.81,7.3,0.31,3.67
2026-09-07,actual,khaolak,khukkhak,13,0.6,5.4,273.75,3.41,273.81,7.75,0.27,3.68
2026-09-07,actual,khaolak,khukkhak,14,0.6,5.38,273.75,3.7,274.01,7.9,0.28,3.6
2026-09-07,actual,khaolak,khukkhak,15,0.61,5.38,274,3.7,276.01,7.75,0.35,3.71
2026-09-07,actual,khaolak,khukkhak,16,0.61,5.33,274,3.5,274.2,7.4,0.45,3.91
2026-09-07,actual,khaolak,khukkhak,17,0.62,5.3,273.75,3.21,272.41,6.55,0.54,3.99
2026-09-07,actual,khaolak,khukkhak,18,0.62,5.25,273.75,2.01,271.02,5.7,0.63,3.96
2026-09-07,actual,khaolak,pakarang,6,0.63,5.2,273.25,0.85,286.1,4.2,0.74,2.61
2026-09-07,actual,khaolak,pakarang,7,0.62,5.25,273.25,1.14,283.58,4.1,0.75,2.6
2026-09-07,actual,khaolak,pakarang,8,0.62,5.3,273.25,1.58,273.82,4.3,0.69,2.62
2026-09-07,actual,khaolak,pakarang,9,0.61,5.33,273.5,2.24,272.47,5.55,0.6,2.59
2026-09-07,actual,khaolak,pakarang,10,0.61,5.33,273.25,2.53,268.41,5.7,0.5,2.59
2026-09-07,actual,khaolak,pakarang,11,0.61,5.38,273.25,3.01,268.41,6.5,0.41,2.61
2026-09-07,actual,khaolak,pakarang,12,0.6,5.38,273.5,3.65,271.81,7.3,0.31,2.58
2026-09-07,actual,khaolak,pakarang,13,0.6,5.4,273.75,3.41,273.81,7.75,0.27,2.59
2026-09-07,actual,khaolak,pakarang,14,0.6,5.38,273.75,3.7,274.01,7.9,0.28,2.58
2026-09-07,actual,khaolak,pakarang,15,0.61,5.38,274,3.7,276.01,7.75,0.35,2.61
2026-09-07,actual,khaolak,pakarang,16,0.61,5.33,274,3.5,274.2,7.4,0.45,2.59
2026-09-07,actual,khaolak,pakarang,17,0.62,5.3,273.75,3.21,272.41,6.55,0.54,2.62
2026-09-07,actual,khaolak,pakarang,18,0.62,5.25,273.75,2.01,271.02,5.7,0.63,2.6
2026-09-07,actual,khaolak,bangniang,6,0.63,5.2,273.25,0.72,288.93,3.55,0.74,3.98
2026-09-07,actual,khaolak,bangniang,7,0.62,5.25,273.25,1.14,285.18,3.05,0.75,3.96
2026-09-07,actual,khaolak,bangniang,8,0.62,5.3,273.25,1.58,275.48,4.4,0.69,3.95
2026-09-07,actual,khaolak,bangniang,9,0.61,5.33,273.5,2.24,272.85,5.3,0.6,3.72
2026-09-07,actual,khaolak,bangniang,10,0.61,5.33,273.25,2.53,269.4,6.15,0.5,3.63
2026-09-07,actual,khaolak,bangniang,11,0.61,5.38,273.25,3.01,269,6.9,0.41,3.48
2026-09-07,actual,khaolak,bangniang,12,0.6,5.38,273.5,3.35,271.61,7.4,0.31,3.35
2026-09-07,actual,khaolak,bangniang,13,0.6,5.4,273.75,3.41,274.21,7.75,0.27,3.33
2026-09-07,actual,khaolak,bangniang,14,0.6,5.38,273.75,3.44,274.41,7.9,0.28,3.31
2026-09-07,actual,khaolak,bangniang,15,0.61,5.38,274,3.24,276.41,7.75,0.35,3.39
2026-09-07,actual,khaolak,bangniang,16,0.61,5.33,274,2.93,275,7.4,0.45,3.48
2026-09-07,actual,khaolak,bangniang,17,0.62,5.3,273.75,2.82,273.81,6.55,0.54,3.52
2026-09-07,actual,khaolak,bangniang,18,0.62,5.25,273.75,1.94,273.01,5.7,0.63,3.8
2026-09-07,actual,khaolak,nangthong,6,0.63,5.2,272,0.72,299.57,3.55,0.74,3.19
2026-09-07,actual,khaolak,nangthong,7,0.62,5.25,271.75,1.06,294.4,3.05,0.75,3.17
2026-09-07,actual,khaolak,nangthong,8,0.62,5.3,271.75,1.39,280.2,4.4,0.69,3.2
2026-09-07,actual,khaolak,nangthong,9,0.61,5.33,272.25,2.06,275.05,5.3,0.6,3.17
2026-09-07,actual,khaolak,nangthong,10,0.61,5.33,272,2.5,268.78,6.15,0.5,3.17
2026-09-07,actual,khaolak,nangthong,11,0.61,5.38,272,2.7,268.6,6.9,0.4,3.19
2026-09-07,actual,khaolak,nangthong,12,0.6,5.38,272,2.84,270.43,7.4,0.31,3.15
2026-09-07,actual,khaolak,nangthong,13,0.6,5.4,272.25,2.94,274.06,7.75,0.27,3.16
2026-09-07,actual,khaolak,nangthong,14,0.6,5.38,272.25,3.22,274.26,7.9,0.28,3.15
2026-09-07,actual,khaolak,nangthong,15,0.61,5.38,272.75,3.24,276.83,7.75,0.35,3.19
2026-09-07,actual,khaolak,nangthong,16,0.61,5.33,272.75,2.72,275.21,7.4,0.44,3.17
2026-09-07,actual,khaolak,nangthong,17,0.62,5.3,272.75,2.45,274.01,6.55,0.54,3.2
2026-09-07,actual,khaolak,nangthong,18,0.62,5.25,272.5,1.82,273.82,5.7,0.63,3.17
2026-09-07,actual,khaolak,pakweep,6,0.63,5.2,273.25,0.85,286.1,4.2,0.74,3.38
2026-09-07,actual,khaolak,pakweep,7,0.62,5.25,273.25,1.14,283.58,4.1,0.75,3.36
2026-09-07,actual,khaolak,pakweep,8,0.62,5.3,273.25,1.58,273.82,4.3,0.69,3.38
2026-09-07,actual,khaolak,pakweep,9,0.61,5.33,273.5,2.24,272.47,5.55,0.6,3.35
2026-09-07,actual,khaolak,pakweep,10,0.61,5.33,273.25,2.53,268.41,5.7,0.5,3.35
2026-09-07,actual,khaolak,pakweep,11,0.61,5.38,273.25,3.01,268.41,6.5,0.41,3.38
2026-09-07,actual,khaolak,pakweep,12,0.6,5.38,273.5,3.65,271.81,7.3,0.31,3.22
2026-09-07,actual,khaolak,pakweep,13,0.6,5.4,273.75,3.41,273.81,7.75,0.27,3.3
2026-09-07,actual,khaolak,pakweep,14,0.6,5.38,273.75,3.7,274.01,7.9,0.28,3.19
2026-09-07,actual,khaolak,pakweep,15,0.61,5.38,274,3.7,276.01,7.75,0.35,3.2
2026-09-07,actual,khaolak,pakweep,16,0.61,5.33,274,3.5,274.2,7.4,0.45,3.25
2026-09-07,actual,khaolak,pakweep,17,0.62,5.3,273.75,3.21,272.41,6.55,0.54,3.35
2026-09-07,actual,khaolak,pakweep,18,0.62,5.25,273.75,2.01,271.02,5.7,0.63,3.36
2026-09-07,actual,khaolak,bangsak,6,0.58,5.2,274.51,0.7,285.03,4.2,0.75,3.22
2026-09-07,actual,khaolak,bangsak,7,0.59,5.28,274.75,0.7,282.78,4.1,0.75,3.31
2026-09-07,actual,khaolak,bangsak,8,0.59,5.3,274.75,1.3,273.2,4.3,0.69,3.33
2026-09-07,actual,khaolak,bangsak,9,0.59,5.35,275,2.06,272.47,5.55,0.6,3.36
2026-09-07,actual,khaolak,bangsak,10,0.59,5.35,275,2.5,269.62,5.7,0.51,3.36
2026-09-07,actual,khaolak,bangsak,11,0.59,5.38,274.75,2.96,270.22,6.5,0.41,3.37
2026-09-07,actual,khaolak,bangsak,12,0.58,5.4,274.5,3.35,274.42,7.3,0.32,3.33
2026-09-07,actual,khaolak,bangsak,13,0.57,5.43,275.01,3.3,276.8,7.75,0.27,3.3
2026-09-07,actual,khaolak,bangsak,14,0.57,5.4,274.76,3.44,276.8,7.9,0.29,3.28
2026-09-07,actual,khaolak,bangsak,15,0.58,5.38,275.01,3.24,278.2,7.75,0.36,3.32
2026-09-07,actual,khaolak,bangsak,16,0.58,5.33,274.76,2.93,275.8,7.4,0.45,3.29
2026-09-07,actual,khaolak,bangsak,17,0.56,5.3,274.76,2.82,272.61,6.55,0.55,3.18
2026-09-07,actual,khaolak,bangsak,18,0.55,5.25,274.5,1.94,270.82,5.7,0.64,3.1
2026-09-08,actual,phuket,naiharn,6,0.7,5.05,275.01,3.41,267.4,6.8,0.73,2.28
2026-09-08,actual,phuket,naiharn,7,0.71,5.15,276,3.4,261.61,6.55,0.83,2.34
2026-09-08,actual,phuket,naiharn,8,0.71,5.18,276.75,3.45,261.39,5.9,0.84,2.35
2026-09-08,actual,phuket,naiharn,9,0.72,5.13,276,3.65,261,6.2,0.79,2.36
2026-09-08,actual,phuket,naiharn,10,0.72,5.1,276.75,4.15,261.6,6.6,0.68,2.35
2026-09-08,actual,phuket,naiharn,11,0.73,5.1,276.75,4.16,264.2,7,0.53,2.38
2026-09-08,actual,phuket,naiharn,12,0.74,5.08,276.75,4.46,267.6,7.6,0.38,2.39
2026-09-08,actual,phuket,naiharn,13,0.75,5.1,276.75,4.3,271.6,7.95,0.25,2.43
2026-09-08,actual,phuket,naiharn,14,0.76,5.13,276.5,4.72,274.41,8.2,0.19,2.47
2026-09-08,actual,phuket,naiharn,15,0.78,5.13,277.5,4.96,277.4,8.45,0.2,2.46
2026-09-08,actual,phuket,naiharn,16,0.79,5.15,277,4.9,278.81,8.4,0.28,2.56
2026-09-08,actual,phuket,naiharn,17,0.79,5.15,276.75,4.81,278.81,8.35,0.42,2.56
2026-09-08,actual,phuket,naiharn,18,0.79,5.18,276,4.3,278.81,8.2,0.57,2.57
2026-09-08,actual,phuket,kata,6,0.73,5.05,279,3.41,267.4,6.8,0.73,3.8
2026-09-08,actual,phuket,kata,7,0.74,5.15,279,3.4,261.61,6.55,0.83,3.69
2026-09-08,actual,phuket,kata,8,0.74,5.18,279,3.45,261.39,5.9,0.84,3.66
2026-09-08,actual,phuket,kata,9,0.74,5.15,278.25,3.65,261,6.2,0.79,3.67
2026-09-08,actual,phuket,kata,10,0.73,5.18,279.5,4.15,261.6,6.6,0.68,3.66
2026-09-08,actual,phuket,kata,11,0.74,5.23,279.5,4.16,264.2,7,0.53,3.87
2026-09-08,actual,phuket,kata,12,0.75,5.2,279.75,4.46,267.6,7.6,0.38,3.51
2026-09-08,actual,phuket,kata,13,0.77,5.23,279.75,4.3,271.6,7.95,0.25,3.39
2026-09-08,actual,phuket,kata,14,0.79,5.25,279.5,4.72,274.41,8.2,0.19,3.16
2026-09-08,actual,phuket,kata,15,0.81,5.23,279.5,4.96,277.4,8.45,0.2,3.11
2026-09-08,actual,phuket,kata,16,0.83,5.25,279,4.9,278.81,8.4,0.28,3.3
2026-09-08,actual,phuket,kata,17,0.84,5.25,278.75,4.81,278.81,8.35,0.42,3.56
2026-09-08,actual,phuket,kata,18,0.85,5.25,278,4.3,278.81,8.2,0.57,3.93
2026-09-08,actual,phuket,patong,6,0.75,5.25,278.01,3.41,266.6,5.95,0.73,2.84
2026-09-08,actual,phuket,patong,7,0.75,5.33,278.01,3.18,260.83,5.75,0.83,2.87
2026-09-08,actual,phuket,patong,8,0.76,5.33,277.76,3.16,259.82,5.7,0.85,2.91
2026-09-08,actual,phuket,patong,9,0.77,5.28,277.26,3.65,259.61,6.25,0.79,2.91
2026-09-08,actual,phuket,patong,10,0.76,5.25,278.26,3.75,261.59,6.6,0.68,2.87
2026-09-08,actual,phuket,patong,11,0.76,5.3,278.26,3.98,264,7.25,0.53,2.89
2026-09-08,actual,phuket,patong,12,0.78,5.28,278.51,4.46,268.2,7.5,0.38,2.95
2026-09-08,actual,phuket,patong,13,0.79,5.3,278.51,4.3,272.6,7.9,0.25,2.99
2026-09-08,actual,phuket,patong,14,0.81,5.32,278.26,4.52,274.41,8,0.19,2.96
2026-09-08,actual,phuket,patong,15,0.82,5.3,278.27,4.7,277,8.25,0.2,2.92
2026-09-08,actual,phuket,patong,16,0.84,5.32,277.76,4.9,278.81,8.2,0.29,3.01
2026-09-08,actual,phuket,patong,17,0.85,5.32,277.51,4.8,278.81,7.85,0.43,3.2
2026-09-08,actual,phuket,patong,18,0.85,5.35,277.01,4.3,279.01,7.65,0.58,3.22
2026-09-08,actual,phuket,karon,6,0.72,5.05,279,3.41,267.4,6.8,0.73,3.51
2026-09-08,actual,phuket,karon,7,0.73,5.15,279,3.4,261.61,6.55,0.83,3.69
2026-09-08,actual,phuket,karon,8,0.74,5.18,279,3.45,261.39,5.9,0.85,3.74
2026-09-08,actual,phuket,karon,9,0.74,5.15,278.25,3.65,261,6.2,0.79,3.58
2026-09-08,actual,phuket,karon,10,0.73,5.18,279.5,4.15,261.6,6.6,0.68,3.19
2026-09-08,actual,phuket,karon,11,0.74,5.23,279.5,4.16,264.2,7,0.53,2.96
2026-09-08,actual,phuket,karon,12,0.75,5.2,279.75,4.46,267.6,7.6,0.38,2.59
2026-09-08,actual,phuket,karon,13,0.77,5.23,279.75,4.3,271.6,7.95,0.25,2.46
2026-09-08,actual,phuket,karon,14,0.79,5.25,279.5,4.72,274.41,8.2,0.19,2.22
2026-09-08,actual,phuket,karon,15,0.81,5.23,279.5,4.96,277.4,8.45,0.2,2.18
2026-09-08,actual,phuket,karon,16,0.83,5.25,279,4.9,278.81,8.4,0.29,2.37
2026-09-08,actual,phuket,karon,17,0.84,5.25,278.75,4.81,278.81,8.35,0.43,2.64
2026-09-08,actual,phuket,karon,18,0.84,5.25,278,4.3,278.81,8.2,0.58,3.09
2026-09-08,actual,phuket,katanoi,6,0.73,5.05,279,3.41,267.4,6.8,0.73,2.84
2026-09-08,actual,phuket,katanoi,7,0.74,5.15,279,3.4,261.61,6.55,0.83,2.93
2026-09-08,actual,phuket,katanoi,8,0.74,5.18,279,3.45,261.39,5.9,0.84,2.94
2026-09-08,actual,phuket,katanoi,9,0.74,5.15,278.25,3.65,261,6.2,0.79,2.93
2026-09-08,actual,phuket,katanoi,10,0.73,5.18,279.5,4.15,261.6,6.6,0.68,2.9
2026-09-08,actual,phuket,katanoi,11,0.74,5.23,279.5,4.16,264.2,7,0.53,2.86
2026-09-08,actual,phuket,katanoi,12,0.75,5.2,279.75,4.46,267.6,7.6,0.38,2.48
2026-09-08,actual,phuket,katanoi,13,0.77,5.23,279.75,4.3,271.6,7.95,0.25,2.34
2026-09-08,actual,phuket,katanoi,14,0.79,5.25,279.5,4.72,274.41,8.2,0.19,2.1
2026-09-08,actual,phuket,katanoi,15,0.81,5.23,279.5,4.96,277.4,8.45,0.2,2.05
2026-09-08,actual,phuket,katanoi,16,0.83,5.25,279,4.9,278.81,8.4,0.28,2.24
2026-09-08,actual,phuket,katanoi,17,0.84,5.25,278.75,4.81,278.81,8.35,0.42,2.5
2026-09-08,actual,phuket,katanoi,18,0.85,5.25,278,4.3,278.81,8.2,0.57,2.96
2026-09-08,actual,phuket,kalim,6,0.75,5.25,278.01,3.41,266.6,5.95,0.73,1.76
2026-09-08,actual,phuket,kalim,7,0.75,5.33,278.01,3.18,260.83,5.75,0.83,1.78
2026-09-08,actual,phuket,kalim,8,0.76,5.33,277.76,3.16,259.82,5.7,0.85,1.8
2026-09-08,actual,phuket,kalim,9,0.77,5.28,277.26,3.65,259.61,6.25,0.79,1.81
2026-09-08,actual,phuket,kalim,10,0.76,5.25,278.26,3.75,261.59,6.6,0.68,1.78
2026-09-08,actual,phuket,kalim,11,0.76,5.3,278.26,3.98,264,7.25,0.53,1.79
2026-09-08,actual,phuket,kalim,12,0.78,5.28,278.51,4.46,268.2,7.5,0.38,1.82
2026-09-08,actual,phuket,kalim,13,0.79,5.3,278.51,4.3,272.6,7.9,0.25,1.85
2026-09-08,actual,phuket,kalim,14,0.81,5.32,278.26,4.52,274.41,8,0.19,1.89
2026-09-08,actual,phuket,kalim,15,0.82,5.3,278.27,4.7,277,8.25,0.2,1.9
2026-09-08,actual,phuket,kalim,16,0.84,5.32,277.76,4.9,278.81,8.2,0.29,1.95
2026-09-08,actual,phuket,kalim,17,0.85,5.32,277.51,4.8,278.81,7.85,0.43,1.97
2026-09-08,actual,phuket,kalim,18,0.85,5.35,277.01,4.3,279.01,7.65,0.58,1.97
2026-09-08,actual,phuket,kamala,6,0.74,5.25,276.75,3.41,265.99,5.95,0.74,3.06
2026-09-08,actual,phuket,kamala,7,0.74,5.33,276.75,3.18,260.83,5.75,0.83,3.1
2026-09-08,actual,phuket,kamala,8,0.76,5.33,276.76,3.11,260.03,5.8,0.84,3.17
2026-09-08,actual,phuket,kamala,9,0.78,5.28,276.5,3.52,260.02,6.35,0.79,3.22
2026-09-08,actual,phuket,kamala,10,0.78,5.25,277.26,3.82,262.19,6.75,0.67,3.11
2026-09-08,actual,phuket,kamala,11,0.78,5.28,277.51,3.98,264.6,7.25,0.53,3.06
2026-09-08,actual,phuket,kamala,12,0.79,5.28,277.51,4.32,269,7.5,0.37,2.95
2026-09-08,actual,phuket,kamala,13,0.8,5.3,277.51,4.3,273.2,7.9,0.25,2.97
2026-09-08,actual,phuket,kamala,14,0.82,5.32,277.26,4.5,274.8,8.1,0.19,2.92
2026-09-08,actual,phuket,kamala,15,0.83,5.3,277.51,4.7,277.6,8.25,0.21,2.85
2026-09-08,actual,phuket,kamala,16,0.85,5.32,277.01,4.82,279.8,8.2,0.3,2.83
2026-09-08,actual,phuket,kamala,17,0.85,5.32,276.76,4.7,279.4,7.85,0.43,2.88
2026-09-08,actual,phuket,kamala,18,0.84,5.35,276.26,4.27,279.41,7.65,0.58,3.04
2026-09-08,actual,phuket,surin,6,0.74,5.25,276.75,2.83,262.77,5.95,0.74,2.59
2026-09-08,actual,phuket,surin,7,0.74,5.33,276.75,2.92,257.98,5.75,0.83,2.62
2026-09-08,actual,phuket,surin,8,0.76,5.33,276.76,3.09,258.81,5.8,0.84,2.68
2026-09-08,actual,phuket,surin,9,0.78,5.28,276.5,3.52,260.42,6.35,0.79,2.71
2026-09-08,actual,phuket,surin,10,0.78,5.25,277.26,3.77,262.99,6.75,0.67,2.7
2026-09-08,actual,phuket,surin,11,0.78,5.28,277.51,3.92,264.6,7.25,0.53,2.71
2026-09-08,actual,phuket,surin,12,0.79,5.28,277.51,4.2,269.4,7.5,0.37,2.74
2026-09-08,actual,phuket,surin,13,0.8,5.3,277.51,4.3,273.4,7.9,0.25,2.79
2026-09-08,actual,phuket,surin,14,0.82,5.32,277.26,4.5,274.2,8.1,0.19,2.86
2026-09-08,actual,phuket,surin,15,0.83,5.3,277.51,4.47,276.8,8.25,0.21,2.87
2026-09-08,actual,phuket,surin,16,0.85,5.32,277.01,4.41,279,8.2,0.3,2.95
2026-09-08,actual,phuket,surin,17,0.85,5.32,276.76,4.44,279,7.85,0.43,2.95
2026-09-08,actual,phuket,surin,18,0.84,5.35,276.26,4.2,278.21,7.65,0.58,2.93
2026-09-08,actual,phuket,bangtao,6,0.73,5.25,276.25,2.83,262.77,5.95,0.74,3.58
2026-09-08,actual,phuket,bangtao,7,0.73,5.33,276.25,2.92,257.98,5.75,0.83,3.58
2026-09-08,actual,phuket,bangtao,8,0.75,5.33,276.25,3.09,258.81,5.8,0.85,3.53
2026-09-08,actual,phuket,bangtao,9,0.77,5.28,275.75,3.52,260.42,6.35,0.79,3.38
2026-09-08,actual,phuket,bangtao,10,0.78,5.25,276.5,3.77,262.99,6.75,0.67,3.28
2026-09-08,actual,phuket,bangtao,11,0.78,5.28,276.75,3.92,264.6,7.25,0.53,3.24
2026-09-08,actual,phuket,bangtao,12,0.79,5.28,277.01,4.2,269.4,7.5,0.37,3.14
2026-09-08,actual,phuket,bangtao,13,0.8,5.3,277.01,4.3,273.4,7.9,0.25,3.12
2026-09-08,actual,phuket,bangtao,14,0.82,5.32,276.76,4.5,274.2,8.1,0.19,3.08
2026-09-08,actual,phuket,bangtao,15,0.82,5.3,276.76,4.47,276.8,8.25,0.21,3.08
2026-09-08,actual,phuket,bangtao,16,0.83,5.32,276.26,4.41,279,8.2,0.3,3.12
2026-09-08,actual,phuket,bangtao,17,0.83,5.32,276.01,4.44,279,7.85,0.43,3.12
2026-09-08,actual,phuket,bangtao,18,0.82,5.35,275.75,4.2,278.21,7.65,0.59,3.21
2026-09-08,actual,phuket,layan,6,0.73,5.25,276.25,2.83,262.77,5.95,0.74,3.35
2026-09-08,actual,phuket,layan,7,0.73,5.33,276.25,2.92,257.98,5.75,0.83,3.39
2026-09-08,actual,phuket,layan,8,0.75,5.33,276.25,3.09,258.81,5.8,0.85,3.44
2026-09-08,actual,phuket,layan,9,0.77,5.28,275.75,3.52,260.42,6.35,0.79,3.29
2026-09-08,actual,phuket,layan,10,0.78,5.25,276.5,3.77,262.99,6.75,0.67,3.19
2026-09-08,actual,phuket,layan,11,0.78,5.28,276.75,3.92,264.6,7.25,0.53,3.14
2026-09-08,actual,phuket,layan,12,0.79,5.28,277.01,4.2,269.4,7.5,0.37,3.05
2026-09-08,actual,phuket,layan,13,0.8,5.3,277.01,4.3,273.4,7.9,0.25,3.03
2026-09-08,actual,phuket,layan,14,0.82,5.32,276.76,4.5,274.2,8.1,0.19,2.98
2026-09-08,actual,phuket,layan,15,0.82,5.3,276.76,4.47,276.8,8.25,0.21,2.98
2026-09-08,actual,phuket,layan,16,0.83,5.32,276.26,4.41,279,8.2,0.3,3.03
2026-09-08,actual,phuket,layan,17,0.83,5.32,276.01,4.44,279,7.85,0.43,3.02
2026-09-08,actual,phuket,layan,18,0.82,5.35,275.75,4.2,278.21,7.65,0.59,3.11
2026-09-08,actual,phuket,naithon,6,0.73,5.25,276.25,2.83,264.98,5.95,0.74,3.45
2026-09-08,actual,phuket,naithon,7,0.73,5.33,276.25,2.92,258.79,5.75,0.83,3.49
2026-09-08,actual,phuket,naithon,8,0.75,5.33,276.25,3.09,259.42,5.45,0.85,3.58
2026-09-08,actual,phuket,naithon,9,0.77,5.28,275.75,3.32,260.42,6.2,0.79,3.63
2026-09-08,actual,phuket,naithon,10,0.78,5.25,276.5,3.65,262.39,6.6,0.67,3.66
2026-09-08,actual,phuket,naithon,11,0.78,5.28,276.75,3.91,264.2,7.25,0.53,3.67
2026-09-08,actual,phuket,naithon,12,0.79,5.28,277.01,4.14,268.8,7.5,0.37,3.57
2026-09-08,actual,phuket,naithon,13,0.8,5.3,277.01,4.3,272.6,7.9,0.25,3.32
2026-09-08,actual,phuket,naithon,14,0.82,5.32,276.76,4.32,273.81,8.1,0.19,3.24
2026-09-08,actual,phuket,naithon,15,0.82,5.3,276.76,4.4,276.2,8.25,0.21,3.24
2026-09-08,actual,phuket,naithon,16,0.83,5.32,276.26,4.41,278.8,8.2,0.3,3.41
2026-09-08,actual,phuket,naithon,17,0.83,5.32,276.01,4.22,279.6,7.85,0.43,3.69
2026-09-08,actual,phuket,naithon,18,0.82,5.35,275.75,3.96,278.8,7.65,0.59,3.89
2026-09-08,actual,phuket,naiyang,6,0.71,5.25,273.75,2.83,264.98,5.95,0.74,3.5
2026-09-08,actual,phuket,naiyang,7,0.71,5.33,275.5,2.92,258.79,5.75,0.84,3.54
2026-09-08,actual,phuket,naiyang,8,0.72,5.33,275.25,3.09,259.42,5.45,0.85,3.58
2026-09-08,actual,phuket,naiyang,9,0.74,5.28,274.75,3.32,260.42,6.2,0.79,3.64
2026-09-08,actual,phuket,naiyang,10,0.75,5.25,275.75,3.65,262.39,6.6,0.68,3.44
2026-09-08,actual,phuket,naiyang,11,0.75,5.3,275.75,3.91,264.2,7.25,0.53,3.12
2026-09-08,actual,phuket,naiyang,12,0.76,5.28,275.75,4.14,268.8,7.5,0.37,2.77
2026-09-08,actual,phuket,naiyang,13,0.76,5.32,276,4.3,272.6,7.9,0.25,2.51
2026-09-08,actual,phuket,naiyang,14,0.77,5.32,275.75,4.32,273.81,8.1,0.19,2.41
2026-09-08,actual,phuket,naiyang,15,0.78,5.32,276.01,4.4,276.2,8.25,0.21,2.43
2026-09-08,actual,phuket,naiyang,16,0.79,5.32,275.76,4.41,278.8,8.2,0.31,2.6
2026-09-08,actual,phuket,naiyang,17,0.79,5.32,275.25,4.22,279.6,7.85,0.44,2.9
2026-09-08,actual,phuket,naiyang,18,0.79,5.38,275,3.96,278.8,7.65,0.6,3.28
2026-09-08,actual,phuket,kl_khukkhak,6,0.75,5.18,274.5,2.97,242.04,5.3,0.75,4
2026-09-08,actual,phuket,kl_khukkhak,7,0.76,5.2,274.75,1.62,247.82,5.45,0.84,4.33
2026-09-08,actual,phuket,kl_khukkhak,8,0.78,5.2,274.75,2.46,249.78,5.85,0.85,4.04
2026-09-08,actual,phuket,kl_khukkhak,9,0.79,5.18,274,2.42,251.39,6.55,0.78,4.18
2026-09-08,actual,phuket,kl_khukkhak,10,0.79,5.18,273.75,3.38,253.99,6.6,0.66,4.03
2026-09-08,actual,phuket,kl_khukkhak,11,0.78,5.2,273.75,3.83,258.8,7.55,0.52,4.01
2026-09-08,actual,phuket,kl_khukkhak,12,0.78,5.23,273.5,4.03,260.59,8.05,0.37,3.72
2026-09-08,actual,phuket,kl_khukkhak,13,0.79,5.25,273.5,4.06,264.4,8.45,0.24,3.52
2026-09-08,actual,phuket,kl_khukkhak,14,0.79,5.25,273.25,4.36,267.4,8.2,0.19,3.33
2026-09-08,actual,phuket,kl_khukkhak,15,0.81,5.28,274.25,4.24,271.41,8.5,0.22,3.43
2026-09-08,actual,phuket,kl_khukkhak,16,0.81,5.28,274.25,4.02,273.41,8.3,0.32,3.67
2026-09-08,actual,phuket,kl_khukkhak,17,0.82,5.28,274.5,3.61,272.6,7.55,0.46,4.04
2026-09-08,actual,phuket,kl_khukkhak,18,0.82,5.3,275,3.21,277.19,7.25,0.61,4.22
2026-09-08,actual,khaolak,khukkhak,6,0.75,5.18,274.5,2.97,242.04,5.3,0.75,4
2026-09-08,actual,khaolak,khukkhak,7,0.76,5.2,274.75,1.62,247.82,5.45,0.84,4.33
2026-09-08,actual,khaolak,khukkhak,8,0.78,5.2,274.75,2.46,249.78,5.85,0.85,4.04
2026-09-08,actual,khaolak,khukkhak,9,0.79,5.18,274,2.42,251.39,6.55,0.78,4.18
2026-09-08,actual,khaolak,khukkhak,10,0.79,5.18,273.75,3.38,253.99,6.6,0.66,4.03
2026-09-08,actual,khaolak,khukkhak,11,0.78,5.2,273.75,3.83,258.8,7.55,0.52,4.01
2026-09-08,actual,khaolak,khukkhak,12,0.78,5.23,273.5,4.03,260.59,8.05,0.37,3.72
2026-09-08,actual,khaolak,khukkhak,13,0.79,5.25,273.5,4.06,264.4,8.45,0.24,3.52
2026-09-08,actual,khaolak,khukkhak,14,0.79,5.25,273.25,4.36,267.4,8.2,0.19,3.33
2026-09-08,actual,khaolak,khukkhak,15,0.81,5.28,274.25,4.24,271.41,8.5,0.22,3.43
2026-09-08,actual,khaolak,khukkhak,16,0.81,5.28,274.25,4.02,273.41,8.3,0.32,3.67
2026-09-08,actual,khaolak,khukkhak,17,0.82,5.28,274.5,3.61,272.6,7.55,0.46,4.04
2026-09-08,actual,khaolak,khukkhak,18,0.82,5.3,275,3.21,277.19,7.25,0.61,4.22
2026-09-08,actual,khaolak,pakarang,6,0.75,5.18,274.5,2.97,242.04,5.3,0.75,3.02
2026-09-08,actual,khaolak,pakarang,7,0.76,5.2,274.75,1.62,247.82,5.45,0.84,3.07
2026-09-08,actual,khaolak,pakarang,8,0.78,5.2,274.75,2.46,249.78,5.85,0.85,3.14
2026-09-08,actual,khaolak,pakarang,9,0.79,5.18,274,2.42,251.39,6.55,0.78,3.16
2026-09-08,actual,khaolak,pakarang,10,0.79,5.18,273.75,3.38,253.99,6.6,0.66,3.16
2026-09-08,actual,khaolak,pakarang,11,0.78,5.2,273.75,3.83,258.8,7.55,0.52,3.14
2026-09-08,actual,khaolak,pakarang,12,0.78,5.23,273.5,4.03,260.59,8.05,0.37,3.15
2026-09-08,actual,khaolak,pakarang,13,0.79,5.25,273.5,4.06,264.4,8.45,0.24,3.03
2026-09-08,actual,khaolak,pakarang,14,0.79,5.25,273.25,4.36,267.4,8.2,0.19,2.84
2026-09-08,actual,khaolak,pakarang,15,0.81,5.28,274.25,4.24,271.41,8.5,0.22,2.94
2026-09-08,actual,khaolak,pakarang,16,0.81,5.28,274.25,4.02,273.41,8.3,0.32,3.18
2026-09-08,actual,khaolak,pakarang,17,0.82,5.28,274.5,3.61,272.6,7.55,0.46,3.32
2026-09-08,actual,khaolak,pakarang,18,0.82,5.3,275,3.21,277.19,7.25,0.61,3.33
2026-09-08,actual,khaolak,bangniang,6,0.75,5.18,274.5,2.97,244.39,5.75,0.75,3.51
2026-09-08,actual,khaolak,bangniang,7,0.76,5.2,274.75,1.62,250.6,5.65,0.84,3.99
2026-09-08,actual,khaolak,bangniang,8,0.78,5.2,274.75,2.46,250.57,6.45,0.85,3.71
2026-09-08,actual,khaolak,bangniang,9,0.79,5.18,274,2.38,251.8,6.65,0.78,3.75
2026-09-08,actual,khaolak,bangniang,10,0.79,5.18,273.75,2.72,254.39,6.75,0.66,3.64
2026-09-08,actual,khaolak,bangniang,11,0.78,5.2,273.75,2.98,259,7.4,0.52,3.55
2026-09-08,actual,khaolak,bangniang,12,0.78,5.23,273.5,3.2,260.59,8.05,0.37,3.49
2026-09-08,actual,khaolak,bangniang,13,0.79,5.25,273.5,3.83,264.2,8.45,0.24,3.29
2026-09-08,actual,khaolak,bangniang,14,0.79,5.25,273.25,3.81,267.6,8.45,0.19,3.3
2026-09-08,actual,khaolak,bangniang,15,0.81,5.28,274.25,3.6,271.6,8.5,0.22,3.38
2026-09-08,actual,khaolak,bangniang,16,0.81,5.28,274.25,3.31,274.2,8.3,0.32,3.48
2026-09-08,actual,khaolak,bangniang,17,0.82,5.28,274.5,2.7,273.2,7.55,0.46,3.69
2026-09-08,actual,khaolak,bangniang,18,0.82,5.3,275,2.43,277.99,7.25,0.61,3.79
2026-09-08,actual,khaolak,nangthong,6,0.75,5.18,273.25,1.46,252.47,5.75,0.75,3.71
2026-09-08,actual,khaolak,nangthong,7,0.76,5.2,273.5,1.58,256.59,5.65,0.83,3.77
2026-09-08,actual,khaolak,nangthong,8,0.78,5.2,273.5,1.72,255.34,6.45,0.85,3.86
2026-09-08,actual,khaolak,nangthong,9,0.79,5.18,273,2.28,255.02,6.65,0.78,3.88
2026-09-08,actual,khaolak,nangthong,10,0.79,5.18,272.75,2.51,257.41,6.75,0.66,3.88
2026-09-08,actual,khaolak,nangthong,11,0.78,5.2,272.75,2.82,261.42,7.4,0.52,3.86
2026-09-08,actual,khaolak,nangthong,12,0.78,5.23,272.5,3.01,261.81,8.05,0.37,3.87
2026-09-08,actual,khaolak,nangthong,13,0.79,5.25,272.5,3.16,264.41,8.45,0.24,3.65
2026-09-08,actual,khaolak,nangthong,14,0.79,5.25,272.25,3.73,268.2,8.45,0.18,3.37
2026-09-08,actual,khaolak,nangthong,15,0.81,5.28,273,3.22,271.6,8.5,0.22,3.61
2026-09-08,actual,khaolak,nangthong,16,0.81,5.28,273,3,275.4,8.3,0.32,3.85
2026-09-08,actual,khaolak,nangthong,17,0.82,5.28,273.25,2.24,276,7.55,0.46,4.09
2026-09-08,actual,khaolak,nangthong,18,0.82,5.3,273.75,1.93,282,7.25,0.61,4.1
2026-09-08,actual,khaolak,pakweep,6,0.75,5.18,274.5,2.97,242.04,5.3,0.75,3.46
2026-09-08,actual,khaolak,pakweep,7,0.76,5.2,274.75,1.62,247.82,5.45,0.84,3.94
2026-09-08,actual,khaolak,pakweep,8,0.78,5.2,274.75,2.46,249.78,5.85,0.85,3.66
2026-09-08,actual,khaolak,pakweep,9,0.79,5.18,274,2.42,251.39,6.55,0.78,3.69
2026-09-08,actual,khaolak,pakweep,10,0.79,5.18,273.75,3.38,253.99,6.6,0.66,3.36
2026-09-08,actual,khaolak,pakweep,11,0.78,5.2,273.75,3.83,258.8,7.55,0.52,3.21
2026-09-08,actual,khaolak,pakweep,12,0.78,5.23,273.5,4.03,260.59,8.05,0.37,3.15
2026-09-08,actual,khaolak,pakweep,13,0.79,5.25,273.5,4.06,264.4,8.45,0.24,3.16
2026-09-08,actual,khaolak,pakweep,14,0.79,5.25,273.25,4.36,267.4,8.2,0.19,3.06
2026-09-08,actual,khaolak,pakweep,15,0.81,5.28,274.25,4.24,271.41,8.5,0.22,3.1
2026-09-08,actual,khaolak,pakweep,16,0.81,5.28,274.25,4.02,273.41,8.3,0.32,3.18
2026-09-08,actual,khaolak,pakweep,17,0.82,5.28,274.5,3.61,272.6,7.55,0.46,3.32
2026-09-08,actual,khaolak,pakweep,18,0.82,5.3,275,3.21,277.19,7.25,0.61,3.46
2026-09-08,actual,khaolak,bangsak,6,0.66,5.2,275.25,1.36,242.83,5.3,0.75,3.61
2026-09-08,actual,khaolak,bangsak,7,0.7,5.23,275.5,1.39,248.62,5.45,0.84,3.82
2026-09-08,actual,khaolak,bangsak,8,0.72,5.23,275.5,1.7,250.37,5.85,0.85,3.92
2026-09-08,actual,khaolak,bangsak,9,0.72,5.2,275,2.33,252.56,6.55,0.78,3.75
2026-09-08,actual,khaolak,bangsak,10,0.72,5.18,275,2.51,255.35,6.6,0.66,3.68
2026-09-08,actual,khaolak,bangsak,11,0.71,5.2,274.5,2.82,259.58,7.55,0.52,3.58
2026-09-08,actual,khaolak,bangsak,12,0.71,5.25,274.5,2.98,261.58,8.05,0.37,3.54
2026-09-08,actual,khaolak,bangsak,13,0.72,5.28,274.25,3.83,265.2,8.45,0.25,3.27
2026-09-08,actual,khaolak,bangsak,14,0.72,5.28,274.76,3.81,268.19,8.2,0.19,3.27
2026-09-08,actual,khaolak,bangsak,15,0.73,5.3,275.01,3.6,272.41,8.5,0.22,3.35
2026-09-08,actual,khaolak,bangsak,16,0.74,5.28,275.26,3.31,274.01,8.3,0.33,3.44
2026-09-08,actual,khaolak,bangsak,17,0.75,5.3,275.51,2.12,273.6,7.55,0.47,3.87
2026-09-08,actual,khaolak,bangsak,18,0.75,5.3,276.26,1.9,277.59,7.25,0.62,3.93
2026-09-09,actual,phuket,naiharn,6,0.79,5.23,273.51,3.01,285.79,6.8,0.65,2.59
2026-09-09,actual,phuket,naiharn,7,0.8,5.25,273.5,3.22,286.79,6.65,0.81,2.63
2026-09-09,actual,phuket,naiharn,8,0.81,5.25,273,3.61,283.6,6.8,0.92,2.66
2026-09-09,actual,phuket,naiharn,9,0.83,5.28,272.75,4,281.81,7.1,0.92,2.72
2026-09-09,actual,phuket,naiharn,10,0.84,5.28,272.25,4.14,279.21,7.25,0.84,2.75
2026-09-09,actual,phuket,naiharn,11,0.85,5.28,271.75,4.22,276.2,7.7,0.68,2.78
2026-09-09,actual,phuket,naiharn,12,0.85,5.3,271.75,4.52,274.4,7.35,0.49,2.79
2026-09-09,actual,phuket,naiharn,13,0.86,5.28,271.5,4.47,273.8,7.65,0.29,2.81
2026-09-09,actual,phuket,naiharn,14,0.86,5.28,271.25,4.47,273.8,8.05,0.16,2.74
2026-09-09,actual,phuket,naiharn,15,0.88,5.25,271.25,4.81,276.8,8.25,0.1,2.53
2026-09-09,actual,phuket,naiharn,16,0.88,5.25,271,4.59,278.6,8.35,0.15,2.69
2026-09-09,actual,phuket,naiharn,17,0.88,5.23,270.75,4.54,280.8,8.4,0.28,2.84
2026-09-09,actual,phuket,naiharn,18,0.9,5.18,271.25,4.05,285,8.2,0.47,2.87
2026-09-09,actual,phuket,kata,6,0.82,5.3,276.5,3.01,285.79,6.8,0.65,4.27
2026-09-09,actual,phuket,kata,7,0.84,5.33,276.75,3.22,286.79,6.65,0.81,3.95
2026-09-09,actual,phuket,kata,8,0.86,5.33,276.25,3.61,283.6,6.8,0.92,3.68
2026-09-09,actual,phuket,kata,9,0.87,5.35,276,4,281.81,7.1,0.92,3.56
2026-09-09,actual,phuket,kata,10,0.87,5.35,275.5,4.14,279.21,7.25,0.84,3.65
2026-09-09,actual,phuket,kata,11,0.88,5.35,274.75,4.22,276.2,7.7,0.68,3.9
2026-09-09,actual,phuket,kata,12,0.87,5.35,274.75,4.52,274.4,7.35,0.49,3.89
2026-09-09,actual,phuket,kata,13,0.87,5.35,274.5,4.47,273.8,7.65,0.29,3.6
2026-09-09,actual,phuket,kata,14,0.87,5.35,274.25,4.47,273.8,8.05,0.16,3.39
2026-09-09,actual,phuket,kata,15,0.89,5.33,274,4.81,276.8,8.25,0.1,3.19
2026-09-09,actual,phuket,kata,16,0.89,5.33,273.75,4.59,278.6,8.35,0.15,3.35
2026-09-09,actual,phuket,kata,17,0.89,5.28,273.75,4.54,280.8,8.4,0.28,3.57
2026-09-09,actual,phuket,kata,18,0.91,5.25,274.25,4.05,285,8.2,0.47,4.03
2026-09-09,actual,phuket,patong,6,0.81,5.35,274.76,3.01,285.62,5.9,0.65,3.08
2026-09-09,actual,phuket,patong,7,0.84,5.38,275.01,3.22,285.24,5.9,0.82,3.2
2026-09-09,actual,phuket,patong,8,0.85,5.38,274.75,3.61,282.82,6.7,0.92,3.23
2026-09-09,actual,phuket,patong,9,0.85,5.38,274.75,3.89,280.61,6.85,0.92,3.23
2026-09-09,actual,phuket,patong,10,0.85,5.43,274.5,4.01,279.21,7.15,0.83,3.25
2026-09-09,actual,phuket,patong,11,0.86,5.43,273.75,4.21,277.2,7.5,0.68,3.29
2026-09-09,actual,phuket,patong,12,0.86,5.43,273.5,4.4,276.2,7.25,0.49,3.29
2026-09-09,actual,phuket,patong,13,0.86,5.4,273.25,4.28,278.06,7.75,0.29,3.27
2026-09-09,actual,phuket,patong,14,0.86,5.38,273,4.47,277.48,7.8,0.15,3.04
2026-09-09,actual,phuket,patong,15,0.88,5.38,272.5,4.81,278.77,8.05,0.1,2.86
2026-09-09,actual,phuket,patong,16,0.88,5.35,272.25,4.59,279.39,8.1,0.15,3.02
2026-09-09,actual,phuket,patong,17,0.88,5.35,272.25,4.54,280.99,7.9,0.29,3.25
2026-09-09,actual,phuket,patong,18,0.89,5.33,272.75,3.81,284.78,7.8,0.47,3.33
2026-09-09,actual,phuket,karon,6,0.8,5.35,276.5,3.01,285.79,6.8,0.65,3.7
2026-09-09,actual,phuket,karon,7,0.82,5.38,276.75,3.22,286.79,6.65,0.82,3.92
2026-09-09,actual,phuket,karon,8,0.84,5.38,276.25,3.61,283.6,6.8,0.92,3.98
2026-09-09,actual,phuket,karon,9,0.85,5.38,276,4,281.81,7.1,0.92,3.86
2026-09-09,actual,phuket,karon,10,0.85,5.38,275.5,4.14,279.21,7.25,0.83,3.67
2026-09-09,actual,phuket,karon,11,0.86,5.38,274.75,4.22,276.2,7.7,0.68,3.4
2026-09-09,actual,phuket,karon,12,0.86,5.35,274.75,4.52,274.4,7.35,0.49,2.96
2026-09-09,actual,phuket,karon,13,0.86,5.35,274.5,4.47,273.8,7.65,0.29,2.65
2026-09-09,actual,phuket,karon,14,0.86,5.35,274.25,4.47,273.8,8.05,0.15,2.42
2026-09-09,actual,phuket,karon,15,0.88,5.33,274,4.81,276.8,8.25,0.1,2.22
2026-09-09,actual,phuket,karon,16,0.88,5.33,273.75,4.59,278.6,8.35,0.15,2.39
2026-09-09,actual,phuket,karon,17,0.88,5.3,273.75,4.54,280.8,8.4,0.29,2.63
2026-09-09,actual,phuket,karon,18,0.89,5.28,274.25,4.05,285,8.2,0.47,3.1
2026-09-09,actual,phuket,katanoi,6,0.82,5.3,276.5,3.01,285.79,6.8,0.65,3.28
2026-09-09,actual,phuket,katanoi,7,0.84,5.33,276.75,3.22,286.79,6.65,0.81,3.36
2026-09-09,actual,phuket,katanoi,8,0.86,5.33,276.25,3.61,283.6,6.8,0.92,3.43
2026-09-09,actual,phuket,katanoi,9,0.87,5.35,276,4,281.81,7.1,0.92,3.48
2026-09-09,actual,phuket,katanoi,10,0.87,5.35,275.5,4.14,279.21,7.25,0.84,3.48
2026-09-09,actual,phuket,katanoi,11,0.88,5.35,274.75,4.22,276.2,7.7,0.68,3.27
2026-09-09,actual,phuket,katanoi,12,0.87,5.35,274.75,4.52,274.4,7.35,0.49,2.84
2026-09-09,actual,phuket,katanoi,13,0.87,5.35,274.5,4.47,273.8,7.65,0.29,2.53
2026-09-09,actual,phuket,katanoi,14,0.87,5.35,274.25,4.47,273.8,8.05,0.16,2.3
2026-09-09,actual,phuket,katanoi,15,0.89,5.33,274,4.81,276.8,8.25,0.1,2.09
2026-09-09,actual,phuket,katanoi,16,0.89,5.33,273.75,4.59,278.6,8.35,0.15,2.25
2026-09-09,actual,phuket,katanoi,17,0.89,5.28,273.75,4.54,280.8,8.4,0.28,2.49
2026-09-09,actual,phuket,katanoi,18,0.91,5.25,274.25,4.05,285,8.2,0.47,2.96
2026-09-09,actual,phuket,kalim,6,0.81,5.35,274.76,3.01,285.62,5.9,0.65,1.9
2026-09-09,actual,phuket,kalim,7,0.84,5.38,275.01,3.22,285.24,5.9,0.82,1.96
2026-09-09,actual,phuket,kalim,8,0.85,5.38,274.75,3.61,282.82,6.7,0.92,1.98
2026-09-09,actual,phuket,kalim,9,0.85,5.38,274.75,3.89,280.61,6.85,0.92,1.98
2026-09-09,actual,phuket,kalim,10,0.85,5.43,274.5,4.01,279.21,7.15,0.83,2
2026-09-09,actual,phuket,kalim,11,0.86,5.43,273.75,4.21,277.2,7.5,0.68,2.01
2026-09-09,actual,phuket,kalim,12,0.86,5.43,273.5,4.4,276.2,7.25,0.49,2.01
2026-09-09,actual,phuket,kalim,13,0.86,5.4,273.25,4.28,278.06,7.75,0.29,2.01
2026-09-09,actual,phuket,kalim,14,0.86,5.38,273,4.47,277.48,7.8,0.15,2
2026-09-09,actual,phuket,kalim,15,0.88,5.38,272.5,4.81,278.77,8.05,0.1,2.04
2026-09-09,actual,phuket,kalim,16,0.88,5.35,272.25,4.59,279.39,8.1,0.15,2.03
2026-09-09,actual,phuket,kalim,17,0.88,5.35,272.25,4.54,280.99,7.9,0.29,2.03
2026-09-09,actual,phuket,kalim,18,0.89,5.33,272.75,3.81,284.78,7.8,0.47,2.04
2026-09-09,actual,phuket,kamala,6,0.8,5.38,274,3.01,285.22,5.9,0.66,3.34
2026-09-09,actual,phuket,kamala,7,0.83,5.4,274,3.01,285.04,5.9,0.82,3.47
2026-09-09,actual,phuket,kamala,8,0.84,5.43,273.75,3.41,283.22,6.8,0.92,3.4
2026-09-09,actual,phuket,kamala,9,0.83,5.43,273.75,3.8,281.6,6.85,0.92,3.26
2026-09-09,actual,phuket,kamala,10,0.83,5.43,273.5,3.9,280,7.15,0.83,3.23
2026-09-09,actual,phuket,kamala,11,0.84,5.43,273,4.2,278.2,7.5,0.67,3.14
2026-09-09,actual,phuket,kamala,12,0.85,5.43,272.75,4.4,277.39,7.45,0.48,3.08
2026-09-09,actual,phuket,kamala,13,0.86,5.4,272.5,4.28,278.86,8,0.29,3.12
2026-09-09,actual,phuket,kamala,14,0.86,5.38,272.25,4.47,278.28,7.9,0.15,3.05
2026-09-09,actual,phuket,kamala,15,0.86,5.38,271.75,4.81,279.57,8.1,0.1,2.94
2026-09-09,actual,phuket,kamala,16,0.86,5.35,271.5,4.59,280.39,8.1,0.16,3
2026-09-09,actual,phuket,kamala,17,0.87,5.35,271.5,4.54,281.39,7.9,0.3,3.02
2026-09-09,actual,phuket,kamala,18,0.87,5.33,271.75,3.81,284.78,7.8,0.48,3.27
2026-09-09,actual,phuket,surin,6,0.8,5.38,274,3.01,284.02,5.9,0.66,2.82
2026-09-09,actual,phuket,surin,7,0.83,5.4,274,3.01,284.44,5.9,0.82,2.92
2026-09-09,actual,phuket,surin,8,0.84,5.43,273.75,3.41,282.02,6.8,0.92,2.96
2026-09-09,actual,phuket,surin,9,0.83,5.43,273.75,3.8,280.41,6.85,0.92,2.93
2026-09-09,actual,phuket,surin,10,0.83,5.43,273.5,3.57,279.8,7.15,0.83,2.93
2026-09-09,actual,phuket,surin,11,0.84,5.43,273,3.62,279.96,7.5,0.67,2.96
2026-09-09,actual,phuket,surin,12,0.85,5.43,272.75,4.02,278.39,7.45,0.48,2.99
2026-09-09,actual,phuket,surin,13,0.86,5.4,272.5,3.9,279.27,8,0.29,3.01
2026-09-09,actual,phuket,surin,14,0.86,5.38,272.25,4.03,279.1,7.9,0.15,3
2026-09-09,actual,phuket,surin,15,0.86,5.38,271.75,4.12,278.96,8.1,0.1,3
2026-09-09,actual,phuket,surin,16,0.86,5.35,271.5,4,279.79,8.1,0.16,2.99
2026-09-09,actual,phuket,surin,17,0.87,5.35,271.5,3.83,281.39,7.9,0.3,3.02
2026-09-09,actual,phuket,surin,18,0.87,5.33,271.75,3.81,283.57,7.8,0.48,3.01
2026-09-09,actual,phuket,bangtao,6,0.78,5.4,273.25,3.01,284.02,5.9,0.67,3.59
2026-09-09,actual,phuket,bangtao,7,0.8,5.43,273.25,3.01,284.44,5.9,0.83,3.61
2026-09-09,actual,phuket,bangtao,8,0.81,5.45,273.25,3.41,282.02,6.8,0.92,3.49
2026-09-09,actual,phuket,bangtao,9,0.81,5.45,273,3.8,280.41,6.85,0.92,3.35
2026-09-09,actual,phuket,bangtao,10,0.81,5.45,273,3.57,279.8,7.15,0.83,3.43
2026-09-09,actual,phuket,bangtao,11,0.82,5.43,272.5,3.62,279.96,7.5,0.67,3.4
2026-09-09,actual,phuket,bangtao,12,0.82,5.43,272.25,4.02,278.39,7.45,0.48,3.26
2026-09-09,actual,phuket,bangtao,13,0.83,5.4,272,3.9,279.27,8,0.29,3.3
2026-09-09,actual,phuket,bangtao,14,0.83,5.38,271.75,4.03,279.1,7.9,0.15,3.24
2026-09-09,actual,phuket,bangtao,15,0.84,5.38,271.25,4.12,278.96,8.1,0.1,3.2
2026-09-09,actual,phuket,bangtao,16,0.84,5.35,271,4,279.79,8.1,0.16,3.23
2026-09-09,actual,phuket,bangtao,17,0.85,5.35,271,3.83,281.39,7.9,0.3,3.3
2026-09-09,actual,phuket,bangtao,18,0.85,5.33,271.25,3.81,283.57,7.8,0.49,3.3
2026-09-09,actual,phuket,layan,6,0.78,5.4,273.25,3.01,284.02,5.9,0.67,3.56
2026-09-09,actual,phuket,layan,7,0.8,5.43,273.25,3.01,284.44,5.9,0.83,3.58
2026-09-09,actual,phuket,layan,8,0.81,5.45,273.25,3.41,282.02,6.8,0.92,3.45
2026-09-09,actual,phuket,layan,9,0.81,5.45,273,3.8,280.41,6.85,0.92,3.32
2026-09-09,actual,phuket,layan,10,0.81,5.45,273,3.57,279.8,7.15,0.83,3.4
2026-09-09,actual,phuket,layan,11,0.82,5.43,272.5,3.62,279.96,7.5,0.67,3.39
2026-09-09,actual,phuket,layan,12,0.82,5.43,272.25,4.02,278.39,7.45,0.48,3.26
2026-09-09,actual,phuket,layan,13,0.83,5.4,272,3.9,279.27,8,0.29,3.3
2026-09-09,actual,phuket,layan,14,0.83,5.38,271.75,4.03,279.1,7.9,0.15,3.24
2026-09-09,actual,phuket,layan,15,0.84,5.38,271.25,4.12,278.96,8.1,0.1,3.21
2026-09-09,actual,phuket,layan,16,0.84,5.35,271,4,279.79,8.1,0.16,3.24
2026-09-09,actual,phuket,layan,17,0.85,5.35,271,3.83,281.39,7.9,0.3,3.3
2026-09-09,actual,phuket,layan,18,0.85,5.33,271.25,3.81,283.57,7.8,0.49,3.3
2026-09-09,actual,phuket,naithon,6,0.78,5.4,273.25,3.01,284.63,5.9,0.67,3.75
2026-09-09,actual,phuket,naithon,7,0.8,5.43,273.25,3.01,285.66,5.9,0.83,3.85
2026-09-09,actual,phuket,naithon,8,0.81,5.45,273.25,3.07,282.62,6.4,0.92,3.76
2026-09-09,actual,phuket,naithon,9,0.81,5.45,273,3.21,281.01,6.75,0.92,3.71
2026-09-09,actual,phuket,naithon,10,0.81,5.45,273,3.41,280.4,7.15,0.83,3.79
2026-09-09,actual,phuket,naithon,11,0.82,5.43,272.5,3.62,280.57,7.45,0.67,3.94
2026-09-09,actual,phuket,naithon,12,0.82,5.43,272.25,4,277.99,7.7,0.48,3.93
2026-09-09,actual,phuket,naithon,13,0.83,5.4,272,3.9,278.67,7.6,0.29,3.66
2026-09-09,actual,phuket,naithon,14,0.83,5.38,271.75,4.03,278.7,7.85,0.15,3.39
2026-09-09,actual,phuket,naithon,15,0.84,5.38,271.25,4.12,278.96,8.1,0.1,3.29
2026-09-09,actual,phuket,naithon,16,0.84,5.35,271,4,279.99,8.1,0.16,3.43
2026-09-09,actual,phuket,naithon,17,0.85,5.35,271,3.83,281.59,7.9,0.3,3.72
2026-09-09,actual,phuket,naithon,18,0.85,5.33,271.25,3.77,282.96,7.8,0.49,4
2026-09-09,actual,phuket,naiyang,6,0.77,5.43,272.5,3.01,284.63,5.9,0.67,3.78
2026-09-09,actual,phuket,naiyang,7,0.77,5.45,272.5,3.01,285.66,5.9,0.83,3.88
2026-09-09,actual,phuket,naiyang,8,0.76,5.48,272.25,3.07,282.62,6.4,0.93,3.86
2026-09-09,actual,phuket,naiyang,9,0.75,5.48,272.25,3.21,281.01,6.75,0.93,3.81
2026-09-09,actual,phuket,naiyang,10,0.76,5.48,272,3.41,280.4,7.15,0.83,3.86
2026-09-09,actual,phuket,naiyang,11,0.76,5.45,271.5,3.62,280.57,7.45,0.67,3.59
2026-09-09,actual,phuket,naiyang,12,0.77,5.4,271.25,4,277.99,7.7,0.48,3.13
2026-09-09,actual,phuket,naiyang,13,0.77,5.4,271,3.9,278.67,7.6,0.29,2.83
2026-09-09,actual,phuket,naiyang,14,0.77,5.38,271,4.03,278.7,7.85,0.15,2.55
2026-09-09,actual,phuket,naiyang,15,0.79,5.38,270.5,4.12,278.96,8.1,0.1,2.46
2026-09-09,actual,phuket,naiyang,16,0.79,5.35,270.5,4,279.99,8.1,0.16,2.6
2026-09-09,actual,phuket,naiyang,17,0.8,5.35,270.25,3.83,281.59,7.9,0.31,2.92
2026-09-09,actual,phuket,naiyang,18,0.81,5.35,270.5,3.77,282.96,7.8,0.49,3.25
2026-09-09,actual,phuket,kl_khukkhak,6,0.75,5.55,271.75,1.91,283.39,5.45,0.69,4.64
2026-09-09,actual,phuket,kl_khukkhak,7,0.75,5.57,271.75,2.43,289.38,3.4,0.84,4.23
2026-09-09,actual,phuket,kl_khukkhak,8,0.74,5.6,271.25,2.09,276.37,6.05,0.93,4.2
2026-09-09,actual,phuket,kl_khukkhak,9,0.75,5.63,271,2.01,277.14,6,0.93,4.26
2026-09-09,actual,phuket,kl_khukkhak,10,0.74,5.65,270.5,2.11,272.17,6,0.83,4.39
2026-09-09,actual,phuket,kl_khukkhak,11,0.75,5.65,270,2.52,269.74,6.35,0.66,4.54
2026-09-09,actual,phuket,kl_khukkhak,12,0.75,5.6,269,3.01,269.59,6.75,0.47,4.42
2026-09-09,actual,phuket,kl_khukkhak,13,0.76,5.57,268.25,3.24,265.2,7.55,0.29,4.05
2026-09-09,actual,phuket,kl_khukkhak,14,0.79,5.53,268,3.81,268,7.85,0.15,3.65
2026-09-09,actual,phuket,kl_khukkhak,15,0.8,5.48,268,3.91,270.98,7.7,0.11,3.54
2026-09-09,actual,phuket,kl_khukkhak,16,0.82,5.43,267.5,3.8,273.96,7.65,0.18,3.7
2026-09-09,actual,phuket,kl_khukkhak,17,0.82,5.43,268.5,3.06,278.75,7.3,0.34,4.19
2026-09-09,actual,phuket,kl_khukkhak,18,0.83,5.45,268.75,2.06,283.18,6.9,0.53,4.85
2026-09-09,actual,khaolak,khukkhak,6,0.75,5.55,271.75,1.91,283.39,5.45,0.69,4.64
2026-09-09,actual,khaolak,khukkhak,7,0.75,5.57,271.75,2.43,289.38,3.4,0.84,4.23
2026-09-09,actual,khaolak,khukkhak,8,0.74,5.6,271.25,2.09,276.37,6.05,0.93,4.2
2026-09-09,actual,khaolak,khukkhak,9,0.75,5.63,271,2.01,277.14,6,0.93,4.26
2026-09-09,actual,khaolak,khukkhak,10,0.74,5.65,270.5,2.11,272.17,6,0.83,4.39
2026-09-09,actual,khaolak,khukkhak,11,0.75,5.65,270,2.52,269.74,6.35,0.66,4.54
2026-09-09,actual,khaolak,khukkhak,12,0.75,5.6,269,3.01,269.59,6.75,0.47,4.42
2026-09-09,actual,khaolak,khukkhak,13,0.76,5.57,268.25,3.24,265.2,7.55,0.29,4.05
2026-09-09,actual,khaolak,khukkhak,14,0.79,5.53,268,3.81,268,7.85,0.15,3.65
2026-09-09,actual,khaolak,khukkhak,15,0.8,5.48,268,3.91,270.98,7.7,0.11,3.54
2026-09-09,actual,khaolak,khukkhak,16,0.82,5.43,267.5,3.8,273.96,7.65,0.18,3.7
2026-09-09,actual,khaolak,khukkhak,17,0.82,5.43,268.5,3.06,278.75,7.3,0.34,4.19
2026-09-09,actual,khaolak,khukkhak,18,0.83,5.45,268.75,2.06,283.18,6.9,0.53,4.85
2026-09-09,actual,khaolak,pakarang,6,0.75,5.55,271.75,1.91,283.39,5.45,0.69,3.21
2026-09-09,actual,khaolak,pakarang,7,0.75,5.57,271.75,2.43,289.38,3.4,0.84,3.22
2026-09-09,actual,khaolak,pakarang,8,0.74,5.6,271.25,2.09,276.37,6.05,0.93,3.2
2026-09-09,actual,khaolak,pakarang,9,0.75,5.63,271,2.01,277.14,6,0.93,3.25
2026-09-09,actual,khaolak,pakarang,10,0.74,5.65,270.5,2.11,272.17,6,0.83,3.22
2026-09-09,actual,khaolak,pakarang,11,0.75,5.65,270,2.52,269.74,6.35,0.66,3.26
2026-09-09,actual,khaolak,pakarang,12,0.75,5.6,269,3.01,269.59,6.75,0.47,3.24
2026-09-09,actual,khaolak,pakarang,13,0.76,5.57,268.25,3.24,265.2,7.55,0.29,3.26
2026-09-09,actual,khaolak,pakarang,14,0.79,5.53,268,3.81,268,7.85,0.15,3.15
2026-09-09,actual,khaolak,pakarang,15,0.8,5.48,268,3.91,270.98,7.7,0.11,3.04
2026-09-09,actual,khaolak,pakarang,16,0.82,5.43,267.5,3.8,273.96,7.65,0.18,3.2
2026-09-09,actual,khaolak,pakarang,17,0.82,5.43,268.5,3.06,278.75,7.3,0.34,3.4
2026-09-09,actual,khaolak,pakarang,18,0.83,5.45,268.75,2.06,283.18,6.9,0.53,3.45
2026-09-09,actual,khaolak,bangniang,6,0.75,5.55,271.75,1.91,285.28,5.65,0.69,4.06
2026-09-09,actual,khaolak,bangniang,7,0.75,5.57,271.75,2.43,290.78,3.9,0.84,3.89
2026-09-09,actual,khaolak,bangniang,8,0.74,5.6,271.25,2.09,276.93,6.35,0.93,4.01
2026-09-09,actual,khaolak,bangniang,9,0.75,5.63,271,2.01,277.95,6,0.93,4.06
2026-09-09,actual,khaolak,bangniang,10,0.74,5.65,270.5,2.06,273.82,6,0.83,4.06
2026-09-09,actual,khaolak,bangniang,11,0.75,5.65,270,2.52,272.19,6.35,0.66,3.91
2026-09-09,actual,khaolak,bangniang,12,0.75,5.6,269,3.01,270.8,6.95,0.47,3.74
2026-09-09,actual,khaolak,bangniang,13,0.76,5.57,268.25,2.72,265.8,7.5,0.29,3.85
2026-09-09,actual,khaolak,bangniang,14,0.79,5.53,268,3.51,268.4,7.85,0.15,3.59
2026-09-09,actual,khaolak,bangniang,15,0.8,5.48,268,3.6,271.58,7.7,0.11,3.55
2026-09-09,actual,khaolak,bangniang,16,0.82,5.43,267.5,3.61,274.57,7.65,0.18,3.55
2026-09-09,actual,khaolak,bangniang,17,0.82,5.43,268.5,2.6,279.77,7.3,0.34,3.89
2026-09-09,actual,khaolak,bangniang,18,0.83,5.45,268.75,2.06,283.99,6.9,0.53,4.09
2026-09-09,actual,khaolak,nangthong,6,0.75,5.55,270.25,1.08,287.01,5.65,0.68,3.95
2026-09-09,actual,khaolak,nangthong,7,0.75,5.57,270.25,1.08,290.58,3.9,0.84,3.96
2026-09-09,actual,khaolak,nangthong,8,0.74,5.6,269.75,1.26,285.39,6.35,0.93,3.93
2026-09-09,actual,khaolak,nangthong,9,0.75,5.63,269.5,1.5,281.74,6,0.93,3.99
2026-09-09,actual,khaolak,nangthong,10,0.74,5.65,269,1.9,276.01,6,0.83,3.96
2026-09-09,actual,khaolak,nangthong,11,0.75,5.65,268.75,2.25,273.2,6.35,0.66,4.01
2026-09-09,actual,khaolak,nangthong,12,0.75,5.6,267.75,2.45,271,6.95,0.47,3.98
2026-09-09,actual,khaolak,nangthong,13,0.76,5.57,267.26,2.65,267.38,7.5,0.28,4.01
2026-09-09,actual,khaolak,nangthong,14,0.79,5.53,267.25,2.47,269.98,7.85,0.15,3.93
2026-09-09,actual,khaolak,nangthong,15,0.8,5.48,267.01,2.28,273.39,7.7,0.11,3.92
2026-09-09,actual,khaolak,nangthong,16,0.82,5.43,266.76,2.38,276.59,7.65,0.18,4
2026-09-09,actual,khaolak,nangthong,17,0.82,5.43,267.5,2.24,281.8,7.3,0.33,4.19
2026-09-09,actual,khaolak,nangthong,18,0.83,5.45,267.75,1.8,288.2,6.9,0.52,4.25
2026-09-09,actual,khaolak,pakweep,6,0.75,5.55,271.75,1.91,283.39,5.45,0.69,4
2026-09-09,actual,khaolak,pakweep,7,0.75,5.57,271.75,2.43,289.38,3.4,0.84,3.83
2026-09-09,actual,khaolak,pakweep,8,0.74,5.6,271.25,2.09,276.37,6.05,0.93,3.96
2026-09-09,actual,khaolak,pakweep,9,0.75,5.63,271,2.01,277.14,6,0.93,4.01
2026-09-09,actual,khaolak,pakweep,10,0.74,5.65,270.5,2.11,272.17,6,0.83,3.98
2026-09-09,actual,khaolak,pakweep,11,0.75,5.65,270,2.52,269.74,6.35,0.66,3.86
2026-09-09,actual,khaolak,pakweep,12,0.75,5.6,269,3.01,269.59,6.75,0.47,3.69
2026-09-09,actual,khaolak,pakweep,13,0.76,5.57,268.25,3.24,265.2,7.55,0.29,3.62
2026-09-09,actual,khaolak,pakweep,14,0.79,5.53,268,3.81,268,7.85,0.15,3.43
2026-09-09,actual,khaolak,pakweep,15,0.8,5.48,268,3.91,270.98,7.7,0.11,3.39
2026-09-09,actual,khaolak,pakweep,16,0.82,5.43,267.5,3.8,273.96,7.65,0.18,3.41
2026-09-09,actual,khaolak,pakweep,17,0.82,5.43,268.5,3.06,278.75,7.3,0.34,3.67
2026-09-09,actual,khaolak,pakweep,18,0.83,5.45,268.75,2.06,283.18,6.9,0.53,4.02
2026-09-09,actual,khaolak,bangsak,6,0.69,5.58,274,1,283.93,5.45,0.69,4
2026-09-09,actual,khaolak,bangsak,7,0.69,5.6,273.75,1.25,290.22,3.4,0.84,4.02
2026-09-09,actual,khaolak,bangsak,8,0.68,5.63,273.25,1.39,276.99,6.05,0.94,3.98
2026-09-09,actual,khaolak,bangsak,9,0.68,5.65,272.5,1.6,278.16,6,0.93,4
2026-09-09,actual,khaolak,bangsak,10,0.67,5.68,272,2.06,273.61,6,0.83,3.96
2026-09-09,actual,khaolak,bangsak,11,0.67,5.65,271.25,2.25,271.38,6.35,0.66,3.93
2026-09-09,actual,khaolak,bangsak,12,0.66,5.6,270.25,2.81,271.4,6.75,0.47,3.7
2026-09-09,actual,khaolak,bangsak,13,0.67,5.57,269.5,2.6,267.2,7.55,0.29,3.76
2026-09-09,actual,khaolak,bangsak,14,0.68,5.53,269.25,2.3,269.8,7.85,0.15,3.84
2026-09-09,actual,khaolak,bangsak,15,0.69,5.48,269,2.1,272.59,7.7,0.11,3.9
2026-09-09,actual,khaolak,bangsak,16,0.69,5.43,268.75,2.11,275.78,7.65,0.18,3.88
2026-09-09,actual,khaolak,bangsak,17,0.7,5.43,269.75,2.24,280.37,7.3,0.34,3.85
2026-09-09,actual,khaolak,bangsak,18,0.71,5.45,270.25,1.96,284.58,6.9,0.53,3.97
2026-09-10,actual,phuket,naiharn,6,0.9,5.6,276.75,3.64,291.98,8.05,0.5,3.07
2026-09-10,actual,phuket,naiharn,7,0.9,5.68,276.75,3.53,293.8,7.75,0.72,3.11
2026-09-10,actual,phuket,naiharn,8,0.93,5.73,277,4.18,290.8,7.45,0.9,2.99
2026-09-10,actual,phuket,naiharn,9,0.94,5.73,276.5,3.76,285.41,7.5,0.98,3.01
2026-09-10,actual,phuket,naiharn,10,0.95,5.78,276,3.71,280.42,8.2,0.95,3.1
2026-09-10,actual,phuket,naiharn,11,0.98,5.83,275.25,4.04,280.61,8.6,0.82,3.24
2026-09-10,actual,phuket,naiharn,12,1.01,5.88,274,4.41,280.4,8.6,0.62,3.48
2026-09-10,actual,phuket,naiharn,13,1.04,5.9,273.25,4.9,287.2,8.35,0.39,3.21
2026-09-10,actual,phuket,naiharn,14,1.06,5.88,272,5.13,287,8.7,0.19,2.82
2026-09-10,actual,phuket,naiharn,15,1.09,5.8,271,5.06,287.8,8.75,0.06,2.65
2026-09-10,actual,phuket,naiharn,16,1.11,5.78,270,4.92,288.19,8.8,0.05,2.69
2026-09-10,actual,phuket,naiharn,17,1.11,5.78,269,4.78,289.4,8.7,0.15,2.92
2026-09-10,actual,phuket,naiharn,18,1.12,5.75,268,4.54,289.8,8.6,0.34,3.32
2026-09-10,actual,phuket,kata,6,0.92,5.6,279.25,3.64,291.98,8.05,0.5,4.35
2026-09-10,actual,phuket,kata,7,0.92,5.68,279.25,3.53,293.8,7.75,0.72,4.23
2026-09-10,actual,phuket,kata,8,0.96,5.73,278.75,4.18,290.8,7.45,0.9,3.83
2026-09-10,actual,phuket,kata,9,0.99,5.78,278.25,3.76,285.41,7.5,0.98,3.93
2026-09-10,actual,phuket,kata,10,1.01,5.85,277.75,3.71,280.42,8.2,0.95,4.08
2026-09-10,actual,phuket,kata,11,1.03,5.88,276.75,4.04,280.61,8.6,0.82,4.24
2026-09-10,actual,phuket,kata,12,1.08,5.88,275.5,4.41,280.4,8.6,0.62,4.55
2026-09-10,actual,phuket,kata,13,1.1,5.9,274.5,4.9,287.2,8.35,0.39,4.31
2026-09-10,actual,phuket,kata,14,1.11,5.88,273.25,5.13,287,8.7,0.19,3.92
2026-09-10,actual,phuket,kata,15,1.13,5.8,272,5.06,287.8,8.75,0.06,3.76
2026-09-10,actual,phuket,kata,16,1.14,5.78,270.75,4.92,288.19,8.8,0.05,3.81
2026-09-10,actual,phuket,kata,17,1.14,5.8,269.75,4.78,289.4,8.7,0.15,4.05
2026-09-10,actual,phuket,kata,18,1.15,5.78,268.75,4.54,289.8,8.6,0.34,4.41
2026-09-10,actual,phuket,patong,6,0.93,5.78,277.51,3.64,287.41,7.55,0.51,3.72
2026-09-10,actual,phuket,patong,7,0.92,5.85,277.51,3.42,289.8,7.3,0.73,3.73
2026-09-10,actual,phuket,patong,8,0.95,5.9,277.26,3.51,289.8,6.95,0.9,3.59
2026-09-10,actual,phuket,patong,9,0.98,5.95,276.76,3.57,289.19,7.1,0.98,3.48
2026-09-10,actual,phuket,patong,10,1.01,6,276.5,3.67,287.16,7.6,0.95,3.53
2026-09-10,actual,phuket,patong,11,1.03,6.03,275.75,4.04,287.34,7.95,0.82,3.64
2026-09-10,actual,phuket,patong,12,1.08,6.05,274.25,4.34,285.36,8.35,0.62,3.93
2026-09-10,actual,phuket,patong,13,1.1,6.03,273.5,4.9,289.19,8.15,0.39,3.59
2026-09-10,actual,phuket,patong,14,1.11,6,272,5.13,287.8,9.05,0.18,3.21
2026-09-10,actual,phuket,patong,15,1.11,5.93,270.75,5.06,288.2,8.8,0.06,3.03
2026-09-10,actual,phuket,patong,16,1.12,5.9,269.25,4.92,287.61,8.75,0.05,3.09
2026-09-10,actual,phuket,patong,17,1.13,5.9,268.5,4.61,288.22,8.3,0.16,3.38
2026-09-10,actual,phuket,patong,18,1.14,5.88,267.5,3.94,288.62,7.95,0.34,3.93
2026-09-10,actual,phuket,karon,6,0.92,5.65,279.25,3.64,291.98,8.05,0.51,3.37
2026-09-10,actual,phuket,karon,7,0.92,5.73,279.25,3.53,293.8,7.75,0.73,3.81
2026-09-10,actual,phuket,karon,8,0.95,5.78,278.75,4.18,290.8,7.45,0.9,3.93
2026-09-10,actual,phuket,karon,9,0.97,5.85,278.25,3.76,285.41,7.5,0.98,4.26
2026-09-10,actual,phuket,karon,10,1.01,5.93,277.75,3.71,280.42,8.2,0.95,4.34
2026-09-10,actual,phuket,karon,11,1.03,5.93,276.75,4.04,280.61,8.6,0.82,4.06
2026-09-10,actual,phuket,karon,12,1.08,5.93,275.5,4.41,280.4,8.6,0.62,3.69
2026-09-10,actual,phuket,karon,13,1.1,5.93,274.5,4.9,287.2,8.35,0.39,3.18
2026-09-10,actual,phuket,karon,14,1.11,5.9,273.25,5.13,287,8.7,0.18,2.78
2026-09-10,actual,phuket,karon,15,1.11,5.82,272,5.06,287.8,8.75,0.06,2.58
2026-09-10,actual,phuket,karon,16,1.12,5.8,270.75,4.92,288.19,8.8,0.05,2.63
2026-09-10,actual,phuket,karon,17,1.14,5.83,269.75,4.78,289.4,8.7,0.16,2.92
2026-09-10,actual,phuket,karon,18,1.15,5.8,268.75,4.54,289.8,8.6,0.34,3.3
2026-09-10,actual,phuket,katanoi,6,0.92,5.6,279.25,3.64,291.98,8.05,0.5,3.2
2026-09-10,actual,phuket,katanoi,7,0.92,5.68,279.25,3.53,293.8,7.75,0.72,3.63
2026-09-10,actual,phuket,katanoi,8,0.96,5.73,278.75,4.18,290.8,7.45,0.9,3.75
2026-09-10,actual,phuket,katanoi,9,0.99,5.78,278.25,3.76,285.41,7.5,0.98,4.08
2026-09-10,actual,phuket,katanoi,10,1.01,5.85,277.75,3.71,280.42,8.2,0.95,4.09
2026-09-10,actual,phuket,katanoi,11,1.03,5.88,276.75,4.04,280.61,8.6,0.82,3.8
2026-09-10,actual,phuket,katanoi,12,1.08,5.88,275.5,4.41,280.4,8.6,0.62,3.37
2026-09-10,actual,phuket,katanoi,13,1.1,5.9,274.5,4.9,287.2,8.35,0.39,2.85
2026-09-10,actual,phuket,katanoi,14,1.11,5.88,273.25,5.13,287,8.7,0.19,2.44
2026-09-10,actual,phuket,katanoi,15,1.13,5.8,272,5.06,287.8,8.75,0.06,2.25
2026-09-10,actual,phuket,katanoi,16,1.14,5.78,270.75,4.92,288.19,8.8,0.05,2.3
2026-09-10,actual,phuket,katanoi,17,1.14,5.8,269.75,4.78,289.4,8.7,0.15,2.54
2026-09-10,actual,phuket,katanoi,18,1.15,5.78,268.75,4.54,289.8,8.6,0.34,2.92
2026-09-10,actual,phuket,kalim,6,0.93,5.78,277.51,3.64,287.41,7.55,0.51,2.26
2026-09-10,actual,phuket,kalim,7,0.92,5.85,277.51,3.42,289.8,7.3,0.73,2.26
2026-09-10,actual,phuket,kalim,8,0.95,5.9,277.26,3.51,289.8,6.95,0.9,2.34
2026-09-10,actual,phuket,kalim,9,0.98,5.95,276.76,3.57,289.19,7.1,0.98,2.42
2026-09-10,actual,phuket,kalim,10,1.01,6,276.5,3.67,287.16,7.6,0.95,2.5
2026-09-10,actual,phuket,kalim,11,1.03,6.03,275.75,4.04,287.34,7.95,0.82,2.55
2026-09-10,actual,phuket,kalim,12,1.08,6.05,274.25,4.34,285.36,8.35,0.62,2.66
2026-09-10,actual,phuket,kalim,13,1.1,6.03,273.5,4.9,289.19,8.15,0.39,2.69
2026-09-10,actual,phuket,kalim,14,1.11,6,272,5.13,287.8,9.05,0.18,2.71
2026-09-10,actual,phuket,kalim,15,1.11,5.93,270.75,5.06,288.2,8.8,0.06,2.68
2026-09-10,actual,phuket,kalim,16,1.12,5.9,269.25,4.92,287.61,8.75,0.05,2.69
2026-09-10,actual,phuket,kalim,17,1.13,5.9,268.5,4.61,288.22,8.3,0.16,2.71
2026-09-10,actual,phuket,kalim,18,1.14,5.88,267.5,3.94,288.62,7.95,0.34,2.72
2026-09-10,actual,phuket,kamala,6,0.92,5.8,276.25,3.64,287.01,7.55,0.52,3.44
2026-09-10,actual,phuket,kamala,7,0.91,5.88,276.25,3.42,290.2,7.3,0.73,3.54
2026-09-10,actual,phuket,kamala,8,0.93,5.95,276.25,3.51,290.6,6.95,0.9,3.55
2026-09-10,actual,phuket,kamala,9,0.97,6,276,3.57,289.8,7.1,0.98,3.57
2026-09-10,actual,phuket,kamala,10,0.99,6.05,275.75,3.67,288.37,7.6,0.95,3.57
2026-09-10,actual,phuket,kamala,11,1.02,6.08,275,3.91,288.15,7.95,0.81,3.52
2026-09-10,actual,phuket,kamala,12,1.06,6.07,274,4.37,285.97,8.35,0.61,3.4
2026-09-10,actual,phuket,kamala,13,1.07,6.05,273.25,4.9,289.39,8.15,0.38,3.23
2026-09-10,actual,phuket,kamala,14,1.08,6.03,271.5,5.13,288.2,8.9,0.18,3.16
2026-09-10,actual,phuket,kamala,15,1.09,5.93,270.25,5.06,288.41,8.85,0.06,3.13
2026-09-10,actual,phuket,kamala,16,1.1,5.9,269,4.88,288.01,9,0.05,3.17
2026-09-10,actual,phuket,kamala,17,1.13,5.9,268,4.59,288.22,8.6,0.16,3.27
2026-09-10,actual,phuket,kamala,18,1.15,5.9,267,3.94,288.62,7.95,0.35,3.49
2026-09-10,actual,phuket,surin,6,0.92,5.8,276.25,3.42,284.61,7.55,0.52,3.4
2026-09-10,actual,phuket,surin,7,0.91,5.88,276.25,2.96,287.59,7.3,0.73,3.41
2026-09-10,actual,phuket,surin,8,0.93,5.95,276.25,3.51,288.99,6.95,0.9,3.51
2026-09-10,actual,phuket,surin,9,0.97,6,276,3.57,288.79,7.1,0.98,3.55
2026-09-10,actual,phuket,surin,10,0.99,6.05,275.75,3.67,287.76,7.6,0.95,3.6
2026-09-10,actual,phuket,surin,11,1.02,6.08,275,3.91,287.95,7.95,0.81,3.76
2026-09-10,actual,phuket,surin,12,1.06,6.07,274,4.14,286.17,8.35,0.61,4.02
2026-09-10,actual,phuket,surin,13,1.07,6.05,273.25,4.72,289.59,8.15,0.38,3.68
2026-09-10,actual,phuket,surin,14,1.08,6.03,271.5,4.71,288,8.9,0.18,3.38
2026-09-10,actual,phuket,surin,15,1.09,5.93,270.25,4.78,288.21,8.85,0.06,3.16
2026-09-10,actual,phuket,surin,16,1.1,5.9,269,4.75,287.22,9,0.05,3.14
2026-09-10,actual,phuket,surin,17,1.13,5.9,268,4.59,288.22,8.6,0.16,3.37
2026-09-10,actual,phuket,surin,18,1.15,5.9,267,3.94,287.03,7.95,0.35,3.89
2026-09-10,actual,phuket,bangtao,6,0.9,5.85,275.75,3.42,284.61,7.55,0.52,3.7
2026-09-10,actual,phuket,bangtao,7,0.89,5.93,275.75,2.96,287.59,7.3,0.73,3.88
2026-09-10,actual,phuket,bangtao,8,0.9,6,275.75,3.51,288.99,6.95,0.91,3.72
2026-09-10,actual,phuket,bangtao,9,0.94,6.05,275.25,3.57,288.79,7.1,0.99,3.76
2026-09-10,actual,phuket,bangtao,10,0.96,6.1,275,3.67,287.76,7.6,0.95,3.76
2026-09-10,actual,phuket,bangtao,11,0.99,6.13,274.25,3.91,287.95,7.95,0.81,3.73
2026-09-10,actual,phuket,bangtao,12,1.02,6.13,273.5,4.14,286.17,8.35,0.61,3.7
2026-09-10,actual,phuket,bangtao,13,1.03,6.1,272.75,4.72,289.59,8.15,0.38,3.49
2026-09-10,actual,phuket,bangtao,14,1.04,6.05,271,4.71,288,8.9,0.18,3.45
2026-09-10,actual,phuket,bangtao,15,1.05,5.98,269.75,4.78,288.21,8.85,0.06,3.38
2026-09-10,actual,phuket,bangtao,16,1.06,5.93,268.5,4.75,287.22,9,0.06,3.36
2026-09-10,actual,phuket,bangtao,17,1.09,5.93,267.5,4.59,288.22,8.6,0.17,3.46
2026-09-10,actual,phuket,bangtao,18,1.11,5.93,266.75,3.94,287.03,7.95,0.36,3.71
2026-09-10,actual,phuket,layan,6,0.9,5.85,275.75,3.42,284.61,7.55,0.52,3.6
2026-09-10,actual,phuket,layan,7,0.89,5.93,275.75,2.96,287.59,7.3,0.73,3.77
2026-09-10,actual,phuket,layan,8,0.9,6,275.75,3.51,288.99,6.95,0.91,3.62
2026-09-10,actual,phuket,layan,9,0.94,6.05,275.25,3.57,288.79,7.1,0.99,3.65
2026-09-10,actual,phuket,layan,10,0.96,6.1,275,3.67,287.76,7.6,0.95,3.65
2026-09-10,actual,phuket,layan,11,0.99,6.13,274.25,3.91,287.95,7.95,0.81,3.6
2026-09-10,actual,phuket,layan,12,1.02,6.13,273.5,4.14,286.17,8.35,0.61,3.56
2026-09-10,actual,phuket,layan,13,1.03,6.1,272.75,4.72,289.59,8.15,0.38,3.37
2026-09-10,actual,phuket,layan,14,1.04,6.05,271,4.71,288,8.9,0.18,3.35
2026-09-10,actual,phuket,layan,15,1.05,5.98,269.75,4.78,288.21,8.85,0.06,3.29
2026-09-10,actual,phuket,layan,16,1.06,5.93,268.5,4.75,287.22,9,0.06,3.27
2026-09-10,actual,phuket,layan,17,1.09,5.93,267.5,4.59,288.22,8.6,0.17,3.32
2026-09-10,actual,phuket,layan,18,1.11,5.93,266.75,3.94,287.03,7.95,0.36,3.57
2026-09-10,actual,phuket,naithon,6,0.9,5.85,275.75,3.42,285.21,7.55,0.52,4.33
2026-09-10,actual,phuket,naithon,7,0.89,5.93,275.75,2.96,288.38,7.3,0.73,4.26
2026-09-10,actual,phuket,naithon,8,0.9,6,275.75,3.51,289.98,6.95,0.91,3.83
2026-09-10,actual,phuket,naithon,9,0.94,6.05,275.25,3.57,288.99,6.8,0.99,3.73
2026-09-10,actual,phuket,naithon,10,0.96,6.1,275,3.67,287.36,7.5,0.95,3.8
2026-09-10,actual,phuket,naithon,11,0.99,6.13,274.25,3.76,287.34,7.95,0.81,4.02
2026-09-10,actual,phuket,naithon,12,1.02,6.13,273.5,3.86,285.97,8.35,0.61,4.35
2026-09-10,actual,phuket,naithon,13,1.03,6.1,272.75,4.3,289.19,8.1,0.38,4.02
2026-09-10,actual,phuket,naithon,14,1.04,6.05,271,4.37,287.6,9,0.18,3.7
2026-09-10,actual,phuket,naithon,15,1.05,5.98,269.75,4.25,287.8,8.4,0.06,3.54
2026-09-10,actual,phuket,naithon,16,1.06,5.93,268.5,3.96,287.42,8.25,0.06,3.6
2026-09-10,actual,phuket,naithon,17,1.09,5.93,267.5,3.92,287.82,8.15,0.17,3.84
2026-09-10,actual,phuket,naithon,18,1.11,5.93,266.75,3.86,287.23,7.7,0.36,4.2
2026-09-10,actual,phuket,naiyang,6,0.9,5.9,274.75,3.42,285.21,7.55,0.53,3.6
2026-09-10,actual,phuket,naiyang,7,0.89,5.98,274.75,2.96,288.38,7.3,0.74,4.14
2026-09-10,actual,phuket,naiyang,8,0.89,6.03,274.5,3.51,289.98,6.95,0.91,4.27
2026-09-10,actual,phuket,naiyang,9,0.9,6.07,274.25,3.57,288.99,6.8,0.99,4.41
2026-09-10,actual,phuket,naiyang,10,0.92,6.13,274,3.67,287.36,7.5,0.95,4.34
2026-09-10,actual,phuket,naiyang,11,0.95,6.18,273.5,3.76,287.34,7.95,0.81,4.12
2026-09-10,actual,phuket,naiyang,12,0.95,6.2,272.5,3.86,285.97,8.35,0.61,3.76
2026-09-10,actual,phuket,naiyang,13,0.96,6.18,271.75,4.3,289.19,8.1,0.38,3.23
2026-09-10,actual,phuket,naiyang,14,0.97,6.13,270.25,4.37,287.6,9,0.18,2.88
2026-09-10,actual,phuket,naiyang,15,0.97,6.03,269.25,4.25,287.8,8.4,0.06,2.67
2026-09-10,actual,phuket,naiyang,16,0.98,5.98,267.5,3.96,287.42,8.25,0.06,2.73
2026-09-10,actual,phuket,naiyang,17,1.01,5.95,266.75,3.92,287.82,8.15,0.17,2.94
2026-09-10,actual,phuket,naiyang,18,1.02,5.95,265.5,3.86,287.23,7.7,0.36,3.29
2026-09-10,actual,phuket,kl_khukkhak,6,0.97,5.85,271.5,1.33,300.41,5.2,0.55,5.59
2026-09-10,actual,phuket,kl_khukkhak,7,0.96,5.93,271.5,1.14,313.34,5.3,0.75,6.2
2026-09-10,actual,phuket,kl_khukkhak,8,0.96,5.95,271,1.91,300.48,6.35,0.91,4.86
2026-09-10,actual,phuket,kl_khukkhak,9,0.95,5.98,271,2.46,291.12,6.35,0.99,4.54
2026-09-10,actual,phuket,kl_khukkhak,10,0.94,6,270.25,2.55,286.52,6.75,0.94,4.59
2026-09-10,actual,phuket,kl_khukkhak,11,0.94,6.1,269.75,2.4,282.75,7.05,0.8,4.94
2026-09-10,actual,phuket,kl_khukkhak,12,0.94,6.23,269.25,2.75,279.78,6.65,0.59,5.23
2026-09-10,actual,phuket,kl_khukkhak,13,0.94,6.33,268.75,2.22,283.6,6.3,0.37,5.26
2026-09-10,actual,phuket,kl_khukkhak,14,0.94,6.28,267.75,2.31,279.77,6.65,0.17,4.9
2026-09-10,actual,phuket,kl_khukkhak,15,0.95,6.15,267.25,2.52,277.59,6.85,0.06,4.6
2026-09-10,actual,phuket,kl_khukkhak,16,0.96,6.03,266.25,2.28,278,6.75,0.06,4.65
2026-09-10,actual,phuket,kl_khukkhak,17,0.97,5.98,265,1.93,281.8,6.4,0.19,5
2026-09-10,actual,phuket,kl_khukkhak,18,0.96,5.93,264.25,1.63,285.92,5.85,0.39,5.36
2026-09-10,actual,khaolak,khukkhak,6,0.97,5.85,271.5,1.33,300.41,5.2,0.55,5.59
2026-09-10,actual,khaolak,khukkhak,7,0.96,5.93,271.5,1.14,313.34,5.3,0.75,6.2
2026-09-10,actual,khaolak,khukkhak,8,0.96,5.95,271,1.91,300.48,6.35,0.91,4.86
2026-09-10,actual,khaolak,khukkhak,9,0.95,5.98,271,2.46,291.12,6.35,0.99,4.54
2026-09-10,actual,khaolak,khukkhak,10,0.94,6,270.25,2.55,286.52,6.75,0.94,4.59
2026-09-10,actual,khaolak,khukkhak,11,0.94,6.1,269.75,2.4,282.75,7.05,0.8,4.94
2026-09-10,actual,khaolak,khukkhak,12,0.94,6.23,269.25,2.75,279.78,6.65,0.59,5.23
2026-09-10,actual,khaolak,khukkhak,13,0.94,6.33,268.75,2.22,283.6,6.3,0.37,5.26
2026-09-10,actual,khaolak,khukkhak,14,0.94,6.28,267.75,2.31,279.77,6.65,0.17,4.9
2026-09-10,actual,khaolak,khukkhak,15,0.95,6.15,267.25,2.52,277.59,6.85,0.06,4.6
2026-09-10,actual,khaolak,khukkhak,16,0.96,6.03,266.25,2.28,278,6.75,0.06,4.65
2026-09-10,actual,khaolak,khukkhak,17,0.97,5.98,265,1.93,281.8,6.4,0.19,5
2026-09-10,actual,khaolak,khukkhak,18,0.96,5.93,264.25,1.63,285.92,5.85,0.39,5.36
2026-09-10,actual,khaolak,pakarang,6,0.97,5.85,271.5,1.33,300.41,5.2,0.55,4.23
2026-09-10,actual,khaolak,pakarang,7,0.96,5.93,271.5,1.14,313.34,5.3,0.75,4.24
2026-09-10,actual,khaolak,pakarang,8,0.96,5.95,271,1.91,300.48,6.35,0.91,4.04
2026-09-10,actual,khaolak,pakarang,9,0.95,5.98,271,2.46,291.12,6.35,0.99,3.73
2026-09-10,actual,khaolak,pakarang,10,0.94,6,270.25,2.55,286.52,6.75,0.94,3.79
2026-09-10,actual,khaolak,pakarang,11,0.94,6.1,269.75,2.4,282.75,7.05,0.8,4.11
2026-09-10,actual,khaolak,pakarang,12,0.94,6.23,269.25,2.75,279.78,6.65,0.59,4.35
2026-09-10,actual,khaolak,pakarang,13,0.94,6.33,268.75,2.22,283.6,6.3,0.37,4.38
2026-09-10,actual,khaolak,pakarang,14,0.94,6.28,267.75,2.31,279.77,6.65,0.17,4.03
2026-09-10,actual,khaolak,pakarang,15,0.95,6.15,267.25,2.52,277.59,6.85,0.06,3.75
2026-09-10,actual,khaolak,pakarang,16,0.96,6.03,266.25,2.28,278,6.75,0.06,3.82
2026-09-10,actual,khaolak,pakarang,17,0.97,5.98,265,1.93,281.8,6.4,0.19,4.16
2026-09-10,actual,khaolak,pakarang,18,0.96,5.93,264.25,1.63,285.92,5.85,0.39,4.24
2026-09-10,actual,khaolak,bangniang,6,0.97,5.85,271.5,1.33,300.41,5.5,0.55,4.79
2026-09-10,actual,khaolak,bangniang,7,0.96,5.93,271.5,1.14,311.75,5.65,0.75,5.73
2026-09-10,actual,khaolak,bangniang,8,0.96,5.95,271,1.91,302.49,6.85,0.91,4.64
2026-09-10,actual,khaolak,bangniang,9,0.95,5.98,271,2.46,293.26,6.75,0.99,4.44
2026-09-10,actual,khaolak,bangniang,10,0.94,6,270.25,2.55,287.36,7.05,0.94,4.42
2026-09-10,actual,khaolak,bangniang,11,0.94,6.1,269.75,2.4,284,7.25,0.8,4.54
2026-09-10,actual,khaolak,bangniang,12,0.94,6.23,269.25,2.75,281.4,6.65,0.59,4.5
2026-09-10,actual,khaolak,bangniang,13,0.94,6.33,268.75,2.33,284.8,6.3,0.37,4.71
2026-09-10,actual,khaolak,bangniang,14,0.94,6.28,267.75,2.31,281.38,6.65,0.17,4.71
2026-09-10,actual,khaolak,bangniang,15,0.95,6.15,267.25,2.52,279.6,7.35,0.06,4.59
2026-09-10,actual,khaolak,bangniang,16,0.96,6.03,266.25,2.28,280.01,7.1,0.06,4.64
2026-09-10,actual,khaolak,bangniang,17,0.97,5.98,265,1.93,283.22,6.65,0.19,4.77
2026-09-10,actual,khaolak,bangniang,18,0.96,5.93,264.25,1.65,286.54,6.1,0.39,4.8
2026-09-10,actual,khaolak,nangthong,6,0.97,5.85,270,1.33,306.71,5.5,0.54,5.14
2026-09-10,actual,khaolak,nangthong,7,0.96,5.93,269.75,1.08,316.13,5.65,0.75,5.25
2026-09-10,actual,khaolak,nangthong,8,0.96,5.95,269.25,1.14,304.37,6.85,0.91,5.27
2026-09-10,actual,khaolak,nangthong,9,0.95,5.98,269.25,1.43,295.14,6.75,0.99,4.45
2026-09-10,actual,khaolak,nangthong,10,0.94,6,268.5,1.71,288.2,7.05,0.95,4.44
2026-09-10,actual,khaolak,nangthong,11,0.94,6.1,268.01,2.18,282.76,7.25,0.8,4.56
2026-09-10,actual,khaolak,nangthong,12,0.94,6.23,267.51,2.2,281.4,6.65,0.59,4.94
2026-09-10,actual,khaolak,nangthong,13,0.94,6.33,267.01,2.33,284.8,6.3,0.37,4.74
2026-09-10,actual,khaolak,nangthong,14,0.94,6.28,266.01,2.31,280.77,6.65,0.17,4.41
2026-09-10,actual,khaolak,nangthong,15,0.95,6.15,265.51,2.42,281.55,7.35,0.05,4.15
2026-09-10,actual,khaolak,nangthong,16,0.96,6.03,264.51,2.28,283.6,7.1,0.06,4.18
2026-09-10,actual,khaolak,nangthong,17,0.97,5.98,263.51,1.87,287.2,6.65,0.19,4.54
2026-09-10,actual,khaolak,nangthong,18,0.96,5.93,262.76,1.65,292.63,6.1,0.39,4.92
2026-09-10,actual,khaolak,pakweep,6,0.97,5.85,271.5,1.33,300.41,5.2,0.55,4.51
2026-09-10,actual,khaolak,pakweep,7,0.96,5.93,271.5,1.14,313.34,5.3,0.75,5.44
2026-09-10,actual,khaolak,pakweep,8,0.96,5.95,271,1.91,300.48,6.35,0.91,4.36
2026-09-10,actual,khaolak,pakweep,9,0.95,5.98,271,2.46,291.12,6.35,0.99,4.16
2026-09-10,actual,khaolak,pakweep,10,0.94,6,270.25,2.55,286.52,6.75,0.94,4.14
2026-09-10,actual,khaolak,pakweep,11,0.94,6.1,269.75,2.4,282.75,7.05,0.8,4.26
2026-09-10,actual,khaolak,pakweep,12,0.94,6.23,269.25,2.75,279.78,6.65,0.59,4.22
2026-09-10,actual,khaolak,pakweep,13,0.94,6.33,268.75,2.22,283.6,6.3,0.37,4.47
2026-09-10,actual,khaolak,pakweep,14,0.94,6.28,267.75,2.31,279.77,6.65,0.17,4.42
2026-09-10,actual,khaolak,pakweep,15,0.95,6.15,267.25,2.52,277.59,6.85,0.06,4.28
2026-09-10,actual,khaolak,pakweep,16,0.96,6.03,266.25,2.28,278,6.75,0.06,4.3
2026-09-10,actual,khaolak,pakweep,17,0.97,5.98,265,1.93,281.8,6.4,0.19,4.39
2026-09-10,actual,khaolak,pakweep,18,0.96,5.93,264.25,1.63,285.92,5.85,0.39,4.43
2026-09-10,actual,khaolak,bangsak,6,0.86,5.85,272.75,1.14,299.77,5.2,0.55,5.11
2026-09-10,actual,khaolak,bangsak,7,0.85,5.95,272.75,1.08,312.55,5.3,0.75,5.13
2026-09-10,actual,khaolak,bangsak,8,0.85,5.98,272.5,1.08,299.43,6.35,0.92,5.15
2026-09-10,actual,khaolak,bangsak,9,0.84,5.98,272,1.41,289.87,6.35,1,4.47
2026-09-10,actual,khaolak,bangsak,10,0.84,6,271.5,1.68,285.27,6.75,0.95,4.38
2026-09-10,actual,khaolak,bangsak,11,0.84,6.1,271.25,2.24,282.13,7.05,0.8,4.22
2026-09-10,actual,khaolak,bangsak,12,0.83,6.23,270.76,2.2,279.17,6.65,0.59,4.26
2026-09-10,actual,khaolak,bangsak,13,0.81,6.3,270.51,2.21,283,6.3,0.37,4.26
2026-09-10,actual,khaolak,bangsak,14,0.8,6.25,269.75,2.11,279.17,6.65,0.17,4.26
2026-09-10,actual,khaolak,bangsak,15,0.8,6.13,269.01,2.2,277.39,6.85,0.05,4.17
2026-09-10,actual,khaolak,bangsak,16,0.79,6.03,268.25,1.94,278.61,6.75,0.06,4.2
2026-09-10,actual,khaolak,bangsak,17,0.8,5.95,267,1.92,282.81,6.4,0.19,4.17
2026-09-10,actual,khaolak,bangsak,18,0.79,5.93,266,1.39,287.15,5.85,0.4,4.32
2026-09-11,actual,phuket,naiharn,6,1.09,5.63,267.75,3.7,299.61,8.1,0.34,3.56
2026-09-11,actual,phuket,naiharn,7,1.1,5.63,268,3.72,298,7.85,0.57,3.68
2026-09-11,actual,phuket,naiharn,8,1.09,5.65,267.75,3.88,299.6,7.7,0.79,3.46
2026-09-11,actual,phuket,naiharn,9,1.07,5.73,267,4.33,301.4,8,0.95,3.07
2026-09-11,actual,phuket,naiharn,10,1.06,5.8,266.5,4.3,305,8.2,1,3.04
2026-09-11,actual,phuket,naiharn,11,1.03,5.88,266,4.3,304.59,8.3,0.92,3.18
2026-09-11,actual,phuket,naiharn,12,1.01,5.9,265.75,4.58,303.39,8.6,0.75,3.37
2026-09-11,actual,phuket,naiharn,13,0.98,5.93,265.75,4.6,306.79,9.1,0.5,3.48
2026-09-11,actual,phuket,naiharn,14,0.96,5.9,265.5,4.5,307.38,8.8,0.27,3.25
2026-09-11,actual,phuket,naiharn,15,0.94,5.9,265.75,4.28,306.16,8.75,0.09,3.02
2026-09-11,actual,phuket,naiharn,16,0.92,5.95,265.5,4.14,307.17,8.6,0,2.94
2026-09-11,actual,phuket,naiharn,17,0.9,6.03,265.25,3.88,307.2,8.2,0.04,3.12
2026-09-11,actual,phuket,naiharn,18,0.85,6.13,265,3.78,305.81,7.8,0.2,3.16
2026-09-11,actual,phuket,kata,6,1.13,5.65,268,3.7,299.61,8.1,0.34,4.58
2026-09-11,actual,phuket,kata,7,1.13,5.65,268.5,3.72,298,7.85,0.57,4.89
2026-09-11,actual,phuket,kata,8,1.12,5.68,268,3.88,299.6,7.7,0.79,4.47
2026-09-11,actual,phuket,kata,9,1.11,5.73,267.5,4.33,301.4,8,0.95,4.06
2026-09-11,actual,phuket,kata,10,1.1,5.8,266.75,4.3,305,8.2,1,4.01
2026-09-11,actual,phuket,kata,11,1.08,5.88,266.25,4.3,304.59,8.3,0.92,4.14
2026-09-11,actual,phuket,kata,12,1.06,5.9,266,4.58,303.39,8.6,0.75,4.3
2026-09-11,actual,phuket,kata,13,1.04,5.93,266,4.6,306.79,9.1,0.5,4.51
2026-09-11,actual,phuket,kata,14,1.02,5.93,265.5,4.5,307.38,8.8,0.27,4.12
2026-09-11,actual,phuket,kata,15,1.01,5.93,265.75,4.28,306.16,8.75,0.09,3.89
2026-09-11,actual,phuket,kata,16,0.99,5.95,265.5,4.14,307.17,8.6,0,3.77
2026-09-11,actual,phuket,kata,17,0.97,6.03,265,3.88,307.2,8.2,0.04,3.93
2026-09-11,actual,phuket,kata,18,0.92,6.13,264.75,3.78,305.81,7.8,0.2,4.16
2026-09-11,actual,phuket,patong,6,1.11,5.65,266.25,3.7,299.66,7.15,0.34,3.94
2026-09-11,actual,phuket,patong,7,1.1,5.68,266.75,3.72,296.84,7.05,0.58,4.21
2026-09-11,actual,phuket,patong,8,1.08,5.75,266.25,3.88,299.22,7.25,0.8,3.83
2026-09-11,actual,phuket,patong,9,1.07,5.85,265.75,3.94,302.2,7.65,0.95,3.6
2026-09-11,actual,phuket,patong,10,1.04,5.93,265,3.83,307.79,7.85,1,3.58
2026-09-11,actual,phuket,patong,11,1.03,5.98,264.75,4.12,308.7,7.8,0.92,3.62
2026-09-11,actual,phuket,patong,12,1,6,264.5,4.4,307.75,8.4,0.74,3.8
2026-09-11,actual,phuket,patong,13,0.99,6,264.75,4.12,311.78,9.15,0.5,4.08
2026-09-11,actual,phuket,patong,14,0.99,6,264.25,4.12,311.82,8.85,0.27,3.74
2026-09-11,actual,phuket,patong,15,0.97,6,264.5,4.08,309.89,8.6,0.08,3.45
2026-09-11,actual,phuket,patong,16,0.96,6.1,264.25,4.03,309.53,8.2,0,3.36
2026-09-11,actual,phuket,patong,17,0.92,6.2,263.5,3.82,309.36,7.5,0.05,3.51
2026-09-11,actual,phuket,patong,18,0.89,6.32,263,3.49,309.19,7.15,0.2,3.88
2026-09-11,actual,phuket,karon,6,1.12,5.65,268,3.7,299.61,8.1,0.34,3.44
2026-09-11,actual,phuket,karon,7,1.13,5.68,268.5,3.72,298,7.85,0.58,3.87
2026-09-11,actual,phuket,karon,8,1.12,5.7,268,3.88,299.6,7.7,0.8,4.18
2026-09-11,actual,phuket,karon,9,1.11,5.73,267.5,4.33,301.4,8,0.95,4.28
2026-09-11,actual,phuket,karon,10,1.1,5.8,266.75,4.3,305,8.2,1,4.38
2026-09-11,actual,phuket,karon,11,1.08,5.88,266.25,4.3,304.59,8.3,0.92,4.25
2026-09-11,actual,phuket,karon,12,1.06,5.9,266,4.58,303.39,8.6,0.74,3.82
2026-09-11,actual,phuket,karon,13,1.04,5.93,266,4.6,306.79,9.1,0.5,3.38
2026-09-11,actual,phuket,karon,14,1.02,5.93,265.5,4.5,307.38,8.8,0.27,2.98
2026-09-11,actual,phuket,karon,15,1.01,5.95,265.75,4.28,306.16,8.75,0.08,2.74
2026-09-11,actual,phuket,karon,16,0.99,6,265.5,4.14,307.17,8.6,0,2.63
2026-09-11,actual,phuket,karon,17,0.97,6.08,265,3.88,307.2,8.2,0.05,2.8
2026-09-11,actual,phuket,karon,18,0.92,6.18,264.75,3.78,305.81,7.8,0.2,3.06
2026-09-11,actual,phuket,katanoi,6,1.13,5.65,268,3.7,299.61,8.1,0.34,3.14
2026-09-11,actual,phuket,katanoi,7,1.13,5.65,268.5,3.72,298,7.85,0.57,3.54
2026-09-11,actual,phuket,katanoi,8,1.12,5.68,268,3.88,299.6,7.7,0.79,3.86
2026-09-11,actual,phuket,katanoi,9,1.11,5.73,267.5,4.33,301.4,8,0.95,3.98
2026-09-11,actual,phuket,katanoi,10,1.1,5.8,266.75,4.3,305,8.2,1,4.08
2026-09-11,actual,phuket,katanoi,11,1.08,5.88,266.25,4.3,304.59,8.3,0.92,3.95
2026-09-11,actual,phuket,katanoi,12,1.06,5.9,266,4.58,303.39,8.6,0.75,3.55
2026-09-11,actual,phuket,katanoi,13,1.04,5.93,266,4.6,306.79,9.1,0.5,3.13
2026-09-11,actual,phuket,katanoi,14,1.02,5.93,265.5,4.5,307.38,8.8,0.27,2.75
2026-09-11,actual,phuket,katanoi,15,1.01,5.93,265.75,4.28,306.16,8.75,0.09,2.51
2026-09-11,actual,phuket,katanoi,16,0.99,5.95,265.5,4.14,307.17,8.6,0,2.4
2026-09-11,actual,phuket,katanoi,17,0.97,6.03,265,3.88,307.2,8.2,0.04,2.57
2026-09-11,actual,phuket,katanoi,18,0.92,6.13,264.75,3.78,305.81,7.8,0.2,2.87
2026-09-11,actual,phuket,kalim,6,1.11,5.65,266.25,3.7,299.66,7.15,0.34,2.57
2026-09-11,actual,phuket,kalim,7,1.1,5.68,266.75,3.72,296.84,7.05,0.58,2.56
2026-09-11,actual,phuket,kalim,8,1.08,5.75,266.25,3.88,299.22,7.25,0.8,2.55
2026-09-11,actual,phuket,kalim,9,1.07,5.85,265.75,3.94,302.2,7.65,0.95,2.57
2026-09-11,actual,phuket,kalim,10,1.04,5.93,265,3.83,307.79,7.85,1,2.53
2026-09-11,actual,phuket,kalim,11,1.03,5.98,264.75,4.12,308.7,7.8,0.92,2.53
2026-09-11,actual,phuket,kalim,12,1,6,264.5,4.4,307.75,8.4,0.74,2.48
2026-09-11,actual,phuket,kalim,13,0.99,6,264.75,4.12,311.78,9.15,0.5,2.46
2026-09-11,actual,phuket,kalim,14,0.99,6,264.25,4.12,311.82,8.85,0.27,2.46
2026-09-11,actual,phuket,kalim,15,0.97,6,264.5,4.08,309.89,8.6,0.08,2.41
2026-09-11,actual,phuket,kalim,16,0.96,6.1,264.25,4.03,309.53,8.2,0,2.43
2026-09-11,actual,phuket,kalim,17,0.92,6.2,263.5,3.82,309.36,7.5,0.05,2.37
2026-09-11,actual,phuket,kalim,18,0.89,6.32,263,3.49,309.19,7.15,0.2,2.35
2026-09-11,actual,phuket,kamala,6,1.1,5.7,265.25,3.7,300.27,7.15,0.35,3.44
2026-09-11,actual,phuket,kamala,7,1.09,5.7,265.75,3.72,297.04,7,0.58,3.44
2026-09-11,actual,phuket,kamala,8,1.08,5.73,265.25,3.88,299.62,7.3,0.8,3.38
2026-09-11,actual,phuket,kamala,9,1.06,5.82,265,3.83,302.8,7.7,0.96,3.42
2026-09-11,actual,phuket,kamala,10,1.04,5.9,264.75,3.83,308.19,7.85,1,3.43
2026-09-11,actual,phuket,kamala,11,1.03,5.95,264.25,4.12,309.1,7.8,0.92,3.33
2026-09-11,actual,phuket,kamala,12,1,6,263.75,4.25,308.35,8.4,0.73,3.28
2026-09-11,actual,phuket,kamala,13,0.99,6,263.75,4.12,311.78,9.1,0.5,3.32
2026-09-11,actual,phuket,kamala,14,0.99,6,263.5,4.12,311.82,8.9,0.27,3.31
2026-09-11,actual,phuket,kamala,15,0.97,6.05,263.25,4.08,309.89,8.75,0.08,3.33
2026-09-11,actual,phuket,kamala,16,0.97,6.13,263.5,4.03,309.73,8.3,0,3.38
2026-09-11,actual,phuket,kamala,17,0.93,6.23,263,3.8,309.36,7.6,0.05,3.46
2026-09-11,actual,phuket,kamala,18,0.89,6.38,262,3.49,309.19,7.2,0.21,3.57
2026-09-11,actual,phuket,surin,6,1.1,5.7,265.25,3.19,297.44,7.15,0.35,3.93
2026-09-11,actual,phuket,surin,7,1.09,5.7,265.75,3.26,295.23,7,0.58,3.89
2026-09-11,actual,phuket,surin,8,1.08,5.73,265.25,3.36,298.01,7.3,0.8,3.88
2026-09-11,actual,phuket,surin,9,1.06,5.82,265,3.76,301.8,7.7,0.96,3.52
2026-09-11,actual,phuket,surin,10,1.04,5.9,264.75,3.64,307.19,7.85,1,3.51
2026-09-11,actual,phuket,surin,11,1.03,5.95,264.25,3.86,307.88,7.8,0.92,3.56
2026-09-11,actual,phuket,surin,12,1,6,263.75,4.03,308.14,8.4,0.73,3.77
2026-09-11,actual,phuket,surin,13,0.99,6,263.75,3.97,313.23,9.1,0.5,3.74
2026-09-11,actual,phuket,surin,14,0.99,6,263.5,3.91,312.65,8.9,0.27,3.67
2026-09-11,actual,phuket,surin,15,0.97,6.05,263.25,4.02,309.89,8.75,0.08,3.34
2026-09-11,actual,phuket,surin,16,0.97,6.13,263.5,4,309.53,8.3,0,3.24
2026-09-11,actual,phuket,surin,17,0.93,6.23,263,3.69,308.35,7.6,0.05,3.44
2026-09-11,actual,phuket,surin,18,0.89,6.38,262,3.49,308.18,7.2,0.21,3.59
2026-09-11,actual,phuket,bangtao,6,1.07,5.75,264.75,3.19,297.44,7.15,0.36,3.75
2026-09-11,actual,phuket,bangtao,7,1.07,5.75,265.25,3.26,295.23,7,0.59,3.74
2026-09-11,actual,phuket,bangtao,8,1.07,5.78,264.75,3.36,298.01,7.3,0.81,3.71
2026-09-11,actual,phuket,bangtao,9,1.06,5.82,264.25,3.76,301.8,7.7,0.96,3.57
2026-09-11,actual,phuket,bangtao,10,1.04,5.9,264,3.64,307.19,7.85,1,3.62
2026-09-11,actual,phuket,bangtao,11,1.03,5.95,263.75,3.86,307.88,7.8,0.91,3.55
2026-09-11,actual,phuket,bangtao,12,1,6,263.25,4.03,308.14,8.4,0.73,3.45
2026-09-11,actual,phuket,bangtao,13,0.99,6,263.5,3.97,313.23,9.1,0.49,3.46
2026-09-11,actual,phuket,bangtao,14,0.99,6.03,263.25,3.91,312.65,8.9,0.26,3.49
2026-09-11,actual,phuket,bangtao,15,0.97,6.08,263,4.02,309.89,8.75,0.08,3.43
2026-09-11,actual,phuket,bangtao,16,0.97,6.18,263.25,4,309.53,8.3,0,3.5
2026-09-11,actual,phuket,bangtao,17,0.93,6.3,262.75,3.69,308.35,7.6,0.05,3.6
2026-09-11,actual,phuket,bangtao,18,0.89,6.45,261.75,3.49,308.18,7.2,0.22,3.67
2026-09-11,actual,phuket,layan,6,1.07,5.75,264.75,3.19,297.44,7.15,0.36,3.68
2026-09-11,actual,phuket,layan,7,1.07,5.75,265.25,3.26,295.23,7,0.59,3.67
2026-09-11,actual,phuket,layan,8,1.07,5.78,264.75,3.36,298.01,7.3,0.81,3.63
2026-09-11,actual,phuket,layan,9,1.06,5.82,264.25,3.76,301.8,7.7,0.96,3.5
2026-09-11,actual,phuket,layan,10,1.04,5.9,264,3.64,307.19,7.85,1,3.55
2026-09-11,actual,phuket,layan,11,1.03,5.95,263.75,3.86,307.88,7.8,0.91,3.48
2026-09-11,actual,phuket,layan,12,1,6,263.25,4.03,308.14,8.4,0.73,3.41
2026-09-11,actual,phuket,layan,13,0.99,6,263.5,3.97,313.23,9.1,0.49,3.43
2026-09-11,actual,phuket,layan,14,0.99,6.03,263.25,3.91,312.65,8.9,0.26,3.46
2026-09-11,actual,phuket,layan,15,0.97,6.08,263,4.02,309.89,8.75,0.08,3.42
2026-09-11,actual,phuket,layan,16,0.97,6.18,263.25,4,309.53,8.3,0,3.47
2026-09-11,actual,phuket,layan,17,0.93,6.3,262.75,3.69,308.35,7.6,0.05,3.58
2026-09-11,actual,phuket,layan,18,0.89,6.45,261.75,3.49,308.18,7.2,0.22,3.66
2026-09-11,actual,phuket,naithon,6,1.07,5.75,264.75,3.18,297.84,7.15,0.36,4.23
2026-09-11,actual,phuket,naithon,7,1.07,5.75,265.25,3.26,295.63,7,0.59,4.46
2026-09-11,actual,phuket,naithon,8,1.07,5.78,264.75,3.26,298.01,6.85,0.81,4.11
2026-09-11,actual,phuket,naithon,9,1.06,5.82,264.25,3.41,301.8,7.25,0.96,3.83
2026-09-11,actual,phuket,naithon,10,1.04,5.9,264,3.58,306.58,7.2,1,3.71
2026-09-11,actual,phuket,naithon,11,1.03,5.95,263.75,3.49,307.88,6.95,0.91,3.89
2026-09-11,actual,phuket,naithon,12,1,6,263.25,3.88,307.34,7.75,0.73,4.04
2026-09-11,actual,phuket,naithon,13,0.99,6,263.5,3.97,312.19,8.7,0.49,4.19
2026-09-11,actual,phuket,naithon,14,0.99,6.03,263.25,3.86,311.62,8.75,0.26,3.87
2026-09-11,actual,phuket,naithon,15,0.97,6.08,263,3.98,309.69,8.55,0.08,3.54
2026-09-11,actual,phuket,naithon,16,0.97,6.18,263.25,3.85,308.72,8.15,0,3.49
2026-09-11,actual,phuket,naithon,17,0.93,6.3,262.75,3.62,307.74,7.25,0.05,3.67
2026-09-11,actual,phuket,naithon,18,0.89,6.45,261.75,3.38,307.58,6.9,0.22,4.03
2026-09-11,actual,phuket,naiyang,6,1.04,5.75,263.5,3.18,297.84,7.15,0.36,3.41
2026-09-11,actual,phuket,naiyang,7,1.05,5.78,264,3.26,295.63,7,0.6,3.82
2026-09-11,actual,phuket,naiyang,8,1.04,5.78,263.5,3.26,298.01,6.85,0.81,4.16
2026-09-11,actual,phuket,naiyang,9,1.03,5.85,263.5,3.41,301.8,7.25,0.96,4.38
2026-09-11,actual,phuket,naiyang,10,1.03,5.9,263,3.58,306.58,7.2,1,4.41
2026-09-11,actual,phuket,naiyang,11,1.01,5.95,263.25,3.49,307.88,6.95,0.91,4.29
2026-09-11,actual,phuket,naiyang,12,1,6,262.75,3.88,307.34,7.75,0.73,3.84
2026-09-11,actual,phuket,naiyang,13,0.97,6.03,262.75,3.97,312.19,8.7,0.49,3.4
2026-09-11,actual,phuket,naiyang,14,0.97,6.1,262.25,3.86,311.62,8.75,0.26,3.06
2026-09-11,actual,phuket,naiyang,15,0.95,6.2,262.25,3.98,309.69,8.55,0.08,2.73
2026-09-11,actual,phuket,naiyang,16,0.94,6.32,262,3.85,308.72,8.15,0,2.68
2026-09-11,actual,phuket,naiyang,17,0.9,6.48,261.5,3.62,307.74,7.25,0.06,2.87
2026-09-11,actual,phuket,naiyang,18,0.88,6.68,260.5,3.38,307.58,6.9,0.23,3.28
2026-09-11,actual,phuket,kl_khukkhak,6,0.97,5.95,258.25,1.97,313.76,5.55,0.38,5.16
2026-09-11,actual,phuket,kl_khukkhak,7,0.95,6,258.25,1.89,313.06,5.25,0.62,5.34
2026-09-11,actual,phuket,kl_khukkhak,8,0.95,6.05,258.25,2.26,312.27,5.9,0.82,4.91
2026-09-11,actual,phuket,kl_khukkhak,9,0.94,6.08,257.5,2.26,311.82,5.65,0.96,4.66
2026-09-11,actual,phuket,kl_khukkhak,10,0.93,6.08,257.5,2.7,309.13,6.4,1,4.43
2026-09-11,actual,phuket,kl_khukkhak,11,0.91,6.13,257.5,2.86,309.96,6.7,0.91,4.51
2026-09-11,actual,phuket,kl_khukkhak,12,0.9,6.13,257.25,2.92,306.92,7.55,0.71,4.77
2026-09-11,actual,phuket,kl_khukkhak,13,0.87,6.18,257.75,3.11,313.21,7.35,0.48,4.82
2026-09-11,actual,phuket,kl_khukkhak,14,0.85,6.23,257.75,2.86,311.55,7.2,0.25,4.53
2026-09-11,actual,phuket,kl_khukkhak,15,0.85,6.28,257.5,2.91,313.86,7.25,0.07,4.25
2026-09-11,actual,phuket,kl_khukkhak,16,0.83,6.33,257.5,2.48,317.14,6.65,0,4.27
2026-09-11,actual,phuket,kl_khukkhak,17,0.83,6.35,257.5,1.91,316.61,6.05,0.07,4.59
2026-09-11,actual,phuket,kl_khukkhak,18,0.82,6.33,257.75,1.75,319.17,5.25,0.25,4.9
2026-09-11,actual,khaolak,khukkhak,6,0.97,5.95,258.25,1.97,313.76,5.55,0.38,5.16
2026-09-11,actual,khaolak,khukkhak,7,0.95,6,258.25,1.89,313.06,5.25,0.62,5.34
2026-09-11,actual,khaolak,khukkhak,8,0.95,6.05,258.25,2.26,312.27,5.9,0.82,4.91
2026-09-11,actual,khaolak,khukkhak,9,0.94,6.08,257.5,2.26,311.82,5.65,0.96,4.66
2026-09-11,actual,khaolak,khukkhak,10,0.93,6.08,257.5,2.7,309.13,6.4,1,4.43
2026-09-11,actual,khaolak,khukkhak,11,0.91,6.13,257.5,2.86,309.96,6.7,0.91,4.51
2026-09-11,actual,khaolak,khukkhak,12,0.9,6.13,257.25,2.92,306.92,7.55,0.71,4.77
2026-09-11,actual,khaolak,khukkhak,13,0.87,6.18,257.75,3.11,313.21,7.35,0.48,4.82
2026-09-11,actual,khaolak,khukkhak,14,0.85,6.23,257.75,2.86,311.55,7.2,0.25,4.53
2026-09-11,actual,khaolak,khukkhak,15,0.85,6.28,257.5,2.91,313.86,7.25,0.07,4.25
2026-09-11,actual,khaolak,khukkhak,16,0.83,6.33,257.5,2.48,317.14,6.65,0,4.27
2026-09-11,actual,khaolak,khukkhak,17,0.83,6.35,257.5,1.91,316.61,6.05,0.07,4.59
2026-09-11,actual,khaolak,khukkhak,18,0.82,6.33,257.75,1.75,319.17,5.25,0.25,4.9
2026-09-11,actual,khaolak,pakarang,6,0.97,5.95,258.25,1.97,313.76,5.55,0.38,4.3
2026-09-11,actual,khaolak,pakarang,7,0.95,6,258.25,1.89,313.06,5.25,0.62,4.25
2026-09-11,actual,khaolak,pakarang,8,0.95,6.05,258.25,2.26,312.27,5.9,0.82,4.28
2026-09-11,actual,khaolak,pakarang,9,0.94,6.08,257.5,2.26,311.82,5.65,0.96,4.1
2026-09-11,actual,khaolak,pakarang,10,0.93,6.08,257.5,2.7,309.13,6.4,1,3.88
2026-09-11,actual,khaolak,pakarang,11,0.91,6.13,257.5,2.86,309.96,6.7,0.91,3.98
2026-09-11,actual,khaolak,pakarang,12,0.9,6.13,257.25,2.92,306.92,7.55,0.71,4.12
2026-09-11,actual,khaolak,pakarang,13,0.87,6.18,257.75,3.11,313.21,7.35,0.48,4.03
2026-09-11,actual,khaolak,pakarang,14,0.85,6.23,257.75,2.86,311.55,7.2,0.25,3.97
2026-09-11,actual,khaolak,pakarang,15,0.85,6.28,257.5,2.91,313.86,7.25,0.07,3.79
2026-09-11,actual,khaolak,pakarang,16,0.83,6.33,257.5,2.48,317.14,6.65,0,3.94
2026-09-11,actual,khaolak,pakarang,17,0.83,6.35,257.5,1.91,316.61,6.05,0.07,3.96
2026-09-11,actual,khaolak,pakarang,18,0.82,6.33,257.75,1.75,319.17,5.25,0.25,3.9
2026-09-11,actual,khaolak,bangniang,6,0.97,5.95,258.25,1.97,312.19,5.9,0.38,4.63
2026-09-11,actual,khaolak,bangniang,7,0.95,6,258.25,1.89,312.26,5.1,0.62,4.64
2026-09-11,actual,khaolak,bangniang,8,0.95,6.05,258.25,2.26,311.05,6.3,0.82,4.55
2026-09-11,actual,khaolak,bangniang,9,0.94,6.08,257.5,2.26,311.82,6.2,0.96,4.53
2026-09-11,actual,khaolak,bangniang,10,0.93,6.08,257.5,2.7,310.14,6.85,1,4.35
2026-09-11,actual,khaolak,bangniang,11,0.91,6.13,257.5,2.86,310.37,7.25,0.91,4.28
2026-09-11,actual,khaolak,bangniang,12,0.9,6.13,257.25,2.92,307.73,7.6,0.71,4.23
2026-09-11,actual,khaolak,bangniang,13,0.87,6.18,257.75,3.11,313.41,7.35,0.48,4.14
2026-09-11,actual,khaolak,bangniang,14,0.85,6.23,257.75,2.86,312.37,7.65,0.25,4.21
2026-09-11,actual,khaolak,bangniang,15,0.85,6.28,257.5,2.91,314.7,7.65,0.07,4.22
2026-09-11,actual,khaolak,bangniang,16,0.83,6.33,257.5,2.48,318.01,6.65,0,4.35
2026-09-11,actual,khaolak,bangniang,17,0.83,6.35,257.5,1.98,317.45,6.05,0.07,4.53
2026-09-11,actual,khaolak,bangniang,18,0.82,6.33,257.75,1.89,318.96,5.25,0.25,4.53
2026-09-11,actual,khaolak,nangthong,6,0.97,5.95,257.5,1.77,317,5.9,0.38,4.82
2026-09-11,actual,khaolak,nangthong,7,0.95,6,257.51,1.64,313.42,5.1,0.61,5.04
2026-09-11,actual,khaolak,nangthong,8,0.95,6.05,257.26,2.26,312.42,6.3,0.83,4.5
2026-09-11,actual,khaolak,nangthong,9,0.94,6.08,256.76,2,313.66,6.2,0.97,4.36
2026-09-11,actual,khaolak,nangthong,10,0.93,6.08,256.51,2,311.39,6.85,1,4.3
2026-09-11,actual,khaolak,nangthong,11,0.91,6.13,256.51,2.76,309.41,7.25,0.91,4.19
2026-09-11,actual,khaolak,nangthong,12,0.9,6.13,256.26,2.92,305.75,7.6,0.71,4.43
2026-09-11,actual,khaolak,nangthong,13,0.87,6.18,256.76,3,310.85,7.35,0.48,4.56
2026-09-11,actual,khaolak,nangthong,14,0.85,6.23,256.51,2.37,309.99,7.65,0.25,4.4
2026-09-11,actual,khaolak,nangthong,15,0.85,6.28,256.26,2.13,312.67,7.65,0.07,4.21
2026-09-11,actual,khaolak,nangthong,16,0.83,6.33,256.01,2.13,317.44,6.65,0,4.1
2026-09-11,actual,khaolak,nangthong,17,0.83,6.35,255.75,1.84,317.65,6.05,0.07,4.31
2026-09-11,actual,khaolak,nangthong,18,0.82,6.33,256.25,1.72,319.77,5.25,0.24,4.63
2026-09-11,actual,khaolak,pakweep,6,0.97,5.95,258.25,1.97,313.76,5.55,0.38,4.25
2026-09-11,actual,khaolak,pakweep,7,0.95,6,258.25,1.89,313.06,5.25,0.62,4.26
2026-09-11,actual,khaolak,pakweep,8,0.95,6.05,258.25,2.26,312.27,5.9,0.82,4.16
2026-09-11,actual,khaolak,pakweep,9,0.94,6.08,257.5,2.26,311.82,5.65,0.96,4.14
2026-09-11,actual,khaolak,pakweep,10,0.93,6.08,257.5,2.7,309.13,6.4,1,3.97
2026-09-11,actual,khaolak,pakweep,11,0.91,6.13,257.5,2.86,309.96,6.7,0.91,3.9
2026-09-11,actual,khaolak,pakweep,12,0.9,6.13,257.25,2.92,306.92,7.55,0.71,3.85
2026-09-11,actual,khaolak,pakweep,13,0.87,6.18,257.75,3.11,313.21,7.35,0.48,3.79
2026-09-11,actual,khaolak,pakweep,14,0.85,6.23,257.75,2.86,311.55,7.2,0.25,3.88
2026-09-11,actual,khaolak,pakweep,15,0.85,6.28,257.5,2.91,313.86,7.25,0.07,3.87
2026-09-11,actual,khaolak,pakweep,16,0.83,6.33,257.5,2.48,317.14,6.65,0,4.02
2026-09-11,actual,khaolak,pakweep,17,0.83,6.35,257.5,1.91,316.61,6.05,0.07,4.23
2026-09-11,actual,khaolak,pakweep,18,0.82,6.33,257.75,1.75,319.17,5.25,0.25,4.27
2026-09-11,actual,khaolak,bangsak,6,0.84,5.95,260.5,1,312.99,5.55,0.38,5.08
2026-09-11,actual,khaolak,bangsak,7,0.84,6,260.25,1.08,311.92,5.25,0.62,5.12
2026-09-11,actual,khaolak,bangsak,8,0.84,6.03,260.25,1.98,310.39,5.9,0.83,4.09
2026-09-11,actual,khaolak,bangsak,9,0.83,6.08,259.5,1.77,309.19,5.65,0.96,4.16
2026-09-11,actual,khaolak,bangsak,10,0.82,6.08,259.5,1.92,306.6,6.4,1,4.11
2026-09-11,actual,khaolak,bangsak,11,0.81,6.1,259.5,2.55,307.07,6.7,0.91,3.89
2026-09-11,actual,khaolak,bangsak,12,0.8,6.13,260.01,2.78,303.4,7.55,0.71,3.82
2026-09-11,actual,khaolak,bangsak,13,0.78,6.15,260.26,2.36,309.81,7.35,0.48,3.96
2026-09-11,actual,khaolak,bangsak,14,0.78,6.2,260.26,2.37,308.31,7.2,0.25,3.98
2026-09-11,actual,khaolak,bangsak,15,0.77,6.25,260.26,1.98,311.15,7.25,0.07,4.12
2026-09-11,actual,khaolak,bangsak,16,0.77,6.3,260.51,1.98,314.06,6.65,0,4.14
2026-09-11,actual,khaolak,bangsak,17,0.74,6.33,260.51,1.84,314.39,6.05,0.07,4.17
2026-09-11,actual,khaolak,bangsak,18,0.73,6.33,261.25,1.49,316.57,5.25,0.25,4.3
2026-09-12,actual,phuket,naiharn,6,0.77,6.9,266.5,2.75,297.17,6.5,0.2,3.22
2026-09-12,actual,phuket,naiharn,7,0.76,7.9,261.53,1.87,294.8,5.65,0.42,3.59
2026-09-12,actual,phuket,naiharn,8,0.75,8.07,261.78,2.21,288.8,4.05,0.66,3.61
2026-09-12,actual,phuket,naiharn,9,0.74,8.23,261.52,2.6,286.19,4.15,0.85,3.63
2026-09-12,actual,phuket,naiharn,10,0.73,8.43,261.77,3.14,282.68,4.85,0.97,3.66
2026-09-12,actual,phuket,naiharn,11,0.72,8.6,261.52,3.29,282.4,5.3,0.97,3.69
2026-09-12,actual,phuket,naiharn,12,0.71,8.77,260.76,3.45,279.79,5.9,0.84,3.71
2026-09-12,actual,phuket,naiharn,13,0.7,8.93,260.51,3.54,276.2,6.25,0.63,3.72
2026-09-12,actual,phuket,naiharn,14,0.7,9.05,260.76,3.92,281.8,6.75,0.39,3.76
2026-09-12,actual,phuket,naiharn,15,0.7,9.15,261.01,4.08,287.21,7,0.17,3.8
2026-09-12,actual,phuket,naiharn,16,0.7,9.25,261.25,4.49,292.44,7.35,0.03,3.83
2026-09-12,actual,phuket,naiharn,17,0.71,9.32,261.5,4.34,296.63,7.3,0.01,3.88
2026-09-12,actual,phuket,naiharn,18,0.72,9.43,262.25,3.94,301.21,7.15,0.11,4
2026-09-12,actual,phuket,kata,6,0.8,6.9,267.25,2.75,297.17,6.5,0.2,4.72
2026-09-12,actual,phuket,kata,7,0.77,7.9,259.59,1.87,294.8,5.65,0.42,5.67
2026-09-12,actual,phuket,kata,8,0.75,8.07,259.59,2.21,288.8,4.05,0.66,5.63
2026-09-12,actual,phuket,kata,9,0.74,8.23,259.58,2.6,286.19,4.15,0.85,5.23
2026-09-12,actual,phuket,kata,10,0.73,8.43,259.58,3.14,282.68,4.85,0.97,4.92
2026-09-12,actual,phuket,kata,11,0.72,8.6,259.56,3.29,282.4,5.3,0.97,4.93
2026-09-12,actual,phuket,kata,12,0.71,8.77,258.56,3.45,279.79,5.9,0.84,5.12
2026-09-12,actual,phuket,kata,13,0.7,8.93,258.55,3.54,276.2,6.25,0.63,5.46
2026-09-12,actual,phuket,kata,14,0.7,9.05,259.04,3.92,281.8,6.75,0.39,5.28
2026-09-12,actual,phuket,kata,15,0.7,9.15,259.04,4.08,287.21,7,0.17,4.92
2026-09-12,actual,phuket,kata,16,0.71,9.25,259.53,4.49,292.44,7.35,0.03,4.63
2026-09-12,actual,phuket,kata,17,0.72,9.32,260.02,4.34,296.63,7.3,0.01,4.72
2026-09-12,actual,phuket,kata,18,0.72,9.43,258.82,3.94,301.21,7.15,0.11,5.05
2026-09-12,actual,phuket,patong,6,0.8,7.23,265.51,2.62,299.97,5.3,0.2,3.98
2026-09-12,actual,phuket,patong,7,0.77,8.5,257.81,1.75,298.4,4.3,0.43,4.45
2026-09-12,actual,phuket,patong,8,0.76,8.65,257.81,2.21,290.2,3.8,0.66,4.47
2026-09-12,actual,phuket,patong,9,0.74,8.85,258.05,2.6,286.03,3.75,0.86,4.45
2026-09-12,actual,phuket,patong,10,0.73,9.03,258.05,3.14,282.54,4.7,0.97,4.48
2026-09-12,actual,phuket,patong,11,0.72,9.2,258.04,3.29,283.19,5.35,0.97,4.5
2026-09-12,actual,phuket,patong,12,0.72,9.4,257.28,3.45,283.35,5.9,0.84,4.59
2026-09-12,actual,phuket,patong,13,0.71,9.55,257.28,3.54,281.99,6.25,0.63,4.6
2026-09-12,actual,phuket,patong,14,0.71,9.7,257.77,3.92,285.39,6.8,0.38,4.66
2026-09-12,actual,phuket,patong,15,0.71,9.85,257.77,4.08,289.39,7.15,0.17,4.54
2026-09-12,actual,phuket,patong,16,0.72,9.98,258.26,4.05,295.2,6.95,0.03,4.38
2026-09-12,actual,phuket,patong,17,0.73,10.1,258.76,4.21,300.57,7,0.01,4.35
2026-09-12,actual,phuket,patong,18,0.73,10.23,257.05,3.66,307.36,6.8,0.12,4.72
2026-09-12,actual,phuket,karon,6,0.8,7,267.25,2.75,297.17,6.5,0.2,3.66
2026-09-12,actual,phuket,karon,7,0.77,8,259.59,1.87,294.8,5.65,0.43,4.61
2026-09-12,actual,phuket,karon,8,0.75,8.15,259.59,2.21,288.8,4.05,0.66,4.91
2026-09-12,actual,phuket,karon,9,0.74,8.32,259.58,2.6,286.19,4.15,0.86,5.17
2026-09-12,actual,phuket,karon,10,0.72,8.5,259.58,3.14,282.68,4.85,0.97,5.21
2026-09-12,actual,phuket,karon,11,0.71,8.68,259.56,3.29,282.4,5.3,0.97,5.21
2026-09-12,actual,phuket,karon,12,0.71,8.85,258.56,3.45,279.79,5.9,0.84,5
2026-09-12,actual,phuket,karon,13,0.7,9,258.55,3.54,276.2,6.25,0.63,4.65
2026-09-12,actual,phuket,karon,14,0.7,9.13,259.04,3.92,281.8,6.75,0.38,4.17
2026-09-12,actual,phuket,karon,15,0.7,9.25,259.04,4.08,287.21,7,0.17,3.81
2026-09-12,actual,phuket,karon,16,0.71,9.35,259.53,4.49,292.44,7.35,0.03,3.51
2026-09-12,actual,phuket,karon,17,0.72,9.43,260.02,4.34,296.63,7.3,0.01,3.6
2026-09-12,actual,phuket,karon,18,0.72,9.53,258.82,3.94,301.21,7.15,0.12,3.95
2026-09-12,actual,phuket,katanoi,6,0.8,6.9,267.25,2.75,297.17,6.5,0.2,3.45
2026-09-12,actual,phuket,katanoi,7,0.77,7.9,259.59,1.87,294.8,5.65,0.42,4.3
2026-09-12,actual,phuket,katanoi,8,0.75,8.07,259.59,2.21,288.8,4.05,0.66,4.41
2026-09-12,actual,phuket,katanoi,9,0.74,8.23,259.58,2.6,286.19,4.15,0.85,4.43
2026-09-12,actual,phuket,katanoi,10,0.73,8.43,259.58,3.14,282.68,4.85,0.97,4.48
2026-09-12,actual,phuket,katanoi,11,0.72,8.6,259.56,3.29,282.4,5.3,0.97,4.5
2026-09-12,actual,phuket,katanoi,12,0.71,8.77,258.56,3.45,279.79,5.9,0.84,4.53
2026-09-12,actual,phuket,katanoi,13,0.7,8.93,258.55,3.54,276.2,6.25,0.63,4.35
2026-09-12,actual,phuket,katanoi,14,0.7,9.05,259.04,3.92,281.8,6.75,0.39,3.85
2026-09-12,actual,phuket,katanoi,15,0.7,9.15,259.04,4.08,287.21,7,0.17,3.46
2026-09-12,actual,phuket,katanoi,16,0.71,9.25,259.53,4.49,292.44,7.35,0.03,3.12
2026-09-12,actual,phuket,katanoi,17,0.72,9.32,260.02,4.34,296.63,7.3,0.01,3.18
2026-09-12,actual,phuket,katanoi,18,0.72,9.43,258.82,3.94,301.21,7.15,0.11,3.5
2026-09-12,actual,phuket,kalim,6,0.8,7.23,265.51,2.62,299.97,5.3,0.2,2.4
2026-09-12,actual,phuket,kalim,7,0.77,8.5,257.81,1.75,298.4,4.3,0.43,2.67
2026-09-12,actual,phuket,kalim,8,0.76,8.65,257.81,2.21,290.2,3.8,0.66,2.68
2026-09-12,actual,phuket,kalim,9,0.74,8.85,258.05,2.6,286.03,3.75,0.86,2.67
2026-09-12,actual,phuket,kalim,10,0.73,9.03,258.05,3.14,282.54,4.7,0.97,2.68
2026-09-12,actual,phuket,kalim,11,0.72,9.2,258.04,3.29,283.19,5.35,0.97,2.69
2026-09-12,actual,phuket,kalim,12,0.72,9.4,257.28,3.45,283.35,5.9,0.84,2.74
2026-09-12,actual,phuket,kalim,13,0.71,9.55,257.28,3.54,281.99,6.25,0.63,2.75
2026-09-12,actual,phuket,kalim,14,0.71,9.7,257.77,3.92,285.39,6.8,0.38,2.78
2026-09-12,actual,phuket,kalim,15,0.71,9.85,257.77,4.08,289.39,7.15,0.17,2.82
2026-09-12,actual,phuket,kalim,16,0.72,9.98,258.26,4.05,295.2,6.95,0.03,2.89
2026-09-12,actual,phuket,kalim,17,0.73,10.1,258.76,4.21,300.57,7,0.01,2.95
2026-09-12,actual,phuket,kalim,18,0.73,10.23,257.05,3.66,307.36,6.8,0.12,2.98
2026-09-12,actual,phuket,kamala,6,0.79,7.33,264.26,2.62,298.55,5.3,0.21,4.16
2026-09-12,actual,phuket,kamala,7,0.77,8.6,257.06,1.75,297.39,4.3,0.43,4.74
2026-09-12,actual,phuket,kamala,8,0.76,8.75,257.06,2.21,290.2,3.9,0.67,4.62
2026-09-12,actual,phuket,kamala,9,0.74,8.95,257.3,2.6,287.64,3.7,0.86,4.53
2026-09-12,actual,phuket,kamala,10,0.74,9.13,257.3,3.14,285.39,4.45,0.97,4.4
2026-09-12,actual,phuket,kamala,11,0.72,9.3,257.29,3.29,285.02,5.45,0.97,4.39
2026-09-12,actual,phuket,kamala,12,0.71,9.5,256.54,3.45,284.16,6.1,0.83,4.38
2026-09-12,actual,phuket,kamala,13,0.7,9.65,256.53,3.54,282.59,6.4,0.62,4.38
2026-09-12,actual,phuket,kamala,14,0.71,9.8,257.03,3.86,286.19,6.95,0.38,4.34
2026-09-12,actual,phuket,kamala,15,0.71,9.93,257.02,3.93,290.19,7.25,0.17,4.35
2026-09-12,actual,phuket,kamala,16,0.72,10.05,257.51,3.91,295.8,6.95,0.03,4.42
2026-09-12,actual,phuket,kamala,17,0.73,10.2,258.01,3.98,300.57,7,0.01,4.49
2026-09-12,actual,phuket,kamala,18,0.74,10.33,256.04,3.66,307.96,6.85,0.13,4.67
2026-09-12,actual,phuket,surin,6,0.79,7.33,264.26,2.31,295.2,5.3,0.21,3.66
2026-09-12,actual,phuket,surin,7,0.77,8.6,257.06,1.43,293.53,4.3,0.43,4.12
2026-09-12,actual,phuket,surin,8,0.76,8.75,257.06,1.96,289.6,3.9,0.67,4.14
2026-09-12,actual,phuket,surin,9,0.74,8.95,257.3,2.33,288.05,3.7,0.86,4.13
2026-09-12,actual,phuket,surin,10,0.74,9.13,257.3,2.92,286.23,4.45,0.97,4.2
2026-09-12,actual,phuket,surin,11,0.72,9.3,257.29,3.21,287.26,5.45,0.97,4.17
2026-09-12,actual,phuket,surin,12,0.71,9.5,256.54,3.34,285.36,6.1,0.83,4.19
2026-09-12,actual,phuket,surin,13,0.7,9.65,256.53,3.54,283.19,6.4,0.62,4.2
2026-09-12,actual,phuket,surin,14,0.71,9.8,257.03,3.86,285.99,6.95,0.38,4.31
2026-09-12,actual,phuket,surin,15,0.71,9.93,257.02,3.93,290.19,7.25,0.17,4.36
2026-09-12,actual,phuket,surin,16,0.72,10.05,257.51,3.91,295.8,6.95,0.03,4.3
2026-09-12,actual,phuket,surin,17,0.73,10.2,258.01,3.94,300.37,7,0.01,4.32
2026-09-12,actual,phuket,surin,18,0.74,10.33,256.04,3.66,307.56,6.85,0.13,4.61
2026-09-12,actual,phuket,bangtao,6,0.79,7.45,263.75,2.31,295.2,5.3,0.21,4.38
2026-09-12,actual,phuket,bangtao,7,0.77,8.73,256.56,1.43,293.53,4.3,0.44,5.15
2026-09-12,actual,phuket,bangtao,8,0.76,8.88,256.3,1.96,289.6,3.9,0.67,5.01
2026-09-12,actual,phuket,bangtao,9,0.74,9.07,256.8,2.33,288.05,3.7,0.87,4.93
2026-09-12,actual,phuket,bangtao,10,0.74,9.25,256.54,2.92,286.23,4.45,0.97,4.81
2026-09-12,actual,phuket,bangtao,11,0.72,9.43,256.54,3.21,287.26,5.45,0.97,4.74
2026-09-12,actual,phuket,bangtao,12,0.71,9.63,256.03,3.34,285.36,6.1,0.83,4.75
2026-09-12,actual,phuket,bangtao,13,0.7,9.77,256.03,3.54,283.19,6.4,0.61,4.72
2026-09-12,actual,phuket,bangtao,14,0.71,9.93,256.52,3.86,285.99,6.95,0.37,4.72
2026-09-12,actual,phuket,bangtao,15,0.71,10.07,256.51,3.93,290.19,7.25,0.16,4.77
2026-09-12,actual,phuket,bangtao,16,0.72,10.2,257.01,3.91,295.8,6.95,0.03,4.88
2026-09-12,actual,phuket,bangtao,17,0.73,10.35,257.5,3.94,300.37,7,0.01,4.98
2026-09-12,actual,phuket,bangtao,18,0.74,10.48,255.79,3.66,307.56,6.85,0.13,5.15
2026-09-12,actual,phuket,layan,6,0.79,7.45,263.75,2.31,295.2,5.3,0.21,4.37
2026-09-12,actual,phuket,layan,7,0.77,8.73,256.56,1.43,293.53,4.3,0.44,5.02
2026-09-12,actual,phuket,layan,8,0.76,8.88,256.3,1.96,289.6,3.9,0.67,4.88
2026-09-12,actual,phuket,layan,9,0.74,9.07,256.8,2.33,288.05,3.7,0.87,4.8
2026-09-12,actual,phuket,layan,10,0.74,9.25,256.54,2.92,286.23,4.45,0.97,4.69
2026-09-12,actual,phuket,layan,11,0.72,9.43,256.54,3.21,287.26,5.45,0.97,4.61
2026-09-12,actual,phuket,layan,12,0.71,9.63,256.03,3.34,285.36,6.1,0.83,4.62
2026-09-12,actual,phuket,layan,13,0.7,9.77,256.03,3.54,283.19,6.4,0.61,4.59
2026-09-12,actual,phuket,layan,14,0.71,9.93,256.52,3.86,285.99,6.95,0.37,4.61
2026-09-12,actual,phuket,layan,15,0.71,10.07,256.51,3.93,290.19,7.25,0.16,4.66
2026-09-12,actual,phuket,layan,16,0.72,10.2,257.01,3.91,295.8,6.95,0.03,4.79
2026-09-12,actual,phuket,layan,17,0.73,10.35,257.5,3.94,300.37,7,0.01,4.9
2026-09-12,actual,phuket,layan,18,0.74,10.48,255.79,3.66,307.56,6.85,0.13,5.08
2026-09-12,actual,phuket,naithon,6,0.79,7.45,263.75,2.31,296,5.3,0.21,4.68
2026-09-12,actual,phuket,naithon,7,0.77,8.73,256.56,1.43,295.36,4.3,0.44,5.74
2026-09-12,actual,phuket,naithon,8,0.76,8.88,256.3,1.96,292.6,3.65,0.67,5.58
2026-09-12,actual,phuket,naithon,9,0.74,9.07,256.8,2.33,290.73,3.55,0.87,5.19
2026-09-12,actual,phuket,naithon,10,0.74,9.25,256.54,2.92,288.1,4.2,0.97,4.9
2026-09-12,actual,phuket,naithon,11,0.72,9.43,256.54,3.21,285.86,5.35,0.97,4.84
2026-09-12,actual,phuket,naithon,12,0.71,9.63,256.03,3.34,283.16,5.9,0.83,5.07
2026-09-12,actual,phuket,naithon,13,0.7,9.77,256.03,3.54,282.99,6.25,0.61,5.39
2026-09-12,actual,phuket,naithon,14,0.71,9.93,256.52,3.62,285.99,6.7,0.37,5.3
2026-09-12,actual,phuket,naithon,15,0.71,10.07,256.51,3.42,290.19,6.85,0.16,5.1
2026-09-12,actual,phuket,naithon,16,0.72,10.2,257.01,3.91,296,6.45,0.03,4.82
2026-09-12,actual,phuket,naithon,17,0.73,10.35,257.5,3.85,300.77,6.6,0.01,4.94
2026-09-12,actual,phuket,naithon,18,0.74,10.48,255.79,3.2,309.37,6.45,0.13,5.42
2026-09-12,actual,phuket,naiyang,6,0.77,7.8,262.5,2.31,296,5.3,0.22,3.97
2026-09-12,actual,phuket,naiyang,7,0.75,9.1,256.78,1.43,295.36,4.3,0.45,5.21
2026-09-12,actual,phuket,naiyang,8,0.74,9.3,256.53,1.96,292.6,3.65,0.68,5.49
2026-09-12,actual,phuket,naiyang,9,0.72,9.5,257.02,2.33,290.73,3.55,0.87,5.73
2026-09-12,actual,phuket,naiyang,10,0.72,9.7,256.77,2.92,288.1,4.2,0.98,5.81
2026-09-12,actual,phuket,naiyang,11,0.7,9.9,256.52,3.21,285.86,5.35,0.97,5.72
2026-09-12,actual,phuket,naiyang,12,0.69,10.07,256.26,3.34,283.16,5.9,0.83,5.49
2026-09-12,actual,phuket,naiyang,13,0.68,10.25,256.01,3.54,282.99,6.25,0.61,5.1
2026-09-12,actual,phuket,naiyang,14,0.69,10.43,256.51,3.62,285.99,6.7,0.37,4.8
2026-09-12,actual,phuket,naiyang,15,0.69,10.58,256.5,3.42,290.19,6.85,0.16,4.59
2026-09-12,actual,phuket,naiyang,16,0.71,10.73,256.99,3.91,296,6.45,0.03,4.37
2026-09-12,actual,phuket,naiyang,17,0.71,10.88,257.24,3.85,300.77,6.6,0.01,4.45
2026-09-12,actual,phuket,naiyang,18,0.72,11,256.01,3.2,309.37,6.45,0.13,4.97
2026-09-12,actual,phuket,kl_khukkhak,6,0.69,6.95,258.01,0.86,356.77,2,0.23,5.94
2026-09-12,actual,phuket,kl_khukkhak,7,0.67,9.32,253.01,0.85,47.95,2.75,0.47,7.35
2026-09-12,actual,phuket,kl_khukkhak,8,0.66,9.48,252.76,0.76,284.32,2.55,0.7,7.29
2026-09-12,actual,phuket,kl_khukkhak,9,0.66,9.6,252.51,0.91,279.14,3,0.88,7.05
2026-09-12,actual,phuket,kl_khukkhak,10,0.64,9.78,252.25,1.36,286.29,3.6,0.98,5.98
2026-09-12,actual,phuket,kl_khukkhak,11,0.63,10,252.5,1.93,292.98,4.95,0.96,5.89
2026-09-12,actual,phuket,kl_khukkhak,12,0.62,10.23,252,2.75,296.75,5.5,0.82,5.89
2026-09-12,actual,phuket,kl_khukkhak,13,0.62,10.43,252,3.08,299.89,5.65,0.6,6.23
2026-09-12,actual,phuket,kl_khukkhak,14,0.61,10.58,251.75,3.05,302.93,6.1,0.36,6.05
2026-09-12,actual,phuket,kl_khukkhak,15,0.62,10.68,252,3.26,310.01,5.85,0.16,5.73
2026-09-12,actual,phuket,kl_khukkhak,16,0.62,10.78,251.75,2.97,315.42,5.85,0.02,5.67
2026-09-12,actual,phuket,kl_khukkhak,17,0.63,10.88,251.75,2.39,322.27,5.5,0.02,5.94
2026-09-12,actual,phuket,kl_khukkhak,18,0.62,11,250.75,2.08,337.44,4.2,0.14,6.78
2026-09-12,actual,khaolak,khukkhak,6,0.69,6.95,258.01,0.86,356.77,2,0.23,5.94
2026-09-12,actual,khaolak,khukkhak,7,0.67,9.32,253.01,0.85,47.95,2.75,0.47,7.35
2026-09-12,actual,khaolak,khukkhak,8,0.66,9.48,252.76,0.76,284.32,2.55,0.7,7.29
2026-09-12,actual,khaolak,khukkhak,9,0.66,9.6,252.51,0.91,279.14,3,0.88,7.05
2026-09-12,actual,khaolak,khukkhak,10,0.64,9.78,252.25,1.36,286.29,3.6,0.98,5.98
2026-09-12,actual,khaolak,khukkhak,11,0.63,10,252.5,1.93,292.98,4.95,0.96,5.89
2026-09-12,actual,khaolak,khukkhak,12,0.62,10.23,252,2.75,296.75,5.5,0.82,5.89
2026-09-12,actual,khaolak,khukkhak,13,0.62,10.43,252,3.08,299.89,5.65,0.6,6.23
2026-09-12,actual,khaolak,khukkhak,14,0.61,10.58,251.75,3.05,302.93,6.1,0.36,6.05
2026-09-12,actual,khaolak,khukkhak,15,0.62,10.68,252,3.26,310.01,5.85,0.16,5.73
2026-09-12,actual,khaolak,khukkhak,16,0.62,10.78,251.75,2.97,315.42,5.85,0.02,5.67
2026-09-12,actual,khaolak,khukkhak,17,0.63,10.88,251.75,2.39,322.27,5.5,0.02,5.94
2026-09-12,actual,khaolak,khukkhak,18,0.62,11,250.75,2.08,337.44,4.2,0.14,6.78
2026-09-12,actual,khaolak,pakarang,6,0.69,6.95,258.01,0.86,356.77,2,0.23,3.64
2026-09-12,actual,khaolak,pakarang,7,0.67,9.32,253.01,0.85,47.95,2.75,0.47,4.62
2026-09-12,actual,khaolak,pakarang,8,0.66,9.48,252.76,0.76,284.32,2.55,0.7,4.62
2026-09-12,actual,khaolak,pakarang,9,0.66,9.6,252.51,0.91,279.14,3,0.88,4.68
2026-09-12,actual,khaolak,pakarang,10,0.64,9.78,252.25,1.36,286.29,3.6,0.98,4.62
2026-09-12,actual,khaolak,pakarang,11,0.63,10,252.5,1.93,292.98,4.95,0.96,4.65
2026-09-12,actual,khaolak,pakarang,12,0.62,10.23,252,2.75,296.75,5.5,0.82,4.68
2026-09-12,actual,khaolak,pakarang,13,0.62,10.43,252,3.08,299.89,5.65,0.6,4.76
2026-09-12,actual,khaolak,pakarang,14,0.61,10.58,251.75,3.05,302.93,6.1,0.36,4.75
2026-09-12,actual,khaolak,pakarang,15,0.62,10.68,252,3.26,310.01,5.85,0.16,4.87
2026-09-12,actual,khaolak,pakarang,16,0.62,10.78,251.75,2.97,315.42,5.85,0.02,4.91
2026-09-12,actual,khaolak,pakarang,17,0.63,10.88,251.75,2.39,322.27,5.5,0.02,5.02
2026-09-12,actual,khaolak,pakarang,18,0.62,11,250.75,2.08,337.44,4.2,0.14,5
2026-09-12,actual,khaolak,bangniang,6,0.69,6.95,258.01,0.86,350.7,2.25,0.23,5.65
2026-09-12,actual,khaolak,bangniang,7,0.67,9.32,253.01,0.85,32.12,3.05,0.47,6.69
2026-09-12,actual,khaolak,bangniang,8,0.66,9.48,252.76,0.76,4.91,3,0.7,6.72
2026-09-12,actual,khaolak,bangniang,9,0.66,9.6,252.51,0.91,283.89,3.4,0.88,6.78
2026-09-12,actual,khaolak,bangniang,10,0.64,9.78,252.25,1.36,287.33,3.95,0.98,5.87
2026-09-12,actual,khaolak,bangniang,11,0.63,10,252.5,1.93,293.76,5.2,0.96,5.75
2026-09-12,actual,khaolak,bangniang,12,0.62,10.23,252,2.75,296.75,5.7,0.82,5.53
2026-09-12,actual,khaolak,bangniang,13,0.62,10.43,252,3.08,300.3,5.85,0.6,5.51
2026-09-12,actual,khaolak,bangniang,14,0.61,10.58,251.75,3.05,303.54,6.4,0.36,5.55
2026-09-12,actual,khaolak,bangniang,15,0.62,10.68,252,3.26,311.02,6.15,0.16,5.57
2026-09-12,actual,khaolak,bangniang,16,0.62,10.78,251.75,2.97,315.82,6.25,0.02,5.71
2026-09-12,actual,khaolak,bangniang,17,0.63,10.88,251.75,2.39,324.07,6.05,0.02,5.99
2026-09-12,actual,khaolak,bangniang,18,0.62,11,250.75,2.08,337.65,4.9,0.14,6.63
2026-09-12,actual,khaolak,nangthong,6,0.69,7.25,257,0.86,344.89,2.25,0.23,4.66
2026-09-12,actual,khaolak,nangthong,7,0.67,9.32,252,0.51,7.78,3.05,0.46,6.93
2026-09-12,actual,khaolak,nangthong,8,0.66,9.48,251.75,0.67,338.58,3,0.7,6.87
2026-09-12,actual,khaolak,nangthong,9,0.66,9.6,251.25,0.89,286.42,3.4,0.88,6.63
2026-09-12,actual,khaolak,nangthong,10,0.64,9.78,251,1.17,284.26,3.95,0.98,6.47
2026-09-12,actual,khaolak,nangthong,11,0.63,10,250.99,1.66,286.36,5.2,0.96,5.56
2026-09-12,actual,khaolak,nangthong,12,0.62,10.23,250.49,2.41,290.83,5.7,0.82,5.59
2026-09-12,actual,khaolak,nangthong,13,0.62,10.43,250.24,2.72,294.36,5.85,0.6,5.94
2026-09-12,actual,khaolak,nangthong,14,0.61,10.58,250.24,2.62,297.44,6.4,0.36,5.77
2026-09-12,actual,khaolak,nangthong,15,0.62,10.68,250.24,2.55,304.99,6.15,0.15,5.56
2026-09-12,actual,khaolak,nangthong,16,0.62,10.78,250.24,2.83,309.61,6.25,0.02,5.3
2026-09-12,actual,khaolak,nangthong,17,0.63,10.88,250.24,2.05,317.19,6.05,0.01,5.65
2026-09-12,actual,khaolak,nangthong,18,0.62,11,249.24,1.46,330.76,4.9,0.14,6.47
2026-09-12,actual,khaolak,pakweep,6,0.69,6.95,258.01,0.86,356.77,2,0.23,4.76
2026-09-12,actual,khaolak,pakweep,7,0.67,9.32,253.01,0.85,47.95,2.75,0.47,6.31
2026-09-12,actual,khaolak,pakweep,8,0.66,9.48,252.76,0.76,284.32,2.55,0.7,6.34
2026-09-12,actual,khaolak,pakweep,9,0.66,9.6,252.51,0.91,279.14,3,0.88,6.4
2026-09-12,actual,khaolak,pakweep,10,0.64,9.78,252.25,1.36,286.29,3.6,0.98,5.49
2026-09-12,actual,khaolak,pakweep,11,0.63,10,252.5,1.93,292.98,4.95,0.96,5.37
2026-09-12,actual,khaolak,pakweep,12,0.62,10.23,252,2.75,296.75,5.5,0.82,5.15
2026-09-12,actual,khaolak,pakweep,13,0.62,10.43,252,3.08,299.89,5.65,0.6,5.13
2026-09-12,actual,khaolak,pakweep,14,0.61,10.58,251.75,3.05,302.93,6.1,0.36,5.17
2026-09-12,actual,khaolak,pakweep,15,0.62,10.68,252,3.26,310.01,5.85,0.16,5.19
2026-09-12,actual,khaolak,pakweep,16,0.62,10.78,251.75,2.97,315.42,5.85,0.02,5.33
2026-09-12,actual,khaolak,pakweep,17,0.63,10.88,251.75,2.39,322.27,5.5,0.02,5.62
2026-09-12,actual,khaolak,pakweep,18,0.62,11,250.75,2.08,337.44,4.2,0.14,6.25
2026-09-12,actual,khaolak,bangsak,6,0.66,6.7,260.51,0.78,356.61,2,0.23,4.54
2026-09-12,actual,khaolak,bangsak,7,0.64,9.35,253.03,0.4,76.18,2.75,0.47,6.22
2026-09-12,actual,khaolak,bangsak,8,0.63,9.5,253.02,0.4,248.69,2.55,0.7,6.25
2026-09-12,actual,khaolak,bangsak,9,0.63,9.63,252.51,0.71,269.83,3,0.88,6.31
2026-09-12,actual,khaolak,bangsak,10,0.61,9.8,252.27,1.12,279.62,3.6,0.98,6.31
2026-09-12,actual,khaolak,bangsak,11,0.61,10.03,252.27,1.66,287.39,4.95,0.96,5.4
2026-09-12,actual,khaolak,bangsak,12,0.59,10.25,251.51,2.41,290.83,5.5,0.82,5.16
2026-09-12,actual,khaolak,bangsak,13,0.59,10.45,251.75,2.72,293.74,5.65,0.6,5.15
2026-09-12,actual,khaolak,bangsak,14,0.58,10.6,251.75,2.62,296.41,6.1,0.36,5.21
2026-09-12,actual,khaolak,bangsak,15,0.59,10.7,251.51,2.55,303.4,5.85,0.15,5.32
2026-09-12,actual,khaolak,bangsak,16,0.59,10.83,251.75,2.83,307.36,5.85,0.02,5.29
2026-09-12,actual,khaolak,bangsak,17,0.59,10.95,251.75,1.44,313.35,5.5,0.01,5.83
2026-09-12,actual,khaolak,bangsak,18,0.59,11.08,250.76,1.32,327.33,4.2,0.14,5.91
2026-09-13,actual,phuket,naiharn,6,0.64,11.6,257.75,2,282.76,3.95,0.11,4.34
2026-09-13,actual,phuket,naiharn,7,0.64,11.83,256.25,1.5,275.26,3.8,0.29,4.42
2026-09-13,actual,phuket,naiharn,8,0.64,12.05,255.5,1.6,274.01,2.95,0.51,4.49
2026-09-13,actual,phuket,naiharn,9,0.64,12.25,255.75,1.81,273.4,3,0.73,4.56
2026-09-13,actual,phuket,naiharn,10,0.64,12.5,255,1.88,268.3,3.25,0.89,4.64
2026-09-13,actual,phuket,naiharn,11,0.64,12.77,254.25,1.84,257.8,3.85,0.95,4.74
2026-09-13,actual,phuket,naiharn,12,0.65,13,254,2.21,249.62,4.05,0.89,4.88
2026-09-13,actual,phuket,naiharn,13,0.65,13.23,253.25,2.59,250.59,4.25,0.72,4.96
2026-09-13,actual,phuket,naiharn,14,0.65,13.38,253,2.91,250.93,4.45,0.5,5.01
2026-09-13,actual,phuket,naiharn,15,0.66,13.48,252.5,3.1,254,4.75,0.28,5.12
2026-09-13,actual,phuket,naiharn,16,0.66,13.6,252,2.88,259.95,4.8,0.11,5.16
2026-09-13,actual,phuket,naiharn,17,0.66,13.78,251.5,2.33,267.82,4.4,0.03,5.22
2026-09-13,actual,phuket,naiharn,18,0.67,13.95,251.25,1.73,275.55,3.9,0.08,5.36
2026-09-13,actual,phuket,kata,6,0.64,11.6,255.03,2,282.76,3.95,0.11,6.37
2026-09-13,actual,phuket,kata,7,0.64,11.83,254.28,1.5,275.26,3.8,0.29,6.86
2026-09-13,actual,phuket,kata,8,0.64,12.05,253.52,1.6,274.01,2.95,0.51,7.22
2026-09-13,actual,phuket,kata,9,0.64,12.25,253.77,1.81,273.4,3,0.73,6.96
2026-09-13,actual,phuket,kata,10,0.64,12.5,253.02,1.88,268.3,3.25,0.89,6.71
2026-09-13,actual,phuket,kata,11,0.64,12.77,252.26,1.84,257.8,3.85,0.95,6.67
2026-09-13,actual,phuket,kata,12,0.65,13,252.01,2.21,249.62,4.05,0.89,6.73
2026-09-13,actual,phuket,kata,13,0.65,13.23,251.51,2.59,250.59,4.25,0.72,6.9
2026-09-13,actual,phuket,kata,14,0.65,13.38,251.01,2.91,250.93,4.45,0.5,7.01
2026-09-13,actual,phuket,kata,15,0.66,13.48,250.51,3.1,254,4.75,0.28,6.64
2026-09-13,actual,phuket,kata,16,0.66,13.6,250.25,2.88,259.95,4.8,0.11,6.47
2026-09-13,actual,phuket,kata,17,0.66,13.78,249.75,2.33,267.82,4.4,0.03,6.57
2026-09-13,actual,phuket,kata,18,0.67,13.95,249.5,1.73,275.55,3.9,0.08,6.92
2026-09-13,actual,phuket,patong,6,0.66,11.98,253.52,1.58,288.4,3,0.11,5.29
2026-09-13,actual,phuket,patong,7,0.66,12.23,252.77,1.2,284.01,2.9,0.29,5.39
2026-09-13,actual,phuket,patong,8,0.66,12.48,252.27,1.21,286.01,2.45,0.52,6.56
2026-09-13,actual,phuket,patong,9,0.66,12.68,252.26,1.4,283.67,2.55,0.74,6.28
2026-09-13,actual,phuket,patong,10,0.66,12.9,251.76,1.63,276.25,3.05,0.9,6
2026-09-13,actual,phuket,patong,11,0.66,13.1,251.26,1.84,266.2,3.95,0.95,5.88
2026-09-13,actual,phuket,patong,12,0.67,13.27,250.76,2.33,257.93,4.7,0.89,5.89
2026-09-13,actual,phuket,patong,13,0.67,13.43,250.5,2.59,254.3,5.1,0.72,6.1
2026-09-13,actual,phuket,patong,14,0.67,13.55,250,2.91,253.37,5.1,0.5,6.19
2026-09-13,actual,phuket,patong,15,0.68,13.63,249.5,2.8,258.8,5.15,0.28,5.94
2026-09-13,actual,phuket,patong,16,0.68,13.73,249.25,2.53,267.08,4.9,0.11,5.78
2026-09-13,actual,phuket,patong,17,0.68,13.83,249,2.44,275.07,4.6,0.03,5.71
2026-09-13,actual,phuket,patong,18,0.69,13.98,248.75,1.73,282.65,4.1,0.08,6.11
2026-09-13,actual,phuket,karon,6,0.64,11.68,255.03,2,282.76,3.95,0.11,5.23
2026-09-13,actual,phuket,karon,7,0.64,11.9,254.28,1.5,275.26,3.8,0.29,5.73
2026-09-13,actual,phuket,karon,8,0.64,12.13,253.52,1.6,274.01,2.95,0.52,6.12
2026-09-13,actual,phuket,karon,9,0.64,12.33,253.77,1.81,273.4,3,0.74,6.46
2026-09-13,actual,phuket,karon,10,0.64,12.58,253.02,1.88,268.3,3.25,0.9,6.74
2026-09-13,actual,phuket,karon,11,0.64,12.85,252.26,1.84,257.8,3.85,0.95,6.88
2026-09-13,actual,phuket,karon,12,0.65,13.08,252.01,2.21,249.62,4.05,0.89,6.73
2026-09-13,actual,phuket,karon,13,0.65,13.3,251.51,2.59,250.59,4.25,0.72,6.35
2026-09-13,actual,phuket,karon,14,0.65,13.43,251.01,2.91,250.93,4.45,0.5,5.88
2026-09-13,actual,phuket,karon,15,0.66,13.5,250.51,3.1,254,4.75,0.28,5.49
2026-09-13,actual,phuket,karon,16,0.66,13.63,250.25,2.88,259.95,4.8,0.11,5.3
2026-09-13,actual,phuket,karon,17,0.66,13.8,249.75,2.33,267.82,4.4,0.03,5.39
2026-09-13,actual,phuket,karon,18,0.67,14,249.5,1.73,275.55,3.9,0.08,5.75
2026-09-13,actual,phuket,katanoi,6,0.64,11.6,255.03,2,282.76,3.95,0.11,4.68
2026-09-13,actual,phuket,katanoi,7,0.64,11.83,254.28,1.5,275.26,3.8,0.29,5.16
2026-09-13,actual,phuket,katanoi,8,0.64,12.05,253.52,1.6,274.01,2.95,0.51,5.55
2026-09-13,actual,phuket,katanoi,9,0.64,12.25,253.77,1.81,273.4,3,0.73,5.9
2026-09-13,actual,phuket,katanoi,10,0.64,12.5,253.02,1.88,268.3,3.25,0.89,6.2
2026-09-13,actual,phuket,katanoi,11,0.64,12.77,252.26,1.84,257.8,3.85,0.95,6.37
2026-09-13,actual,phuket,katanoi,12,0.65,13,252.01,2.21,249.62,4.05,0.89,6.23
2026-09-13,actual,phuket,katanoi,13,0.65,13.23,251.51,2.59,250.59,4.25,0.72,5.87
2026-09-13,actual,phuket,katanoi,14,0.65,13.38,251.01,2.91,250.93,4.45,0.5,5.41
2026-09-13,actual,phuket,katanoi,15,0.66,13.48,250.51,3.1,254,4.75,0.28,5.04
2026-09-13,actual,phuket,katanoi,16,0.66,13.6,250.25,2.88,259.95,4.8,0.11,4.85
2026-09-13,actual,phuket,katanoi,17,0.66,13.78,249.75,2.33,267.82,4.4,0.03,4.95
2026-09-13,actual,phuket,katanoi,18,0.67,13.95,249.5,1.73,275.55,3.9,0.08,5.32
2026-09-13,actual,phuket,kalim,6,0.66,11.98,253.52,1.58,288.4,3,0.11,3.14
2026-09-13,actual,phuket,kalim,7,0.66,12.23,252.77,1.2,284.01,2.9,0.29,3.19
2026-09-13,actual,phuket,kalim,8,0.66,12.48,252.27,1.21,286.01,2.45,0.52,3.25
2026-09-13,actual,phuket,kalim,9,0.66,12.68,252.26,1.4,283.67,2.55,0.74,3.3
2026-09-13,actual,phuket,kalim,10,0.66,12.9,251.76,1.63,276.25,3.05,0.9,3.35
2026-09-13,actual,phuket,kalim,11,0.66,13.1,251.26,1.84,266.2,3.95,0.95,3.39
2026-09-13,actual,phuket,kalim,12,0.67,13.27,250.76,2.33,257.93,4.7,0.89,3.48
2026-09-13,actual,phuket,kalim,13,0.67,13.43,250.5,2.59,254.3,5.1,0.72,3.51
2026-09-13,actual,phuket,kalim,14,0.67,13.55,250,2.91,253.37,5.1,0.5,3.54
2026-09-13,actual,phuket,kalim,15,0.68,13.63,249.5,2.8,258.8,5.15,0.28,3.61
2026-09-13,actual,phuket,kalim,16,0.68,13.73,249.25,2.53,267.08,4.9,0.11,3.63
2026-09-13,actual,phuket,kalim,17,0.68,13.83,249,2.44,275.07,4.6,0.03,3.65
2026-09-13,actual,phuket,kalim,18,0.69,13.98,248.75,1.73,282.65,4.1,0.08,3.74
2026-09-13,actual,phuket,kamala,6,0.66,12.08,252.77,1.58,287.59,3,0.12,5.74
2026-09-13,actual,phuket,kamala,7,0.66,12.33,252.02,1.2,281.98,3,0.3,5.91
2026-09-13,actual,phuket,kamala,8,0.66,12.58,251.76,1.21,285.01,2.6,0.53,5.96
2026-09-13,actual,phuket,kamala,9,0.66,12.77,251.51,1.4,283.88,2.8,0.74,5.94
2026-09-13,actual,phuket,kamala,10,0.66,13,251.01,1.63,276.25,3,0.9,5.9
2026-09-13,actual,phuket,kamala,11,0.66,13.2,250.51,1.84,267.65,3.9,0.95,5.86
2026-09-13,actual,phuket,kamala,12,0.67,13.38,250.26,2.33,259.55,4.75,0.88,5.78
2026-09-13,actual,phuket,kamala,13,0.67,13.52,249.75,2.51,255.4,5.1,0.71,5.74
2026-09-13,actual,phuket,kamala,14,0.67,13.65,249.75,2.79,254.63,5.1,0.49,5.67
2026-09-13,actual,phuket,kamala,15,0.69,13.73,249,2.8,259.63,5.15,0.27,5.77
2026-09-13,actual,phuket,kamala,16,0.69,13.83,248.75,2.53,267.5,4.9,0.1,5.88
2026-09-13,actual,phuket,kamala,17,0.69,13.93,248.75,2.44,276.7,4.6,0.03,5.93
2026-09-13,actual,phuket,kamala,18,0.7,14.05,248.5,1.73,284,4.1,0.09,6.25
2026-09-13,actual,phuket,surin,6,0.66,12.08,252.77,1.46,286.81,3,0.12,4.88
2026-09-13,actual,phuket,surin,7,0.66,12.33,252.02,1.2,279.45,3,0.3,4.98
2026-09-13,actual,phuket,surin,8,0.66,12.58,251.76,1.21,284.22,2.6,0.53,5.07
2026-09-13,actual,phuket,surin,9,0.66,12.77,251.51,1.4,285.49,2.8,0.74,5.14
2026-09-13,actual,phuket,surin,10,0.66,13,251.01,1.63,277.63,3,0.9,5.23
2026-09-13,actual,phuket,surin,11,0.66,13.2,250.51,1.84,271.09,3.9,0.95,5.3
2026-09-13,actual,phuket,surin,12,0.67,13.38,250.26,2.33,262.86,4.75,0.88,5.54
2026-09-13,actual,phuket,surin,13,0.67,13.52,249.75,2.51,258.32,5.1,0.71,5.77
2026-09-13,actual,phuket,surin,14,0.67,13.65,249.75,2.79,256.08,5.1,0.49,5.87
2026-09-13,actual,phuket,surin,15,0.69,13.73,249,2.8,260.6,5.15,0.27,5.61
2026-09-13,actual,phuket,surin,16,0.69,13.83,248.75,2.53,268.27,4.9,0.1,5.45
2026-09-13,actual,phuket,surin,17,0.69,13.93,248.75,2.18,276.5,4.6,0.03,5.49
2026-09-13,actual,phuket,surin,18,0.7,14.05,248.5,1.48,282.79,4.1,0.09,5.88
2026-09-13,actual,phuket,bangtao,6,0.66,12.2,252.02,1.46,286.81,3,0.12,6.2
2026-09-13,actual,phuket,bangtao,7,0.66,12.45,251.26,1.2,279.45,3,0.31,6.33
2026-09-13,actual,phuket,bangtao,8,0.66,12.7,251.01,1.21,284.22,2.6,0.53,6.38
2026-09-13,actual,phuket,bangtao,9,0.66,12.9,250.76,1.4,285.49,2.8,0.75,6.35
2026-09-13,actual,phuket,bangtao,10,0.66,13.13,250.26,1.63,277.63,3,0.9,6.31
2026-09-13,actual,phuket,bangtao,11,0.66,13.33,249.76,1.84,271.09,3.9,0.95,6.28
2026-09-13,actual,phuket,bangtao,12,0.67,13.5,249.75,2.33,262.86,4.75,0.88,6.19
2026-09-13,actual,phuket,bangtao,13,0.67,13.65,249.25,2.51,258.32,5.1,0.71,6.15
2026-09-13,actual,phuket,bangtao,14,0.67,13.78,249.25,2.79,256.08,5.1,0.49,6.08
2026-09-13,actual,phuket,bangtao,15,0.69,13.85,248.5,2.8,260.6,5.15,0.27,6.17
2026-09-13,actual,phuket,bangtao,16,0.69,13.93,248.25,2.53,268.27,4.9,0.1,6.28
2026-09-13,actual,phuket,bangtao,17,0.69,14.02,248.5,2.18,276.5,4.6,0.03,6.43
2026-09-13,actual,phuket,bangtao,18,0.7,14.15,248,1.48,282.79,4.1,0.09,6.74
2026-09-13,actual,phuket,layan,6,0.66,12.2,252.02,1.46,286.81,3,0.12,6.15
2026-09-13,actual,phuket,layan,7,0.66,12.45,251.26,1.2,279.45,3,0.31,6.29
2026-09-13,actual,phuket,layan,8,0.66,12.7,251.01,1.21,284.22,2.6,0.53,6.35
2026-09-13,actual,phuket,layan,9,0.66,12.9,250.76,1.4,285.49,2.8,0.75,6.33
2026-09-13,actual,phuket,layan,10,0.66,13.13,250.26,1.63,277.63,3,0.9,6.3
2026-09-13,actual,phuket,layan,11,0.66,13.33,249.76,1.84,271.09,3.9,0.95,6.27
2026-09-13,actual,phuket,layan,12,0.67,13.5,249.75,2.33,262.86,4.75,0.88,6.2
2026-09-13,actual,phuket,layan,13,0.67,13.65,249.25,2.51,258.32,5.1,0.71,6.17
2026-09-13,actual,phuket,layan,14,0.67,13.78,249.25,2.79,256.08,5.1,0.49,6.11
2026-09-13,actual,phuket,layan,15,0.69,13.85,248.5,2.8,260.6,5.15,0.27,6.22
2026-09-13,actual,phuket,layan,16,0.69,13.93,248.25,2.53,268.27,4.9,0.1,6.33
2026-09-13,actual,phuket,layan,17,0.69,14.02,248.5,2.18,276.5,4.6,0.03,6.48
2026-09-13,actual,phuket,layan,18,0.7,14.15,248,1.48,282.79,4.1,0.09,6.81
2026-09-13,actual,phuket,naithon,6,0.66,12.2,252.02,1.46,290.71,3,0.12,6.31
2026-09-13,actual,phuket,naithon,7,0.66,12.45,251.26,1.2,277.39,2.9,0.31,6.74
2026-09-13,actual,phuket,naithon,8,0.66,12.7,251.01,1.21,284.42,2.3,0.53,7.16
2026-09-13,actual,phuket,naithon,9,0.66,12.9,250.76,1.4,284.04,2.55,0.75,6.84
2026-09-13,actual,phuket,naithon,10,0.66,13.13,250.26,1.63,271.69,3.05,0.9,6.56
2026-09-13,actual,phuket,naithon,11,0.66,13.33,249.76,1.84,265.42,3.9,0.95,6.45
2026-09-13,actual,phuket,naithon,12,0.67,13.5,249.75,2.33,259.97,4.6,0.88,6.47
2026-09-13,actual,phuket,naithon,13,0.67,13.65,249.25,2.69,258.54,4.95,0.71,6.65
2026-09-13,actual,phuket,naithon,14,0.67,13.78,249.25,2.94,256.71,5.1,0.49,6.75
2026-09-13,actual,phuket,naithon,15,0.69,13.85,248.5,2.8,261.44,5.15,0.27,6.55
2026-09-13,actual,phuket,naithon,16,0.69,13.93,248.25,2.53,268.69,4.9,0.1,6.4
2026-09-13,actual,phuket,naithon,17,0.69,14.02,248.5,2.18,276.91,4.6,0.03,6.43
2026-09-13,actual,phuket,naithon,18,0.7,14.15,248,1.48,284.78,4.1,0.09,6.83
2026-09-13,actual,phuket,naiyang,6,0.65,12.75,252.01,1.46,290.71,3,0.13,5.76
2026-09-13,actual,phuket,naiyang,7,0.65,13,251.5,1.2,277.39,2.9,0.31,6.22
2026-09-13,actual,phuket,naiyang,8,0.65,13.25,251,1.21,284.42,2.3,0.54,6.67
2026-09-13,actual,phuket,naiyang,9,0.65,13.45,250.75,1.4,284.04,2.55,0.75,7.01
2026-09-13,actual,phuket,naiyang,10,0.65,13.65,250.25,1.63,271.69,3.05,0.9,7.23
2026-09-13,actual,phuket,naiyang,11,0.65,13.83,250,1.84,265.42,3.9,0.95,7.28
2026-09-13,actual,phuket,naiyang,12,0.67,14,249.75,2.33,259.97,4.6,0.88,7.15
2026-09-13,actual,phuket,naiyang,13,0.67,14.13,249.25,2.69,258.54,4.95,0.71,6.76
2026-09-13,actual,phuket,naiyang,14,0.67,14.23,249.25,2.94,256.71,5.1,0.48,6.31
2026-09-13,actual,phuket,naiyang,15,0.69,14.27,248.5,2.8,261.44,5.15,0.27,6.11
2026-09-13,actual,phuket,naiyang,16,0.69,14.35,248.25,2.53,268.69,4.9,0.1,5.94
2026-09-13,actual,phuket,naiyang,17,0.69,14.43,248.25,2.18,276.91,4.6,0.04,5.97
2026-09-13,actual,phuket,naiyang,18,0.7,14.55,248,1.48,284.78,4.1,0.09,6.39
2026-09-13,actual,phuket,kl_khukkhak,6,0.57,12.73,247,0.82,33.6,1.3,0.13,7.62
2026-09-13,actual,phuket,kl_khukkhak,7,0.57,12.95,245.75,0.94,75.19,1.35,0.33,7.96
2026-09-13,actual,phuket,kl_khukkhak,8,0.57,13.15,245,0.95,60.33,1.9,0.57,8.32
2026-09-13,actual,phuket,kl_khukkhak,9,0.57,13.33,245.25,0.61,314.59,2.3,0.77,8.03
2026-09-13,actual,phuket,kl_khukkhak,10,0.57,13.5,244.5,0.99,303.58,2.7,0.91,7.83
2026-09-13,actual,phuket,kl_khukkhak,11,0.56,13.7,244.25,1.51,289.44,3.9,0.96,6.77
2026-09-13,actual,phuket,kl_khukkhak,12,0.57,13.88,243.75,2.09,284.48,4.8,0.88,6.77
2026-09-13,actual,phuket,kl_khukkhak,13,0.57,14.02,243.5,2.64,282.23,5.3,0.71,6.89
2026-09-13,actual,phuket,kl_khukkhak,14,0.58,14.15,243.25,2.77,280.34,6.1,0.47,7.04
2026-09-13,actual,phuket,kl_khukkhak,15,0.6,14.23,243,2.72,278.12,6.2,0.26,6.83
2026-09-13,actual,phuket,kl_khukkhak,16,0.61,14.33,242.75,2.02,301.23,5.95,0.1,6.89
2026-09-13,actual,phuket,kl_khukkhak,17,0.6,14.45,242.25,1.14,304.05,4.85,0.04,7.9
2026-09-13,actual,phuket,kl_khukkhak,18,0.59,14.55,242,0.61,327.81,3.45,0.1,7.96
2026-09-13,actual,khaolak,khukkhak,6,0.57,12.73,247,0.82,33.6,1.3,0.13,7.62
2026-09-13,actual,khaolak,khukkhak,7,0.57,12.95,245.75,0.94,75.19,1.35,0.33,7.96
2026-09-13,actual,khaolak,khukkhak,8,0.57,13.15,245,0.95,60.33,1.9,0.57,8.32
2026-09-13,actual,khaolak,khukkhak,9,0.57,13.33,245.25,0.61,314.59,2.3,0.77,8.03
2026-09-13,actual,khaolak,khukkhak,10,0.57,13.5,244.5,0.99,303.58,2.7,0.91,7.83
2026-09-13,actual,khaolak,khukkhak,11,0.56,13.7,244.25,1.51,289.44,3.9,0.96,6.77
2026-09-13,actual,khaolak,khukkhak,12,0.57,13.88,243.75,2.09,284.48,4.8,0.88,6.77
2026-09-13,actual,khaolak,khukkhak,13,0.57,14.02,243.5,2.64,282.23,5.3,0.71,6.89
2026-09-13,actual,khaolak,khukkhak,14,0.58,14.15,243.25,2.77,280.34,6.1,0.47,7.04
2026-09-13,actual,khaolak,khukkhak,15,0.6,14.23,243,2.72,278.12,6.2,0.26,6.83
2026-09-13,actual,khaolak,khukkhak,16,0.61,14.33,242.75,2.02,301.23,5.95,0.1,6.89
2026-09-13,actual,khaolak,khukkhak,17,0.6,14.45,242.25,1.14,304.05,4.85,0.04,7.9
2026-09-13,actual,khaolak,khukkhak,18,0.59,14.55,242,0.61,327.81,3.45,0.1,7.96
2026-09-13,actual,khaolak,pakarang,6,0.57,12.73,247,0.82,33.6,1.3,0.13,5.3
2026-09-13,actual,khaolak,pakarang,7,0.57,12.95,245.75,0.94,75.19,1.35,0.33,5.38
2026-09-13,actual,khaolak,pakarang,8,0.57,13.15,245,0.95,60.33,1.9,0.57,7.55
2026-09-13,actual,khaolak,pakarang,9,0.57,13.33,245.25,0.61,314.59,2.3,0.77,7.26
2026-09-13,actual,khaolak,pakarang,10,0.57,13.5,244.5,0.99,303.58,2.7,0.91,7.07
2026-09-13,actual,khaolak,pakarang,11,0.56,13.7,244.25,1.51,289.44,3.9,0.96,6.01
2026-09-13,actual,khaolak,pakarang,12,0.57,13.88,243.75,2.09,284.48,4.8,0.88,6
2026-09-13,actual,khaolak,pakarang,13,0.57,14.02,243.5,2.64,282.23,5.3,0.71,6.13
2026-09-13,actual,khaolak,pakarang,14,0.58,14.15,243.25,2.77,280.34,6.1,0.47,6.29
2026-09-13,actual,khaolak,pakarang,15,0.6,14.23,243,2.72,278.12,6.2,0.26,6.08
2026-09-13,actual,khaolak,pakarang,16,0.61,14.33,242.75,2.02,301.23,5.95,0.1,6.14
2026-09-13,actual,khaolak,pakarang,17,0.6,14.45,242.25,1.14,304.05,4.85,0.04,7.15
2026-09-13,actual,khaolak,pakarang,18,0.59,14.55,242,0.61,327.81,3.45,0.1,7.21
2026-09-13,actual,khaolak,bangniang,6,0.57,12.73,247,0.76,30.1,1.3,0.13,7.49
2026-09-13,actual,khaolak,bangniang,7,0.57,12.95,245.75,0.81,75.39,1.4,0.33,7.52
2026-09-13,actual,khaolak,bangniang,8,0.57,13.15,245,0.82,59.93,2,0.57,7.54
2026-09-13,actual,khaolak,bangniang,9,0.57,13.33,245.25,0.72,309.99,2.4,0.77,7.58
2026-09-13,actual,khaolak,bangniang,10,0.57,13.5,244.5,1,299.56,2.95,0.91,7.61
2026-09-13,actual,khaolak,bangniang,11,0.56,13.7,244.25,1.51,286.69,4.1,0.96,6.62
2026-09-13,actual,khaolak,bangniang,12,0.57,13.88,243.75,2.09,282.77,4.85,0.88,6.5
2026-09-13,actual,khaolak,bangniang,13,0.57,14.02,243.5,2.32,280.23,5.25,0.71,6.45
2026-09-13,actual,khaolak,bangniang,14,0.58,14.15,243.25,2.69,278.79,5.85,0.47,6.39
2026-09-13,actual,khaolak,bangniang,15,0.6,14.23,243,2.47,276.72,5.95,0.26,6.58
2026-09-13,actual,khaolak,bangniang,16,0.61,14.33,242.75,2.02,297.88,5.7,0.1,6.81
2026-09-13,actual,khaolak,bangniang,17,0.6,14.45,242.25,1.14,304.05,4.85,0.04,7.92
2026-09-13,actual,khaolak,bangniang,18,0.59,14.55,242,0.71,327.96,3.6,0.1,7.89
2026-09-13,actual,khaolak,nangthong,6,0.57,13.08,246,0.61,25.51,1.3,0.13,7.32
2026-09-13,actual,khaolak,nangthong,7,0.57,13.33,245,0.73,67.7,1.4,0.33,7.68
2026-09-13,actual,khaolak,nangthong,8,0.57,13.55,244.5,0.57,91.97,2,0.56,8.06
2026-09-13,actual,khaolak,nangthong,9,0.57,13.78,244.5,0.61,262.26,2.4,0.77,7.78
2026-09-13,actual,khaolak,nangthong,10,0.57,13.98,244,0.99,276.38,2.95,0.91,7.59
2026-09-13,actual,khaolak,nangthong,11,0.56,14.15,243.75,1.42,267.69,4.1,0.96,6.56
2026-09-13,actual,khaolak,nangthong,12,0.57,14.33,243.25,2,268.52,4.85,0.88,6.56
2026-09-13,actual,khaolak,nangthong,13,0.57,14.45,243,2.16,265.71,5.25,0.7,6.82
2026-09-13,actual,khaolak,nangthong,14,0.58,14.55,242.75,2.2,266.63,5.85,0.47,7
2026-09-13,actual,khaolak,nangthong,15,0.6,14.63,242.75,2.1,271.58,5.95,0.26,6.83
2026-09-13,actual,khaolak,nangthong,16,0.61,14.7,242.5,1.7,287.12,5.7,0.1,6.78
2026-09-13,actual,khaolak,nangthong,17,0.6,14.8,242,1.1,293.28,4.85,0.04,7.68
2026-09-13,actual,khaolak,nangthong,18,0.59,14.9,241.75,0.36,313.81,3.6,0.1,7.74
2026-09-13,actual,khaolak,pakweep,6,0.57,12.73,247,0.82,33.6,1.3,0.13,7.12
2026-09-13,actual,khaolak,pakweep,7,0.57,12.95,245.75,0.94,75.19,1.35,0.33,7.14
2026-09-13,actual,khaolak,pakweep,8,0.57,13.15,245,0.95,60.33,1.9,0.57,7.17
2026-09-13,actual,khaolak,pakweep,9,0.57,13.33,245.25,0.61,314.59,2.3,0.77,7.21
2026-09-13,actual,khaolak,pakweep,10,0.57,13.5,244.5,0.99,303.58,2.7,0.91,7.24
2026-09-13,actual,khaolak,pakweep,11,0.56,13.7,244.25,1.51,289.44,3.9,0.96,6.25
2026-09-13,actual,khaolak,pakweep,12,0.57,13.88,243.75,2.09,284.48,4.8,0.88,6.13
2026-09-13,actual,khaolak,pakweep,13,0.57,14.02,243.5,2.64,282.23,5.3,0.71,5.97
2026-09-13,actual,khaolak,pakweep,14,0.58,14.15,243.25,2.77,280.34,6.1,0.47,6
2026-09-13,actual,khaolak,pakweep,15,0.6,14.23,243,2.72,278.12,6.2,0.26,6.13
2026-09-13,actual,khaolak,pakweep,16,0.61,14.33,242.75,2.02,301.23,5.95,0.1,6.44
2026-09-13,actual,khaolak,pakweep,17,0.6,14.45,242.25,1.14,304.05,4.85,0.04,7.55
2026-09-13,actual,khaolak,pakweep,18,0.59,14.55,242,0.61,327.81,3.45,0.1,7.52
2026-09-13,actual,khaolak,bangsak,6,0.56,12.8,247,0.76,87.42,1.3,0.13,7.1
2026-09-13,actual,khaolak,bangsak,7,0.55,13,245.75,0.73,93.78,1.35,0.33,7.07
2026-09-13,actual,khaolak,bangsak,8,0.55,13.2,245.5,0.57,73.02,1.9,0.57,7.11
2026-09-13,actual,khaolak,bangsak,9,0.55,13.38,245,0.61,288.69,2.3,0.77,7.14
2026-09-13,actual,khaolak,bangsak,10,0.55,13.55,244.5,0.82,294.93,2.7,0.91,7.16
2026-09-13,actual,khaolak,bangsak,11,0.55,13.75,244,1.42,283.54,3.9,0.96,6.26
2026-09-13,actual,khaolak,bangsak,12,0.56,13.93,243.5,2,279.59,4.8,0.89,6.14
2026-09-13,actual,khaolak,bangsak,13,0.56,13.98,243,2.16,277.66,5.3,0.71,6.08
2026-09-13,actual,khaolak,bangsak,14,0.57,13.73,242.75,2.69,275.24,6.1,0.47,5.9
2026-09-13,actual,khaolak,bangsak,15,0.59,13.63,242.5,2.47,272.23,6.2,0.25,6.05
2026-09-13,actual,khaolak,bangsak,16,0.6,13.73,242,1.84,289.55,5.95,0.1,6.33
2026-09-13,actual,khaolak,bangsak,17,0.59,13.88,241.5,1.1,289.48,4.85,0.04,7.39
2026-09-13,actual,khaolak,bangsak,18,0.59,14.13,241,0.4,299.26,3.45,0.1,7.44
2026-09-14,actual,phuket,naiharn,6,0.71,14.18,248.25,2.1,216.9,3.85,0.06,5.82
2026-09-14,actual,phuket,naiharn,7,0.7,13.8,248,1.92,205.9,4.15,0.18,5.96
2026-09-14,actual,phuket,naiharn,8,0.72,13.8,248,2.16,208.51,4.2,0.38,6.25
2026-09-14,actual,phuket,naiharn,9,0.74,13.98,248.25,2.05,212.27,4.4,0.59,6.62
2026-09-14,actual,phuket,naiharn,10,0.76,14.1,248.25,2.31,217.39,4.1,0.76,6.35
2026-09-14,actual,phuket,naiharn,11,0.77,14.15,248.5,2.95,223.77,4.9,0.87,6.01
2026-09-14,actual,phuket,naiharn,12,0.78,14.18,248,3.2,230.38,5.35,0.87,5.96
2026-09-14,actual,phuket,naiharn,13,0.79,14.05,248,3.47,234.74,6.15,0.76,6.05
2026-09-14,actual,phuket,naiharn,14,0.78,13.7,247.5,3.28,238.79,6.3,0.58,6.29
2026-09-14,actual,phuket,naiharn,15,0.76,13.25,247.75,3.11,240.88,6.6,0.37,5.95
2026-09-14,actual,phuket,naiharn,16,0.75,12.9,247.75,3.11,242.21,6.8,0.19,5.56
2026-09-14,actual,phuket,naiharn,17,0.73,12.8,247.75,2.82,243.54,6.85,0.08,5.36
2026-09-14,actual,phuket,naiharn,18,0.72,12.83,248.25,2.53,242.56,6.6,0.08,5.3
2026-09-14,actual,phuket,kata,6,0.71,14.18,246.5,2.1,216.9,3.85,0.06,6.94
2026-09-14,actual,phuket,kata,7,0.7,13.8,246.25,1.92,205.9,4.15,0.18,7.06
2026-09-14,actual,phuket,kata,8,0.72,13.8,246.25,2.16,208.51,4.2,0.38,7.37
2026-09-14,actual,phuket,kata,9,0.74,13.98,246.5,2.05,212.27,4.4,0.59,7.76
2026-09-14,actual,phuket,kata,10,0.76,14.1,246.75,2.31,217.39,4.1,0.76,7.51
2026-09-14,actual,phuket,kata,11,0.77,14.15,246.75,2.95,223.77,4.9,0.87,7.18
2026-09-14,actual,phuket,kata,12,0.78,14.18,246.25,3.2,230.38,5.35,0.87,7.13
2026-09-14,actual,phuket,kata,13,0.79,14.05,245.5,3.47,234.74,6.15,0.76,7.21
2026-09-14,actual,phuket,kata,14,0.78,13.7,245.75,3.28,238.79,6.3,0.58,7.44
2026-09-14,actual,phuket,kata,15,0.76,13.25,246,3.11,240.88,6.6,0.37,7.07
2026-09-14,actual,phuket,kata,16,0.75,12.9,246,3.11,242.21,6.8,0.19,6.66
2026-09-14,actual,phuket,kata,17,0.73,12.8,246,2.82,243.54,6.85,0.08,6.49
2026-09-14,actual,phuket,kata,18,0.72,12.83,246.5,2.53,242.56,6.6,0.08,6.55
2026-09-14,actual,phuket,patong,6,0.72,14.68,246.75,1.58,211.16,3.3,0.07,6.44
2026-09-14,actual,phuket,patong,7,0.7,14.43,246.75,1.5,192.53,3.8,0.19,6.91
2026-09-14,actual,phuket,patong,8,0.72,14.27,246.5,1.7,199.07,4,0.38,7.25
2026-09-14,actual,phuket,patong,9,0.75,14.18,246.25,2.02,209.04,4.4,0.59,7.01
2026-09-14,actual,phuket,patong,10,0.77,14.13,246.25,2.26,216.86,4.55,0.77,6.73
2026-09-14,actual,phuket,patong,11,0.78,14.2,246.25,2.95,223.22,5.4,0.87,6.41
2026-09-14,actual,phuket,patong,12,0.79,14.28,246.25,3.14,230.98,5.75,0.87,6.41
2026-09-14,actual,phuket,patong,13,0.8,14.28,245.5,3.35,235.59,6.75,0.76,6.55
2026-09-14,actual,phuket,patong,14,0.79,14.03,245.75,3.28,239.5,7.25,0.57,6.75
2026-09-14,actual,phuket,patong,15,0.78,13.63,246,3.11,243.14,7.05,0.37,6.4
2026-09-14,actual,phuket,patong,16,0.77,13.33,246,3.11,245.41,6.95,0.19,5.98
2026-09-14,actual,phuket,patong,17,0.75,13.2,246,2.82,248.19,6.5,0.08,5.79
2026-09-14,actual,phuket,patong,18,0.74,13.15,246.25,1.9,250.12,6.1,0.08,6.04
2026-09-14,actual,phuket,karon,6,0.71,14.23,246.5,2.1,216.9,3.85,0.07,5.77
2026-09-14,actual,phuket,karon,7,0.7,13.85,246.25,1.92,205.9,4.15,0.19,5.91
2026-09-14,actual,phuket,karon,8,0.72,13.83,246.25,2.16,208.51,4.2,0.38,6.23
2026-09-14,actual,phuket,karon,9,0.73,14,246.5,2.05,212.27,4.4,0.59,6.71
2026-09-14,actual,phuket,karon,10,0.75,14.13,246.75,2.31,217.39,4.1,0.77,7.04
2026-09-14,actual,phuket,karon,11,0.76,14.23,246.75,2.95,223.77,4.9,0.87,7.05
2026-09-14,actual,phuket,karon,12,0.78,14.25,246.25,3.2,230.38,5.35,0.87,7.05
2026-09-14,actual,phuket,karon,13,0.79,14.18,245.5,3.47,234.74,6.15,0.76,6.78
2026-09-14,actual,phuket,karon,14,0.78,13.83,245.75,3.28,238.79,6.3,0.57,6.42
2026-09-14,actual,phuket,karon,15,0.77,13.33,246,3.11,240.88,6.6,0.37,5.97
2026-09-14,actual,phuket,karon,16,0.76,12.98,246,3.11,242.21,6.8,0.19,5.54
2026-09-14,actual,phuket,karon,17,0.74,12.88,246,2.82,243.54,6.85,0.08,5.36
2026-09-14,actual,phuket,karon,18,0.73,12.88,246.5,2.53,242.56,6.6,0.08,5.43
2026-09-14,actual,phuket,katanoi,6,0.71,14.18,246.5,2.1,216.9,3.85,0.06,5.39
2026-09-14,actual,phuket,katanoi,7,0.7,13.8,246.25,1.92,205.9,4.15,0.18,5.49
2026-09-14,actual,phuket,katanoi,8,0.72,13.8,246.25,2.16,208.51,4.2,0.38,5.84
2026-09-14,actual,phuket,katanoi,9,0.74,13.98,246.5,2.05,212.27,4.4,0.59,6.4
2026-09-14,actual,phuket,katanoi,10,0.76,14.1,246.75,2.31,217.39,4.1,0.76,6.76
2026-09-14,actual,phuket,katanoi,11,0.77,14.15,246.75,2.95,223.77,4.9,0.87,6.78
2026-09-14,actual,phuket,katanoi,12,0.78,14.18,246.25,3.2,230.38,5.35,0.87,6.75
2026-09-14,actual,phuket,katanoi,13,0.79,14.05,245.5,3.47,234.74,6.15,0.76,6.47
2026-09-14,actual,phuket,katanoi,14,0.78,13.7,245.75,3.28,238.79,6.3,0.58,6.08
2026-09-14,actual,phuket,katanoi,15,0.76,13.25,246,3.11,240.88,6.6,0.37,5.56
2026-09-14,actual,phuket,katanoi,16,0.75,12.9,246,3.11,242.21,6.8,0.19,5.1
2026-09-14,actual,phuket,katanoi,17,0.73,12.8,246,2.82,243.54,6.85,0.08,4.89
2026-09-14,actual,phuket,katanoi,18,0.72,12.83,246.5,2.53,242.56,6.6,0.08,4.95
2026-09-14,actual,phuket,kalim,6,0.72,14.68,246.75,1.58,211.16,3.3,0.07,4.06
2026-09-14,actual,phuket,kalim,7,0.7,14.43,246.75,1.5,192.53,3.8,0.19,3.9
2026-09-14,actual,phuket,kalim,8,0.72,14.27,246.5,1.7,199.07,4,0.38,3.96
2026-09-14,actual,phuket,kalim,9,0.75,14.18,246.25,2.02,209.04,4.4,0.59,4.08
2026-09-14,actual,phuket,kalim,10,0.77,14.13,246.25,2.26,216.86,4.55,0.77,4.16
2026-09-14,actual,phuket,kalim,11,0.78,14.2,246.25,2.95,223.22,5.4,0.87,4.23
2026-09-14,actual,phuket,kalim,12,0.79,14.28,246.25,3.14,230.98,5.75,0.87,4.3
2026-09-14,actual,phuket,kalim,13,0.8,14.28,245.5,3.35,235.59,6.75,0.76,4.35
2026-09-14,actual,phuket,kalim,14,0.79,14.03,245.75,3.28,239.5,7.25,0.57,4.24
2026-09-14,actual,phuket,kalim,15,0.78,13.63,246,3.11,243.14,7.05,0.37,4.08
2026-09-14,actual,phuket,kalim,16,0.77,13.33,246,3.11,245.41,6.95,0.19,3.95
2026-09-14,actual,phuket,kalim,17,0.75,13.2,246,2.82,248.19,6.5,0.08,3.83
2026-09-14,actual,phuket,kalim,18,0.74,13.15,246.25,1.9,250.12,6.1,0.08,3.77
2026-09-14,actual,phuket,kamala,6,0.73,14.77,246.25,1.58,211.42,3.3,0.07,6.59
2026-09-14,actual,phuket,kamala,7,0.71,14.53,246.5,1.5,192.53,3.8,0.2,6.88
2026-09-14,actual,phuket,kamala,8,0.73,14.38,246.25,1.7,198.51,4.05,0.39,6.91
2026-09-14,actual,phuket,kamala,9,0.75,14.23,246,2.02,208.02,4.4,0.6,6.39
2026-09-14,actual,phuket,kamala,10,0.77,14.2,245.75,2.26,218.14,5.05,0.77,6.4
2026-09-14,actual,phuket,kamala,11,0.78,14.3,246,2.84,225.38,5.4,0.87,6.28
2026-09-14,actual,phuket,kamala,12,0.79,14.48,245.25,3.14,232.53,5.75,0.86,6.26
2026-09-14,actual,phuket,kamala,13,0.8,14.5,245.25,3.14,236.49,6.75,0.75,6.31
2026-09-14,actual,phuket,kamala,14,0.79,14.25,245.25,3.05,240.86,7.25,0.57,6.23
2026-09-14,actual,phuket,kamala,15,0.78,13.85,245.75,2.91,244.52,7.05,0.36,6.13
2026-09-14,actual,phuket,kamala,16,0.77,13.52,245.75,2.77,247.03,6.95,0.19,6.04
2026-09-14,actual,phuket,kamala,17,0.75,13.38,245.75,2.72,249.6,6.5,0.08,5.93
2026-09-14,actual,phuket,kamala,18,0.74,13.3,246.25,1.9,251.94,5.5,0.08,6.16
2026-09-14,actual,phuket,surin,6,0.73,14.77,246.25,1.39,208.64,3.3,0.07,6.17
2026-09-14,actual,phuket,surin,7,0.71,14.53,246.5,1.5,191.07,3.8,0.2,6.6
2026-09-14,actual,phuket,surin,8,0.73,14.38,246.25,1.7,198.71,4.05,0.39,6.93
2026-09-14,actual,phuket,surin,9,0.75,14.23,246,1.8,207.82,4.4,0.6,6.67
2026-09-14,actual,phuket,surin,10,0.77,14.2,245.75,2.25,217.54,5.05,0.77,6.33
2026-09-14,actual,phuket,surin,11,0.78,14.3,246,2.5,225.18,5.4,0.87,6.17
2026-09-14,actual,phuket,surin,12,0.79,14.48,245.25,2.9,233.37,5.75,0.86,6.12
2026-09-14,actual,phuket,surin,13,0.8,14.5,245.25,3.14,239.06,6.75,0.75,6.26
2026-09-14,actual,phuket,surin,14,0.79,14.25,245.25,3.05,243.46,7.25,0.57,6.47
2026-09-14,actual,phuket,surin,15,0.78,13.85,245.75,2.91,246.91,7.05,0.36,6.11
2026-09-14,actual,phuket,surin,16,0.77,13.52,245.75,2.77,248.98,6.95,0.19,5.75
2026-09-14,actual,phuket,surin,17,0.75,13.38,245.75,2.72,251.09,6.5,0.08,5.47
2026-09-14,actual,phuket,surin,18,0.74,13.3,246.25,1.9,253.02,5.5,0.08,5.7
2026-09-14,actual,phuket,bangtao,6,0.73,14.85,246,1.39,208.64,3.3,0.07,7.44
2026-09-14,actual,phuket,bangtao,7,0.71,14.6,246.25,1.5,191.07,3.8,0.2,7.27
2026-09-14,actual,phuket,bangtao,8,0.72,14.43,246,1.7,198.71,4.05,0.4,7.24
2026-09-14,actual,phuket,bangtao,9,0.75,14.25,245.75,1.8,207.82,4.4,0.6,7.32
2026-09-14,actual,phuket,bangtao,10,0.76,14.2,245.5,2.25,217.54,5.05,0.77,6.72
2026-09-14,actual,phuket,bangtao,11,0.78,14.35,245.75,2.5,225.18,5.4,0.87,6.77
2026-09-14,actual,phuket,bangtao,12,0.78,14.58,245,2.9,233.37,5.75,0.86,6.68
2026-09-14,actual,phuket,bangtao,13,0.8,14.65,245,3.14,239.06,6.75,0.75,6.71
2026-09-14,actual,phuket,bangtao,14,0.79,14.4,245,3.05,243.46,7.25,0.57,6.63
2026-09-14,actual,phuket,bangtao,15,0.78,14,245.5,2.91,246.91,7.05,0.36,6.54
2026-09-14,actual,phuket,bangtao,16,0.77,13.65,245.5,2.77,248.98,6.95,0.18,6.45
2026-09-14,actual,phuket,bangtao,17,0.75,13.5,245.5,2.72,251.09,6.5,0.08,6.34
2026-09-14,actual,phuket,bangtao,18,0.74,13.4,246,1.9,253.02,5.5,0.09,6.56
2026-09-14,actual,phuket,layan,6,0.73,14.85,246,1.39,208.64,3.3,0.07,7.17
2026-09-14,actual,phuket,layan,7,0.71,14.6,246.25,1.5,191.07,3.8,0.2,7.37
2026-09-14,actual,phuket,layan,8,0.72,14.43,246,1.7,198.71,4.05,0.4,7.34
2026-09-14,actual,phuket,layan,9,0.75,14.25,245.75,1.8,207.82,4.4,0.6,6.97
2026-09-14,actual,phuket,layan,10,0.76,14.2,245.5,2.25,217.54,5.05,0.77,6.85
2026-09-14,actual,phuket,layan,11,0.78,14.35,245.75,2.5,225.18,5.4,0.87,6.92
2026-09-14,actual,phuket,layan,12,0.78,14.58,245,2.9,233.37,5.75,0.86,6.84
2026-09-14,actual,phuket,layan,13,0.8,14.65,245,3.14,239.06,6.75,0.75,6.9
2026-09-14,actual,phuket,layan,14,0.79,14.4,245,3.05,243.46,7.25,0.57,6.79
2026-09-14,actual,phuket,layan,15,0.78,14,245.5,2.91,246.91,7.05,0.36,6.67
2026-09-14,actual,phuket,layan,16,0.77,13.65,245.5,2.77,248.98,6.95,0.18,6.56
2026-09-14,actual,phuket,layan,17,0.75,13.5,245.5,2.72,251.09,6.5,0.08,6.42
2026-09-14,actual,phuket,layan,18,0.74,13.4,246,1.9,253.02,5.5,0.09,6.63
2026-09-14,actual,phuket,naithon,6,0.73,14.85,246,1.39,204.23,3.3,0.07,7.54
2026-09-14,actual,phuket,naithon,7,0.71,14.6,246.25,1.5,191.07,3.8,0.2,7.56
2026-09-14,actual,phuket,naithon,8,0.72,14.43,246,1.7,199.28,4,0.4,7.84
2026-09-14,actual,phuket,naithon,9,0.75,14.25,245.75,1.8,207.21,4.45,0.6,7.61
2026-09-14,actual,phuket,naithon,10,0.76,14.2,245.5,2.25,217.54,5.05,0.77,7.22
2026-09-14,actual,phuket,naithon,11,0.78,14.35,245.75,2.45,226.26,5.4,0.87,7.14
2026-09-14,actual,phuket,naithon,12,0.78,14.58,245,2.9,235.35,5.75,0.86,7.05
2026-09-14,actual,phuket,naithon,13,0.8,14.65,245,2.77,241.5,6.75,0.75,7.39
2026-09-14,actual,phuket,naithon,14,0.79,14.4,245,2.64,245.03,7.25,0.57,7.61
2026-09-14,actual,phuket,naithon,15,0.78,14,245.5,2.56,248.28,7.05,0.36,7.2
2026-09-14,actual,phuket,naithon,16,0.77,13.65,245.5,2.5,250.12,6.95,0.18,6.8
2026-09-14,actual,phuket,naithon,17,0.75,13.5,245.5,2.4,251.09,6.5,0.08,6.54
2026-09-14,actual,phuket,naithon,18,0.74,13.4,246,1.9,254.15,6.1,0.09,6.66
2026-09-14,actual,phuket,naiyang,6,0.74,15.1,246.25,1.39,204.23,3.3,0.08,7.17
2026-09-14,actual,phuket,naiyang,7,0.72,14.85,246.25,1.5,191.07,3.8,0.2,7.17
2026-09-14,actual,phuket,naiyang,8,0.73,14.65,246,1.7,199.28,4,0.4,7.47
2026-09-14,actual,phuket,naiyang,9,0.75,14.45,246,1.8,207.21,4.45,0.61,7.39
2026-09-14,actual,phuket,naiyang,10,0.76,14.4,245.75,2.25,217.54,5.05,0.78,7.56
2026-09-14,actual,phuket,naiyang,11,0.78,14.55,245.75,2.45,226.26,5.4,0.87,7.81
2026-09-14,actual,phuket,naiyang,12,0.78,14.78,245.5,2.9,235.35,5.75,0.87,7.71
2026-09-14,actual,phuket,naiyang,13,0.8,14.88,245.5,2.77,241.5,6.75,0.75,7.72
2026-09-14,actual,phuket,naiyang,14,0.79,14.65,245.5,2.64,245.03,7.25,0.56,7.31
2026-09-14,actual,phuket,naiyang,15,0.78,14.25,245.75,2.56,248.28,7.05,0.35,6.8
2026-09-14,actual,phuket,naiyang,16,0.77,13.93,245.75,2.5,250.12,6.95,0.18,6.37
2026-09-14,actual,phuket,naiyang,17,0.75,13.77,245.75,2.4,251.09,6.5,0.09,6.09
2026-09-14,actual,phuket,naiyang,18,0.74,13.7,246,1.9,254.15,6.1,0.09,6.19
2026-09-14,actual,phuket,kl_khukkhak,6,0.6,15.33,239.25,1.13,151.29,2.9,0.09,8.12
2026-09-14,actual,phuket,kl_khukkhak,7,0.58,15,239.25,1.03,146.6,2.9,0.22,8.15
2026-09-14,actual,phuket,kl_khukkhak,8,0.59,14.35,238.5,1.04,158.55,3.25,0.43,8.39
2026-09-14,actual,phuket,kl_khukkhak,9,0.62,14.23,238,1.66,184.61,3.9,0.64,7.98
2026-09-14,actual,phuket,kl_khukkhak,10,0.63,14.2,237.5,1.75,213.3,4.7,0.8,7.28
2026-09-14,actual,phuket,kl_khukkhak,11,0.63,14.23,238,2.4,220.92,5.6,0.88,6.95
2026-09-14,actual,phuket,kl_khukkhak,12,0.62,14.35,237.75,2.78,232.91,5.9,0.87,6.81
2026-09-14,actual,phuket,kl_khukkhak,13,0.61,14.65,238.25,2.95,240.39,5.6,0.76,6.95
2026-09-14,actual,phuket,kl_khukkhak,14,0.6,14.7,238.5,2.44,245.92,5.75,0.56,7.4
2026-09-14,actual,phuket,kl_khukkhak,15,0.6,14.52,238.25,2.25,250.8,5.25,0.35,7.12
2026-09-14,actual,phuket,kl_khukkhak,16,0.58,14.3,238.5,2.1,255.64,4.55,0.18,6.76
2026-09-14,actual,phuket,kl_khukkhak,17,0.57,13.98,238.5,1.61,261.58,3.9,0.09,6.66
2026-09-14,actual,phuket,kl_khukkhak,18,0.56,13.6,239,0.95,251.33,3,0.1,7.57
2026-09-14,actual,khaolak,khukkhak,6,0.6,15.33,239.25,1.13,151.29,2.9,0.09,8.12
2026-09-14,actual,khaolak,khukkhak,7,0.58,15,239.25,1.03,146.6,2.9,0.22,8.15
2026-09-14,actual,khaolak,khukkhak,8,0.59,14.35,238.5,1.04,158.55,3.25,0.43,8.39
2026-09-14,actual,khaolak,khukkhak,9,0.62,14.23,238,1.66,184.61,3.9,0.64,7.98
2026-09-14,actual,khaolak,khukkhak,10,0.63,14.2,237.5,1.75,213.3,4.7,0.8,7.28
2026-09-14,actual,khaolak,khukkhak,11,0.63,14.23,238,2.4,220.92,5.6,0.88,6.95
2026-09-14,actual,khaolak,khukkhak,12,0.62,14.35,237.75,2.78,232.91,5.9,0.87,6.81
2026-09-14,actual,khaolak,khukkhak,13,0.61,14.65,238.25,2.95,240.39,5.6,0.76,6.95
2026-09-14,actual,khaolak,khukkhak,14,0.6,14.7,238.5,2.44,245.92,5.75,0.56,7.4
2026-09-14,actual,khaolak,khukkhak,15,0.6,14.52,238.25,2.25,250.8,5.25,0.35,7.12
2026-09-14,actual,khaolak,khukkhak,16,0.58,14.3,238.5,2.1,255.64,4.55,0.18,6.76
2026-09-14,actual,khaolak,khukkhak,17,0.57,13.98,238.5,1.61,261.58,3.9,0.09,6.66
2026-09-14,actual,khaolak,khukkhak,18,0.56,13.6,239,0.95,251.33,3,0.1,7.57
2026-09-14,actual,khaolak,pakarang,6,0.6,15.33,239.25,1.13,151.29,2.9,0.09,7.37
2026-09-14,actual,khaolak,pakarang,7,0.58,15,239.25,1.03,146.6,2.9,0.22,7.4
2026-09-14,actual,khaolak,pakarang,8,0.59,14.35,238.5,1.04,158.55,3.25,0.43,7.64
2026-09-14,actual,khaolak,pakarang,9,0.62,14.23,238,1.66,184.61,3.9,0.64,7.23
2026-09-14,actual,khaolak,pakarang,10,0.63,14.2,237.5,1.75,213.3,4.7,0.8,6.54
2026-09-14,actual,khaolak,pakarang,11,0.63,14.23,238,2.4,220.92,5.6,0.88,6.2
2026-09-14,actual,khaolak,pakarang,12,0.62,14.35,237.75,2.78,232.91,5.9,0.87,6.06
2026-09-14,actual,khaolak,pakarang,13,0.61,14.65,238.25,2.95,240.39,5.6,0.76,6.2
2026-09-14,actual,khaolak,pakarang,14,0.6,14.7,238.5,2.44,245.92,5.75,0.56,6.65
2026-09-14,actual,khaolak,pakarang,15,0.6,14.52,238.25,2.25,250.8,5.25,0.35,6.37
2026-09-14,actual,khaolak,pakarang,16,0.58,14.3,238.5,2.1,255.64,4.55,0.18,6
2026-09-14,actual,khaolak,pakarang,17,0.57,13.98,238.5,1.61,261.58,3.9,0.09,5.9
2026-09-14,actual,khaolak,pakarang,18,0.56,13.6,239,0.95,251.33,3,0.1,6.8
2026-09-14,actual,khaolak,bangniang,6,0.6,15.33,239.25,1.13,149.64,3,0.09,8.06
2026-09-14,actual,khaolak,bangniang,7,0.58,15,239.25,1.08,145.59,3.15,0.22,7.88
2026-09-14,actual,khaolak,bangniang,8,0.59,14.35,238.5,1.17,157.9,3.8,0.43,7.78
2026-09-14,actual,khaolak,bangniang,9,0.62,14.23,238,1.66,183.56,4.85,0.64,7.33
2026-09-14,actual,khaolak,bangniang,10,0.63,14.2,237.5,1.84,211.39,5.5,0.8,6.86
2026-09-14,actual,khaolak,bangniang,11,0.63,14.23,238,2.3,218.55,5.85,0.88,6.71
2026-09-14,actual,khaolak,bangniang,12,0.62,14.35,237.75,2.55,231.43,5.9,0.87,6.6
2026-09-14,actual,khaolak,bangniang,13,0.61,14.65,238.25,2.55,238.68,5.6,0.76,6.62
2026-09-14,actual,khaolak,bangniang,14,0.6,14.7,238.5,2.38,244.43,5.75,0.56,6.64
2026-09-14,actual,khaolak,bangniang,15,0.6,14.52,238.25,2.25,249.3,5.25,0.35,6.64
2026-09-14,actual,khaolak,bangniang,16,0.58,14.3,238.5,2.1,254.31,4.55,0.18,6.55
2026-09-14,actual,khaolak,bangniang,17,0.57,13.98,238.5,1.61,261.12,3.9,0.09,6.6
2026-09-14,actual,khaolak,bangniang,18,0.56,13.6,239,0.95,250.03,3,0.1,7.49
2026-09-14,actual,khaolak,nangthong,6,0.6,15.45,239.5,1.08,126.32,3,0.09,7.87
2026-09-14,actual,khaolak,nangthong,7,0.58,15.13,239.5,0.57,134.56,3.15,0.22,7.88
2026-09-14,actual,khaolak,nangthong,8,0.59,14.5,238.75,0.91,159.09,3.8,0.42,8.11
2026-09-14,actual,khaolak,nangthong,9,0.62,14.4,238.25,1.3,184.83,4.85,0.63,7.81
2026-09-14,actual,khaolak,nangthong,10,0.63,14.4,237.75,1.71,211,5.5,0.8,7.07
2026-09-14,actual,khaolak,nangthong,11,0.63,14.43,238.25,1.96,220.94,5.85,0.88,6.86
2026-09-14,actual,khaolak,nangthong,12,0.62,14.5,238,2.2,230.79,5.9,0.87,6.76
2026-09-14,actual,khaolak,nangthong,13,0.62,14.8,238.5,2.51,237.02,5.6,0.76,6.91
2026-09-14,actual,khaolak,nangthong,14,0.61,14.83,238.75,2.33,243.09,5.75,0.56,7.24
2026-09-14,actual,khaolak,nangthong,15,0.61,14.65,238.5,1.9,248.03,5.25,0.35,7.04
2026-09-14,actual,khaolak,nangthong,16,0.6,14.43,238.75,1.36,254.12,4.55,0.18,6.84
2026-09-14,actual,khaolak,nangthong,17,0.59,14.13,238.75,1.03,262.48,3.9,0.09,7.48
2026-09-14,actual,khaolak,nangthong,18,0.58,13.8,239,0.67,252.99,3,0.09,7.37
2026-09-14,actual,khaolak,pakweep,6,0.6,15.33,239.25,1.13,151.29,2.9,0.09,7.7
2026-09-14,actual,khaolak,pakweep,7,0.58,15,239.25,1.03,146.6,2.9,0.22,7.51
2026-09-14,actual,khaolak,pakweep,8,0.59,14.35,238.5,1.04,158.55,3.25,0.43,7.42
2026-09-14,actual,khaolak,pakweep,9,0.62,14.23,238,1.66,184.61,3.9,0.64,6.96
2026-09-14,actual,khaolak,pakweep,10,0.63,14.2,237.5,1.75,213.3,4.7,0.8,6.52
2026-09-14,actual,khaolak,pakweep,11,0.63,14.23,238,2.4,220.92,5.6,0.88,6.31
2026-09-14,actual,khaolak,pakweep,12,0.62,14.35,237.75,2.78,232.91,5.9,0.87,6.15
2026-09-14,actual,khaolak,pakweep,13,0.61,14.65,238.25,2.95,240.39,5.6,0.76,6.12
2026-09-14,actual,khaolak,pakweep,14,0.6,14.7,238.5,2.44,245.92,5.75,0.56,6.25
2026-09-14,actual,khaolak,pakweep,15,0.6,14.52,238.25,2.25,250.8,5.25,0.35,6.28
2026-09-14,actual,khaolak,pakweep,16,0.58,14.3,238.5,2.1,255.64,4.55,0.18,6.18
2026-09-14,actual,khaolak,pakweep,17,0.57,13.98,238.5,1.61,261.58,3.9,0.09,6.23
2026-09-14,actual,khaolak,pakweep,18,0.56,13.6,239,0.95,251.33,3,0.1,7.11
2026-09-14,actual,khaolak,bangsak,6,0.59,15.05,237.25,1.08,134.3,2.9,0.09,7.58
2026-09-14,actual,khaolak,bangsak,7,0.58,14.73,237.5,0.78,134.83,2.9,0.22,7.46
2026-09-14,actual,khaolak,bangsak,8,0.59,14.13,236.75,0.8,144.26,3.25,0.43,7.37
2026-09-14,actual,khaolak,bangsak,9,0.61,14,236.5,1.1,203.11,3.9,0.64,7.44
2026-09-14,actual,khaolak,bangsak,10,0.62,13.95,235.75,1.61,227.52,4.7,0.8,6.46
2026-09-14,actual,khaolak,bangsak,11,0.62,14,236.25,1.96,232.51,5.6,0.89,6.36
2026-09-14,actual,khaolak,bangsak,12,0.62,14.15,235.75,2.12,242.14,5.9,0.87,6.33
2026-09-14,actual,khaolak,bangsak,13,0.6,14.4,236.25,2.37,248.95,5.6,0.76,6.2
2026-09-14,actual,khaolak,bangsak,14,0.59,14.45,236.5,2.38,253.36,5.75,0.56,6.16
2026-09-14,actual,khaolak,bangsak,15,0.59,14.3,236.5,1.8,258.16,5.25,0.35,6.33
2026-09-14,actual,khaolak,bangsak,16,0.57,14.08,236.75,1.36,263.03,4.55,0.18,6.33
2026-09-14,actual,khaolak,bangsak,17,0.56,13.73,236.75,1.03,271.19,3.9,0.09,7.12
2026-09-14,actual,khaolak,bangsak,18,0.55,13.38,237.25,0.71,273.56,3,0.1,7.01
2026-09-15,forecast,phuket,naiharn,6,0.76,9.32,248.75,2.16,250.21,5.95,0,4.16
2026-09-15,forecast,phuket,naiharn,7,0.77,9.13,248.75,2.11,257.03,5.8,0.07,4.13
2026-09-15,forecast,phuket,naiharn,8,0.77,8.98,248.75,2.2,261.09,5.25,0.25,4.07
2026-09-15,forecast,phuket,naiharn,9,0.78,8.88,248,2.4,263.81,4.7,0.47,4.07
2026-09-15,forecast,phuket,naiharn,10,0.78,8.78,248,2.51,260.55,4.8,0.68,4.03
2026-09-15,forecast,phuket,naiharn,11,0.79,8.68,248,2.94,258.3,5.45,0.83,4.04
2026-09-15,forecast,phuket,naiharn,12,0.79,7.95,247.25,3.4,258.17,5.8,0.88,3.73
2026-09-15,forecast,phuket,naiharn,13,0.8,7.85,246.75,4.11,264.37,6.25,0.82,3.73
2026-09-15,forecast,phuket,naiharn,14,0.8,7.75,246.5,4.04,266.99,6.6,0.66,3.69
2026-09-15,forecast,phuket,naiharn,15,0.8,7.68,246.75,4.21,270.8,6.65,0.45,3.66
2026-09-15,forecast,phuket,naiharn,16,0.8,7.6,247.25,4.39,277.18,6.7,0.24,3.63
2026-09-15,forecast,phuket,naiharn,17,0.8,7.53,247.75,4.22,281.95,6.9,0.08,3.59
2026-09-15,forecast,phuket,naiharn,18,0.78,7.5,248.75,4.07,285.61,6.6,0.04,3.5
2026-09-15,forecast,phuket,kata,6,0.76,9.32,247.25,2.16,250.21,5.95,0,5.36
2026-09-15,forecast,phuket,kata,7,0.77,9.13,246.75,2.11,257.03,5.8,0.07,5.41
2026-09-15,forecast,phuket,kata,8,0.77,8.98,246.75,2.2,261.09,5.25,0.25,5.59
2026-09-15,forecast,phuket,kata,9,0.78,8.88,246.25,2.4,263.81,4.7,0.47,5.85
2026-09-15,forecast,phuket,kata,10,0.78,8.78,246.5,2.51,260.55,4.8,0.68,5.69
2026-09-15,forecast,phuket,kata,11,0.81,8.68,246.5,2.94,258.3,5.45,0.83,5.33
2026-09-15,forecast,phuket,kata,12,0.84,7.95,245,3.4,258.17,5.8,0.88,4.78
2026-09-15,forecast,phuket,kata,13,0.87,7.85,244.76,4.11,264.37,6.25,0.82,4.65
2026-09-15,forecast,phuket,kata,14,0.88,7.75,244.51,4.04,266.99,6.6,0.66,4.89
2026-09-15,forecast,phuket,kata,15,0.88,7.68,244.51,4.21,270.8,6.65,0.45,4.81
2026-09-15,forecast,phuket,kata,16,0.88,7.6,245.01,4.39,277.18,6.7,0.24,4.38
2026-09-15,forecast,phuket,kata,17,0.87,7.53,245.75,4.22,281.95,6.9,0.08,4.14
2026-09-15,forecast,phuket,kata,18,0.85,7.5,247,4.07,285.61,6.6,0.04,4.08
2026-09-15,forecast,phuket,patong,6,0.74,10.03,246.5,2.16,245.65,5.2,0,4.82
2026-09-15,forecast,phuket,patong,7,0.75,9.82,246,2.11,251.8,4.8,0.07,4.89
2026-09-15,forecast,phuket,patong,8,0.75,9.65,246,2.2,253.69,4.6,0.25,4.88
2026-09-15,forecast,phuket,patong,9,0.75,9.48,246,2.16,252.78,4.65,0.48,4.8
2026-09-15,forecast,phuket,patong,10,0.75,9.35,246.25,2.16,247.4,4.95,0.69,4.74
2026-09-15,forecast,phuket,patong,11,0.79,9.23,246.25,2.82,251.11,5.6,0.84,4.8
2026-09-15,forecast,phuket,patong,12,0.82,8.82,244.75,3.01,255.61,6.1,0.88,4.53
2026-09-15,forecast,phuket,patong,13,0.85,8.68,244.5,3.75,263.26,6.55,0.82,4.34
2026-09-15,forecast,phuket,patong,14,0.86,8.55,244.01,3.83,266.35,6.75,0.66,4.53
2026-09-15,forecast,phuket,patong,15,0.86,8.43,244.26,3.89,270.47,6.7,0.44,4.48
2026-09-15,forecast,phuket,patong,16,0.86,8.32,244.51,3.87,276.49,6.7,0.23,4.12
2026-09-15,forecast,phuket,patong,17,0.85,8.25,245.25,3.51,281.78,6.55,0.09,3.99
2026-09-15,forecast,phuket,patong,18,0.84,8.18,245.75,3.37,286.12,6.15,0.04,3.94
2026-09-15,forecast,phuket,karon,6,0.75,9.48,247.25,2.16,250.21,5.95,0,4.23
2026-09-15,forecast,phuket,karon,7,0.76,9.28,246.75,2.11,257.03,5.8,0.07,4.3
2026-09-15,forecast,phuket,karon,8,0.76,9.1,246.75,2.2,261.09,5.25,0.25,4.48
2026-09-15,forecast,phuket,karon,9,0.77,8.98,246.25,2.4,263.81,4.7,0.48,4.76
2026-09-15,forecast,phuket,karon,10,0.77,8.88,246.5,2.51,260.55,4.8,0.69,5.04
2026-09-15,forecast,phuket,karon,11,0.81,8.77,246.5,2.94,258.3,5.45,0.84,5.19
2026-09-15,forecast,phuket,karon,12,0.84,7.95,245,3.4,258.17,5.8,0.88,4.75
2026-09-15,forecast,phuket,karon,13,0.87,7.85,244.76,4.11,264.37,6.25,0.82,4.42
2026-09-15,forecast,phuket,karon,14,0.88,7.75,244.51,4.04,266.99,6.6,0.66,4.14
2026-09-15,forecast,phuket,karon,15,0.88,7.68,244.51,4.21,270.8,6.65,0.44,3.67
2026-09-15,forecast,phuket,karon,16,0.88,7.6,245.01,4.39,277.18,6.7,0.23,3.22
2026-09-15,forecast,phuket,karon,17,0.87,7.53,245.75,4.22,281.95,6.9,0.09,2.98
2026-09-15,forecast,phuket,karon,18,0.85,7.5,247,4.07,285.61,6.6,0.04,2.92
2026-09-15,forecast,phuket,katanoi,6,0.76,9.32,247.25,2.16,250.21,5.95,0,3.73
2026-09-15,forecast,phuket,katanoi,7,0.77,9.13,246.75,2.11,257.03,5.8,0.07,3.8
2026-09-15,forecast,phuket,katanoi,8,0.77,8.98,246.75,2.2,261.09,5.25,0.25,4.02
2026-09-15,forecast,phuket,katanoi,9,0.78,8.88,246.25,2.4,263.81,4.7,0.47,4.31
2026-09-15,forecast,phuket,katanoi,10,0.78,8.78,246.5,2.51,260.55,4.8,0.68,4.6
2026-09-15,forecast,phuket,katanoi,11,0.81,8.68,246.5,2.94,258.3,5.45,0.83,4.7
2026-09-15,forecast,phuket,katanoi,12,0.84,7.95,245,3.4,258.17,5.8,0.88,4.38
2026-09-15,forecast,phuket,katanoi,13,0.87,7.85,244.76,4.11,264.37,6.25,0.82,4.02
2026-09-15,forecast,phuket,katanoi,14,0.88,7.75,244.51,4.04,266.99,6.6,0.66,3.74
2026-09-15,forecast,phuket,katanoi,15,0.88,7.68,244.51,4.21,270.8,6.65,0.45,3.29
2026-09-15,forecast,phuket,katanoi,16,0.88,7.6,245.01,4.39,277.18,6.7,0.24,2.86
2026-09-15,forecast,phuket,katanoi,17,0.87,7.53,245.75,4.22,281.95,6.9,0.08,2.64
2026-09-15,forecast,phuket,katanoi,18,0.85,7.5,247,4.07,285.61,6.6,0.04,2.61
2026-09-15,forecast,phuket,kalim,6,0.74,10.03,246.5,2.16,245.65,5.2,0,2.97
2026-09-15,forecast,phuket,kalim,7,0.75,9.82,246,2.11,251.8,4.8,0.07,2.95
2026-09-15,forecast,phuket,kalim,8,0.75,9.65,246,2.2,253.69,4.6,0.25,2.91
2026-09-15,forecast,phuket,kalim,9,0.75,9.48,246,2.16,252.78,4.65,0.48,2.86
2026-09-15,forecast,phuket,kalim,10,0.75,9.35,246.25,2.16,247.4,4.95,0.69,2.83
2026-09-15,forecast,phuket,kalim,11,0.79,9.23,246.25,2.82,251.11,5.6,0.84,2.92
2026-09-15,forecast,phuket,kalim,12,0.82,8.82,244.75,3.01,255.61,6.1,0.88,2.9
2026-09-15,forecast,phuket,kalim,13,0.85,8.68,244.5,3.75,263.26,6.55,0.82,2.95
2026-09-15,forecast,phuket,kalim,14,0.86,8.55,244.01,3.83,266.35,6.75,0.66,2.95
2026-09-15,forecast,phuket,kalim,15,0.86,8.43,244.26,3.89,270.47,6.7,0.44,2.91
2026-09-15,forecast,phuket,kalim,16,0.86,8.32,244.51,3.87,276.49,6.7,0.23,2.88
2026-09-15,forecast,phuket,kalim,17,0.85,8.25,245.25,3.51,281.78,6.55,0.09,2.83
2026-09-15,forecast,phuket,kalim,18,0.84,8.18,245.75,3.37,286.12,6.15,0.04,2.78
2026-09-15,forecast,phuket,kamala,6,0.74,10.25,246,2.06,244.61,5.15,0,5.01
2026-09-15,forecast,phuket,kamala,7,0.75,10.05,245.5,2.11,251.18,4.9,0.07,4.92
2026-09-15,forecast,phuket,kamala,8,0.75,9.88,245.5,2.11,253.06,4.7,0.26,4.83
2026-09-15,forecast,phuket,kamala,9,0.75,9.68,245.75,2.16,252.57,4.55,0.48,4.73
2026-09-15,forecast,phuket,kamala,10,0.75,9.52,246,2.16,248.26,5,0.7,4.69
2026-09-15,forecast,phuket,kamala,11,0.78,9.4,246,2.82,252.39,5.55,0.83,4.45
2026-09-15,forecast,phuket,kamala,12,0.81,9.28,246,3.08,257.38,6.1,0.88,4.39
2026-09-15,forecast,phuket,kamala,13,0.84,8.68,245,3.75,265.09,6.35,0.81,3.92
2026-09-15,forecast,phuket,kamala,14,0.86,8.55,244.75,3.83,267.98,6.75,0.65,3.88
2026-09-15,forecast,phuket,kamala,15,0.87,8.43,244.01,3.89,271.71,6.85,0.43,3.81
2026-09-15,forecast,phuket,kamala,16,0.87,8.32,244.01,3.87,276.84,6.85,0.22,3.78
2026-09-15,forecast,phuket,kamala,17,0.86,8.25,244.75,3.49,281.78,6.75,0.08,3.89
2026-09-15,forecast,phuket,kamala,18,0.86,8.18,245,3.31,285.95,6.35,0.03,3.93
2026-09-15,forecast,phuket,surin,6,0.74,10.25,246,2.06,239.19,5.15,0,4.67
2026-09-15,forecast,phuket,surin,7,0.75,10.05,245.5,2.11,244.1,4.9,0.07,4.64
2026-09-15,forecast,phuket,surin,8,0.75,9.88,245.5,2.11,244.23,4.7,0.26,4.57
2026-09-15,forecast,phuket,surin,9,0.75,9.68,245.75,2.16,247.39,4.55,0.48,4.48
2026-09-15,forecast,phuket,surin,10,0.75,9.52,246,2.16,246.31,5,0.7,4.42
2026-09-15,forecast,phuket,surin,11,0.78,9.4,246,2.25,252.82,5.55,0.83,4.52
2026-09-15,forecast,phuket,surin,12,0.81,9.28,246,2.86,258.68,6.1,0.88,4.6
2026-09-15,forecast,phuket,surin,13,0.84,8.68,245,3.59,266.69,6.35,0.81,4.27
2026-09-15,forecast,phuket,surin,14,0.86,8.55,244.75,3.83,269.05,6.75,0.65,4.42
2026-09-15,forecast,phuket,surin,15,0.87,8.43,244.01,3.78,272.59,6.85,0.43,4.36
2026-09-15,forecast,phuket,surin,16,0.87,8.32,244.01,3.71,276.67,6.85,0.22,4.02
2026-09-15,forecast,phuket,surin,17,0.86,8.25,244.75,3.46,280.56,6.75,0.08,3.86
2026-09-15,forecast,phuket,surin,18,0.86,8.18,245,3.31,283.51,6.35,0.03,3.81
2026-09-15,forecast,phuket,bangtao,6,0.73,10.43,246,2.06,239.19,5.15,0,5.48
2026-09-15,forecast,phuket,bangtao,7,0.73,10.23,245.5,2.11,244.1,4.9,0.08,5.35
2026-09-15,forecast,phuket,bangtao,8,0.74,10.03,245.5,2.11,244.23,4.7,0.26,5.29
2026-09-15,forecast,phuket,bangtao,9,0.73,9.82,245.5,2.16,247.39,4.55,0.49,5.14
2026-09-15,forecast,phuket,bangtao,10,0.75,9.65,245.75,2.16,246.31,5,0.7,5.12
2026-09-15,forecast,phuket,bangtao,11,0.78,9.5,245.75,2.25,252.82,5.55,0.84,5.11
2026-09-15,forecast,phuket,bangtao,12,0.81,9.4,245.75,2.86,258.68,6.1,0.88,4.94
2026-09-15,forecast,phuket,bangtao,13,0.84,8.68,244.75,3.59,266.69,6.35,0.81,4.38
2026-09-15,forecast,phuket,bangtao,14,0.86,8.55,244.5,3.83,269.05,6.75,0.65,4.29
2026-09-15,forecast,phuket,bangtao,15,0.87,8.43,243.76,3.78,272.59,6.85,0.43,4.25
2026-09-15,forecast,phuket,bangtao,16,0.87,8.32,243.76,3.71,276.67,6.85,0.22,4.22
2026-09-15,forecast,phuket,bangtao,17,0.86,8.25,244.5,3.46,280.56,6.75,0.07,4.25
2026-09-15,forecast,phuket,bangtao,18,0.86,8.18,245,3.31,283.51,6.35,0.03,4.27
2026-09-15,forecast,phuket,layan,6,0.73,10.43,246,2.06,239.19,5.15,0,5.4
2026-09-15,forecast,phuket,layan,7,0.73,10.23,245.5,2.11,244.1,4.9,0.08,5.27
2026-09-15,forecast,phuket,layan,8,0.74,10.03,245.5,2.11,244.23,4.7,0.26,5.2
2026-09-15,forecast,phuket,layan,9,0.73,9.82,245.5,2.16,247.39,4.55,0.49,5.03
2026-09-15,forecast,phuket,layan,10,0.75,9.65,245.75,2.16,246.31,5,0.7,5.02
2026-09-15,forecast,phuket,layan,11,0.78,9.5,245.75,2.25,252.82,5.55,0.84,5.02
2026-09-15,forecast,phuket,layan,12,0.81,9.4,245.75,2.86,258.68,6.1,0.88,4.86
2026-09-15,forecast,phuket,layan,13,0.84,8.68,244.75,3.59,266.69,6.35,0.81,4.29
2026-09-15,forecast,phuket,layan,14,0.86,8.55,244.5,3.83,269.05,6.75,0.65,4.2
2026-09-15,forecast,phuket,layan,15,0.87,8.43,243.76,3.78,272.59,6.85,0.43,4.16
2026-09-15,forecast,phuket,layan,16,0.87,8.32,243.76,3.71,276.67,6.85,0.22,4.12
2026-09-15,forecast,phuket,layan,17,0.86,8.25,244.5,3.46,280.56,6.75,0.07,4.14
2026-09-15,forecast,phuket,layan,18,0.86,8.18,245,3.31,283.51,6.35,0.03,4.16
2026-09-15,forecast,phuket,naithon,6,0.73,10.43,246,2.06,239.4,5.65,0,5.38
2026-09-15,forecast,phuket,naithon,7,0.73,10.23,245.5,2.11,243.9,4.45,0.08,5.38
2026-09-15,forecast,phuket,naithon,8,0.74,10.03,245.5,2.11,242.99,4.5,0.26,5.61
2026-09-15,forecast,phuket,naithon,9,0.73,9.82,245.5,2.16,244.89,4.7,0.49,5.82
2026-09-15,forecast,phuket,naithon,10,0.75,9.65,245.75,2.16,244.6,5.1,0.7,5.66
2026-09-15,forecast,phuket,naithon,11,0.78,9.5,245.75,2.25,251.1,5.6,0.84,5.43
2026-09-15,forecast,phuket,naithon,12,0.81,9.4,245.75,2.86,258.46,5.95,0.88,5.19
2026-09-15,forecast,phuket,naithon,13,0.84,8.68,244.75,3.59,266.14,6.55,0.81,4.74
2026-09-15,forecast,phuket,naithon,14,0.86,8.55,244.5,3.83,269.05,6.85,0.65,4.91
2026-09-15,forecast,phuket,naithon,15,0.87,8.43,243.76,3.78,272.77,6.85,0.43,4.84
2026-09-15,forecast,phuket,naithon,16,0.87,8.32,243.76,3.71,275.96,6.85,0.22,4.47
2026-09-15,forecast,phuket,naithon,17,0.86,8.25,244.5,3.35,279.52,6.6,0.07,4.31
2026-09-15,forecast,phuket,naithon,18,0.86,8.18,245,3.14,282.46,5.85,0.03,4.28
2026-09-15,forecast,phuket,naiyang,6,0.72,10.7,246,2.06,239.4,5.65,0,4.81
2026-09-15,forecast,phuket,naiyang,7,0.72,10.53,245.5,2.11,243.9,4.45,0.08,4.82
2026-09-15,forecast,phuket,naiyang,8,0.72,10.35,245.5,2.11,242.99,4.5,0.27,5.05
2026-09-15,forecast,phuket,naiyang,9,0.72,10.15,246,2.16,244.89,4.7,0.5,5.32
2026-09-15,forecast,phuket,naiyang,10,0.73,10,246,2.16,244.6,5.1,0.71,5.63
2026-09-15,forecast,phuket,naiyang,11,0.75,9.85,246,2.25,251.1,5.6,0.84,5.83
2026-09-15,forecast,phuket,naiyang,12,0.78,9.73,245.75,2.86,258.46,5.95,0.88,5.73
2026-09-15,forecast,phuket,naiyang,13,0.81,9.63,245.75,3.59,266.14,6.55,0.81,5.42
2026-09-15,forecast,phuket,naiyang,14,0.83,8.55,244,3.83,269.05,6.85,0.65,4.48
2026-09-15,forecast,phuket,naiyang,15,0.85,8.43,243.26,3.78,272.77,6.85,0.42,4.1
2026-09-15,forecast,phuket,naiyang,16,0.85,8.32,243.26,3.71,275.96,6.85,0.21,3.71
2026-09-15,forecast,phuket,naiyang,17,0.85,8.25,243.76,3.35,279.52,6.6,0.07,3.56
2026-09-15,forecast,phuket,naiyang,18,0.84,8.18,244,3.14,282.46,5.85,0.03,3.49
2026-09-15,forecast,phuket,kl_khukkhak,6,0.55,10.95,238.5,2.16,199.05,5.95,0,6.03
2026-09-15,forecast,phuket,kl_khukkhak,7,0.6,10.63,237.75,1.43,197.5,5.1,0.08,6.32
2026-09-15,forecast,phuket,kl_khukkhak,8,0.61,10.4,237.75,1.61,199.96,4.6,0.28,6.53
2026-09-15,forecast,phuket,kl_khukkhak,9,0.62,10.25,238,2.06,210.18,4.4,0.52,6.29
2026-09-15,forecast,phuket,kl_khukkhak,10,0.63,10.13,238.25,2.25,213.19,4.65,0.73,5.97
2026-09-15,forecast,phuket,kl_khukkhak,11,0.64,10.03,238.25,2.22,224.44,5.35,0.86,5.77
2026-09-15,forecast,phuket,kl_khukkhak,12,0.63,10,238.75,2.56,240.36,5.95,0.89,5.56
2026-09-15,forecast,phuket,kl_khukkhak,13,0.63,9.95,238.75,3.16,254.39,6.05,0.82,5.44
2026-09-15,forecast,phuket,kl_khukkhak,14,0.63,9.88,238.75,3.15,258.1,6.05,0.65,5.68
2026-09-15,forecast,phuket,kl_khukkhak,15,0.65,9.77,238.5,2.9,258.35,6.05,0.41,5.72
2026-09-15,forecast,phuket,kl_khukkhak,16,0.66,9.7,238.5,2.83,258.35,6,0.2,5.4
2026-09-15,forecast,phuket,kl_khukkhak,17,0.67,9.6,238.5,2.65,259.72,5.65,0.06,5.23
2026-09-15,forecast,phuket,kl_khukkhak,18,0.68,9.5,238.75,2.42,263.65,5,0.02,5.24
2026-09-15,forecast,khaolak,khukkhak,6,0.55,10.95,238.5,2.16,199.05,5.95,0,6.03
2026-09-15,forecast,khaolak,khukkhak,7,0.6,10.63,237.75,1.43,197.5,5.1,0.08,6.32
2026-09-15,forecast,khaolak,khukkhak,8,0.61,10.4,237.75,1.61,199.96,4.6,0.28,6.53
2026-09-15,forecast,khaolak,khukkhak,9,0.62,10.25,238,2.06,210.18,4.4,0.52,6.29
2026-09-15,forecast,khaolak,khukkhak,10,0.63,10.13,238.25,2.25,213.19,4.65,0.73,5.97
2026-09-15,forecast,khaolak,khukkhak,11,0.64,10.03,238.25,2.22,224.44,5.35,0.86,5.77
2026-09-15,forecast,khaolak,khukkhak,12,0.63,10,238.75,2.56,240.36,5.95,0.89,5.56
2026-09-15,forecast,khaolak,khukkhak,13,0.63,9.95,238.75,2.75,250.76,6.05,0.82,5.59
2026-09-15,forecast,khaolak,khukkhak,14,0.63,9.88,238.75,2.94,254.57,6.05,0.65,5.75
2026-09-15,forecast,khaolak,khukkhak,15,0.65,9.77,238.5,2.9,256.21,6.05,0.41,5.72
2026-09-15,forecast,khaolak,khukkhak,16,0.66,9.7,238.5,2.83,256.5,6,0.2,5.4
2026-09-15,forecast,khaolak,khukkhak,17,0.67,9.6,238.5,2.65,258.8,5.65,0.06,5.23
2026-09-15,forecast,khaolak,khukkhak,18,0.68,9.5,238.75,2.42,261.95,5,0.02,5.24
2026-09-15,forecast,khaolak,pakarang,6,0.55,10.95,238.5,2.16,199.05,5.95,0,4.47
2026-09-15,forecast,khaolak,pakarang,7,0.6,10.63,237.75,1.43,197.5,5.1,0.08,4.7
2026-09-15,forecast,khaolak,pakarang,8,0.61,10.4,237.75,1.61,199.96,4.6,0.28,4.68
2026-09-15,forecast,khaolak,pakarang,9,0.62,10.25,238,2.06,210.18,4.4,0.52,4.69
2026-09-15,forecast,khaolak,pakarang,10,0.63,10.13,238.25,2.25,213.19,4.65,0.73,4.71
2026-09-15,forecast,khaolak,pakarang,11,0.64,10.03,238.25,2.22,224.44,5.35,0.86,4.73
2026-09-15,forecast,khaolak,pakarang,12,0.63,10,238.75,2.56,240.36,5.95,0.89,4.65
2026-09-15,forecast,khaolak,pakarang,13,0.63,9.95,238.75,2.75,250.76,6.05,0.82,4.63
2026-09-15,forecast,khaolak,pakarang,14,0.63,9.88,238.75,2.94,254.57,6.05,0.65,4.6
2026-09-15,forecast,khaolak,pakarang,15,0.65,9.77,238.5,2.9,256.21,6.05,0.41,4.69
2026-09-15,forecast,khaolak,pakarang,16,0.66,9.7,238.5,2.83,256.5,6,0.2,4.72
2026-09-15,forecast,khaolak,pakarang,17,0.67,9.6,238.5,2.65,258.8,5.65,0.06,4.72
2026-09-15,forecast,khaolak,pakarang,18,0.68,9.5,238.75,2.42,261.95,5,0.02,4.73
2026-09-15,forecast,khaolak,bangniang,6,0.55,10.95,238.5,2.16,200.39,5.95,0,5.57
2026-09-15,forecast,khaolak,bangniang,7,0.6,10.63,237.75,1.53,199.04,5.75,0.08,6.25
2026-09-15,forecast,khaolak,bangniang,8,0.61,10.4,237.75,1.72,201.23,4.6,0.28,5.69
2026-09-15,forecast,khaolak,bangniang,9,0.62,10.25,238,1.91,210.58,5.3,0.52,5.59
2026-09-15,forecast,khaolak,bangniang,10,0.63,10.13,238.25,2.14,214.37,4.95,0.73,5.5
2026-09-15,forecast,khaolak,bangniang,11,0.64,10.03,238.25,2.22,225.63,5.6,0.86,5.46
2026-09-15,forecast,khaolak,bangniang,12,0.63,10,238.75,2.56,240.57,5.95,0.89,5.3
2026-09-15,forecast,khaolak,bangniang,13,0.63,9.95,238.75,2.66,250.22,6.05,0.82,5.24
2026-09-15,forecast,khaolak,bangniang,14,0.63,9.88,238.75,2.83,254.03,6.05,0.65,5.15
2026-09-15,forecast,khaolak,bangniang,15,0.65,9.77,238.5,2.9,256.03,6.05,0.41,5.14
2026-09-15,forecast,khaolak,bangniang,16,0.66,9.7,238.5,2.83,257.03,6,0.2,5.16
2026-09-15,forecast,khaolak,bangniang,17,0.67,9.6,238.5,2.56,259.86,5.65,0.06,5.25
2026-09-15,forecast,khaolak,bangniang,18,0.68,9.5,238.75,2.42,263.2,5,0.02,5.28
2026-09-15,forecast,khaolak,nangthong,6,0.56,10.95,238.75,1.7,196.33,5.95,0,5.75
2026-09-15,forecast,khaolak,nangthong,7,0.6,10.63,238,1.17,191.49,5.75,0.09,6.47
2026-09-15,forecast,khaolak,nangthong,8,0.61,10.4,238,1.28,199.34,4.6,0.28,5.81
2026-09-15,forecast,khaolak,nangthong,9,0.62,10.25,238.25,1.49,213.45,5.3,0.52,6.09
2026-09-15,forecast,khaolak,nangthong,10,0.63,10.13,238.5,1.66,217.18,4.95,0.73,5.79
2026-09-15,forecast,khaolak,nangthong,11,0.64,10.03,238.5,1.92,228.6,5.6,0.85,5.49
2026-09-15,forecast,khaolak,nangthong,12,0.63,10,239,2.25,242.52,5.95,0.89,5.27
2026-09-15,forecast,khaolak,nangthong,13,0.63,9.95,239,2.58,251.55,6.05,0.82,5.25
2026-09-15,forecast,khaolak,nangthong,14,0.63,9.88,239,2.7,254.51,6.05,0.65,5.44
2026-09-15,forecast,khaolak,nangthong,15,0.65,9.77,238.75,2.63,257.16,6.05,0.41,5.43
2026-09-15,forecast,khaolak,nangthong,16,0.66,9.7,238.75,2.34,259.46,6,0.2,5.19
2026-09-15,forecast,khaolak,nangthong,17,0.67,9.6,238.75,1.94,261.67,5.65,0.06,5.09
2026-09-15,forecast,khaolak,nangthong,18,0.68,9.5,239,1.56,267.98,5,0.03,5.16
2026-09-15,forecast,khaolak,pakweep,6,0.55,10.95,238.5,2.16,199.05,5.95,0,5.73
2026-09-15,forecast,khaolak,pakweep,7,0.6,10.63,237.75,1.43,197.5,5.1,0.08,5.88
2026-09-15,forecast,khaolak,pakweep,8,0.61,10.4,237.75,1.61,199.96,4.6,0.28,5.79
2026-09-15,forecast,khaolak,pakweep,9,0.62,10.25,238,2.06,210.18,4.4,0.52,5.16
2026-09-15,forecast,khaolak,pakweep,10,0.63,10.13,238.25,2.25,213.19,4.65,0.73,5.08
2026-09-15,forecast,khaolak,pakweep,11,0.64,10.03,238.25,2.22,224.44,5.35,0.86,5.08
2026-09-15,forecast,khaolak,pakweep,12,0.63,10,238.75,2.56,240.36,5.95,0.89,4.92
2026-09-15,forecast,khaolak,pakweep,13,0.63,9.95,238.75,2.75,250.76,6.05,0.82,4.83
2026-09-15,forecast,khaolak,pakweep,14,0.63,9.88,238.75,2.94,254.57,6.05,0.65,4.73
2026-09-15,forecast,khaolak,pakweep,15,0.65,9.77,238.5,2.9,256.21,6.05,0.41,4.76
2026-09-15,forecast,khaolak,pakweep,16,0.66,9.7,238.5,2.83,256.5,6,0.2,4.78
2026-09-15,forecast,khaolak,pakweep,17,0.67,9.6,238.5,2.65,258.8,5.65,0.06,4.83
2026-09-15,forecast,khaolak,pakweep,18,0.68,9.5,238.75,2.42,261.95,5,0.02,4.9
2026-09-15,forecast,khaolak,bangsak,6,0.55,11,236,1.62,188.52,5.95,0,5.8
2026-09-15,forecast,khaolak,bangsak,7,0.59,10.65,235.5,1.17,187.21,5.1,0.09,6.36
2026-09-15,forecast,khaolak,bangsak,8,0.6,10.38,235.5,1.28,193.67,4.6,0.28,5.76
2026-09-15,forecast,khaolak,bangsak,9,0.61,10.18,235.75,1.49,224.11,4.4,0.52,5.25
2026-09-15,forecast,khaolak,bangsak,10,0.61,10,235.75,1.75,224.84,4.65,0.73,5.08
2026-09-15,forecast,khaolak,bangsak,11,0.61,9.9,236,1.92,233.39,5.35,0.86,4.97
2026-09-15,forecast,khaolak,bangsak,12,0.6,9.88,236.5,2.25,248.36,5.95,0.89,4.82
2026-09-15,forecast,khaolak,bangsak,13,0.6,9.82,236.75,2.62,256.34,6.05,0.82,4.67
2026-09-15,forecast,khaolak,bangsak,14,0.61,9.75,236.75,2.83,259.4,6.05,0.65,4.6
2026-09-15,forecast,khaolak,bangsak,15,0.62,9.7,237,2.82,260.63,6.05,0.41,4.62
2026-09-15,forecast,khaolak,bangsak,16,0.63,9.63,237,2.53,261.7,6,0.2,4.72
2026-09-15,forecast,khaolak,bangsak,17,0.63,9.53,237,2.06,265.16,5.65,0.06,4.84
2026-09-15,forecast,khaolak,bangsak,18,0.65,9.45,237.75,1.63,269.84,5,0.02,5.03
